ACN,source,matched_searches,Date,Aircraft_fields,Component_fields,Person_fields,Events_fields,Assessments_fields,Narrative,Synopsis,review_flag
2000321,mechanic.pdf (ASRS Maintenance Report Set),report_set:maintenance,,Reference : X |  Aircraft Operator : Air Carrier |  Make Model Name : B777-200 |  Crew Size.Number Of Crew : 2 |  Operating Under FAR Part : Part 121 |  Flight Plan : IFR |  Mission : Passenger |  Flight Phase : Parked |  Maintenance Status.Maintenance Deferred : Y |  Maintenance Status.Records Complete : N |  Maintenance Status.Released For Service : Y |  Maintenance Status.Required / Correct Doc On Board : N |  Maintenance Status.Maintenance Type : Unscheduled Maintenance |  Maintenance Status.Maintenance Items Involved : Testing |  Maintenance Status.Maintenance Items Involved : Inspection |  | Component : 1 |  Aircraft Component : AC Generator/Alternator |  Aircraft Reference : X |  Problem : Malfunctioning |  | Component : 2 |  Aircraft Component : Minimum Equipment List (MEL) |  Aircraft Reference : X |  Problem : Improperly Operated |  | Component : 3 |  Aircraft Component : Aircraft Logbook(s) |  Aircraft Reference : X |  Problem : Improperly Operated,,Location Of Person : Hangar / Base |  Reporter Organization : Air Carrier |  Function.Maintenance : Technician |  Qualification.Maintenance : Airframe |  Qualification.Maintenance : Powerplant |  ASRS Report Number.Accession Number : 2000321 |  Human Factors : Communication Breakdown |  Human Factors : Situational Awareness |  Human Factors : Troubleshooting |  Human Factors : Human-Machine Interface |  Communication Breakdown.Party1 : Maintenance |  Communication Breakdown.Party2 : Flight Crew,Anomaly.Aircraft Equipment Problem : Critical |  Anomaly.Deviation / Discrepancy - Procedural : MEL / CDL |  Anomaly.Deviation / Discrepancy - Procedural : Maintenance |  Anomaly.Deviation / Discrepancy - Procedural : Published Material / Policy |  Anomaly.Deviation / Discrepancy - Procedural : FAR |  Detector.Automation : Aircraft Other Automation |  Detector.Person : Maintenance |  When Detected : Aircraft In Service At Gate |  When Detected : In-flight |  Result.General : Flight Cancelled / Delayed |  Result.General : Maintenance Action,Contributing Factors / Situations : Aircraft |  Contributing Factors / Situations : Human Factors |  Contributing Factors / Situations : Procedure |  Primary Problem : Human Factors,Aircraft X was in ZZZ and had a fault on the Integrated drive generator and an ELEC GEN OFF EICAS Advisory message. The techs applied MEL 24-XX-X. There is concern with the T/S.,Technician reported concerns over trouble shooting and the correct application of an MEL while working in a B777-200.,
2005229,mechanic.pdf (ASRS Maintenance Report Set),report_set:maintenance,,Reference : X |  Aircraft Operator : Air Carrier |  Make Model Name : B747-400 |  Crew Size.Number Of Crew : 2 |  Operating Under FAR Part : Part 121 |  Flight Plan : IFR |  Mission : Cargo / Freight / Delivery |  Flight Phase : Parked |  Maintenance Status.Maintenance Deferred : Y |  Maintenance Status.Records Complete : Y |  Maintenance Status.Released For Service : Y |  Maintenance Status.Required / Correct Doc On Board : Y |  Maintenance Status.Maintenance Type : Scheduled Maintenance |  Maintenance Status.Maintenance Items Involved : Repair |  Maintenance Status.Maintenance Items Involved : Inspection |  | Component : 1 |  Aircraft Component : Drinkable/Waste Water Syst |  Aircraft Reference : X |  Problem : Malfunctioning |  Problem : Improperly Operated |  | Component : 2 |  Aircraft Component : Minimum Equipment List (MEL) |  Aircraft Reference : X |  Problem : Improperly Operated |  | Component : 3 |  Aircraft Component : Aircraft Logbook(s) |  Aircraft Reference : X |  Problem : Improperly Operated,,Location Of Person : Hangar / Base |  Reporter Organization : Air Carrier |  Function.Maintenance : Technician |  Qualification.Maintenance : Airframe |  Qualification.Maintenance : Powerplant |  Experience.Maintenance.Lead Technician : 10 |  Experience.Maintenance.Technician : 10 |  ASRS Report Number.Accession Number : 2005229 |  Human Factors : Communication Breakdown |  Human Factors : Troubleshooting |  Communication Breakdown.Party1 : Maintenance |  Communication Breakdown.Party2 : Other,Anomaly.Aircraft Equipment Problem : Critical |  Anomaly.Deviation / Discrepancy - Procedural : Maintenance |  Anomaly.Deviation / Discrepancy - Procedural : Published Material / Policy |  Anomaly.Deviation / Discrepancy - Procedural : MEL / CDL |  Detector.Person : Other Person |  Detector.Person : Flight Crew |  Were Passengers Involved In Event : N |  When Detected : Pre-flight |  When Detected : Aircraft In Service At Gate |  When Detected : Routine Inspection |  Result.General : Flight Cancelled / Delayed,Contributing Factors / Situations : Aircraft |  Contributing Factors / Situations : Human Factors |  Contributing Factors / Situations : Procedure |  Primary Problem : Procedure,"Aircraft X arrived in ZZZ1 for a fuel and tech stop upon post and pre-flight inspection Maintenance tech found water pouring out of the CAC door area the Maintenance tech contacted Maintenance control and advised them of the finding. They were informed to deferred maintenance instruction and deactivate the water system and keep the plane moving to next stop, after which the aircraft was going to ZZZ for Maintenance and will be addressed. The aircraft arrived in ZZZ on Date 1 and the Maintenance Manager of ZZZ told ZZZ staff to not get into anything and keep the plane green and they just wrote off the leak as not found. When asked if they worked it, he threatened myself saying he would never put his team on the spot again, and is releasing the aircraft into service with a known leak into a compartment that has computers and Inertial Reference Units (IRU). Company has very poor to no accountability and zero concerns from FAA as they always seem to get out of any investigation here is the email First off understand the following: That Plane was never supposed to come here. They had no place to park in ZZZ2 and asked if we can make room for it at the very last minute. We were told to not work anything since everything was planned for another station but, we elected to. The plan was to keep the plane Green so that we didn't risk starting something that could potentially AOG the plane. Don't you ever put my team on the spot like that ever again. I understand they didn't find a leak but this is what's causing the brake problems. The computers are soaked in flight the system gets serviced and with the APU running its pouring water. And if they did do any looking the cooling duct for the brake computer would be obvious it's laying in the water under the rack.","Maintenance Manager reported non compliance with MEL procedure and incorrect maintenance practices led to water leaking into the Lower avionics compartment, causing system failures on a B747 aircraft.",
2008352,mechanic.pdf (ASRS Maintenance Report Set),report_set:maintenance,,Reference : X |  Aircraft Operator : Air Carrier |  Make Model Name : B737 MAX 8 |  Operating Under FAR Part : Part 121 |  Mission : Passenger |  Flight Phase : Parked |  Maintenance Status.Maintenance Type : Unscheduled Maintenance,Aircraft Component : Turbine Engine Thrust Reverser |  Aircraft Reference : X |  Problem : Malfunctioning,Location Of Person : Gate / Ramp / Line |  Reporter Organization : Contracted Service |  Function.Maintenance : Technician |  Qualification.Maintenance : Powerplant |  Qualification.Maintenance : Airframe |  ASRS Report Number.Accession Number : 2008352 |  Human Factors : Training / Qualification |  Human Factors : Time Pressure |  Human Factors : Distraction Location Of Person : Gate / Ramp / Line |  Reporter Organization : Contracted Service |  Function.Maintenance : Technician |  Qualification.Maintenance : Powerplant |  Qualification.Maintenance : Airframe |  ASRS Report Number.Accession Number : 2008353 |  Human Factors : Time Pressure |  Human Factors : Distraction |  Human Factors : Training / Qualification,Anomaly.Aircraft Equipment Problem : Critical |  Anomaly.Deviation / Discrepancy - Procedural : Maintenance |  Anomaly.Deviation / Discrepancy - Procedural : Published Material / Policy |  Anomaly.Deviation / Discrepancy - Procedural : MEL / CDL |  Anomaly.Deviation / Discrepancy - Procedural : FAR |  Detector.Person : Maintenance |  When Detected.Other |  Result.General : None Reported / Taken,Contributing Factors / Situations : Aircraft |  Contributing Factors / Situations : Company Policy |  Contributing Factors / Situations : Human Factors |  Contributing Factors / Situations : Staffing |  Primary Problem : Human Factors,"I was given a gate call tonight on a MAX 8 for a maintenance light. I am a probationary mechanic with helicopter experience and King Air experience. I have no 737 or big jet experience, none the less I went out with confidence in my abilities of reading the manuals and the few months of experience on the aircraft. AMT 2 another probationary mechanic with 4 months of experience on the aircraft came to help me out to the best of his abilities, He also has only 4 months of 737 experience. We arrived at the aircraft and I have personally never worked with the Multi-Functional Display (MFD) but tried to work my way through it. We found that there was a #2 thrust reverser fault. We were first going to troubleshoot the TR (Thrust Reverser) by cycling it and running a bite test. Unfortunately before we got to that we directed by the lead mechanic to defer the #2 TR. So we started looking into the deferral procedure for the #2 TR in which me and AMT 2 have never performed before. We started with adding the inboard TR lock to the #2 ENG then came back up the ramp to read more into the deferral procedure. We had the gate personnel hassling us on how long it will take along with the flight attendant who was very impatient with us. We then added safety wire to the #2 TR to restrict forward movement and then I got on the phone with maintenance control to verify all the procedures were done properly. We then downgraded the aircraft to CAT 1 status and proceeded to fill out the paperwork along with the aircraft log book paperwork. At this point we were approached by the gate attendant who asked ""how much longer"". We proceeded to say we are just doing paperwork and will let you know but then the pilot said ""well if you guys are just doing paperwork we can start boarding so by the time you are done the aircraft would be boarded"". We finished the paperwork and added the correct placarding and sent the aircraft on its way fully confidant for the safety of the passengers and crew. It wasn't till later in the shift that AMT 2 informed me that we never locked out the outboard TR with the lockout bolt. We immediately went to supervision to notify them of the situation. I contribute this to a lack of training on the aircraft. I have never deferred a thrust reverser in my career in aviation and felt thrown to the wolves. We were pressured by the flight crew and the gate personnel. We believed that we performed everything correctly but found a missed step in our deferral. Narrative: 2 A fellow coworker received a gate call for a Max 8 for a maintenance light. I decided to go with him and assist on the call. We both are on probation and have four months of 737 experience under our belts. After arriving at the aircraft, we notice there was a fault for the #2 Thrust Reversers. We decided to troubleshoot the T/R (Thrust Reverser) but was soon directed by our lead mechanic to defer the T/R. Neither one of us has encountered this problem before, so we started to look up the procedure for the deferral. First, we started the task by locking out the inboard TR. Next, we went back up to the jetway to continue reading the task. While reading and trying to figure out what to do next we were bombarded by flight attendants' and gate agent's impatiently asking questions on what is wrong, how much longer, why is it taking so long. Trying to handle the situation accordingly and professionally we continued with safety wiring the #2 TR handle to the stowed position. While my Fellow coworker was on the phone with Maintenance Control I was filling out the logbook and trying to see how to downgrade the aircraft to a CAT 1 status. During this process, we were still being asked questions about boarding and how long it would take. Our response was we will let them know. We are working as fast as the matter allows us. Then, the pilot told the gate agent that if they are doing the paperwork they can start boarding now. Thinking that we performed the job correctly we released the plane back to the crew. It wasn't until later when I read the task again to get a better understanding without feeling pressured, rushed or without proper guidance I recall that we did not pin the outboard T/R sleeve. I brought it to my coworker's attention, and we immediately notified our supervisors of our mistake.",Maintenance Technicians reported missing a procedural step when deferring a thrust reverser while the aircraft was at the gate prior to departure.,
2008358,mechanic.pdf (ASRS Maintenance Report Set),report_set:maintenance,,Reference : X |  Aircraft Operator : Air Carrier |  Make Model Name : A300 |  Operating Under FAR Part : Part 121 |  Mission : Cargo / Freight / Delivery |  Flight Phase : Parked |  Maintenance Status.Maintenance Type : Unscheduled Maintenance |  Maintenance Status.Maintenance Items Involved : Inspection,,Location Of Person.Aircraft : X |  Location In Aircraft : Flight Deck |  Reporter Organization : Air Carrier |  Function.Maintenance : Technician |  ASRS Report Number.Accession Number : 2008358 |  Human Factors : Situational Awareness |  Human Factors : Training / Qualification,Anomaly.Deviation / Discrepancy - Procedural : Maintenance |  Anomaly.Deviation / Discrepancy - Procedural : Published Material / Policy |  Detector.Person : Maintenance |  Result.General : Maintenance Action,Contributing Factors / Situations : Human Factors |  Primary Problem : Human Factors,"While helping preform a job card ( Aileron Servo Controls), I was in the cockpit when I noticed what appeared to be broken snap wire on the guarded switch to the agent discharge for the cargo compartment fire extinguisher. When I pulled on the guarded switch to check if the snap wire was indeed broken I accidentally discharged the #1 fire extinguisher bottle to the forward pit. I should have pulled the circuit breaker before checking the guard switch to prevent to fire extinguisher bottle from discharging.",Aircraft Maintenance Technician reported an inadvertent discharge of the cargo pit fire extinguisher bottle during a maintenance check.,
2010947,mechanic.pdf (ASRS Maintenance Report Set),report_set:maintenance,,Reference : X |  Make Model Name : Beechjet 400 |  Flight Phase : Parked |  Maintenance Status.Maintenance Type : Scheduled Maintenance |  Maintenance Status.Maintenance Items Involved : Installation |  Maintenance Status.Maintenance Items Involved : Work Cards |  Maintenance Status.Maintenance Items Involved : Inspection,Aircraft Component : Exterior Pax/Crew Door |  Problem : Design,Location Of Person : Repair Facility |  Reporter Organization : Contracted Service |  Function.Maintenance : Lead Technician |  Qualification.Maintenance : Powerplant |  Qualification.Maintenance : Airframe |  ASRS Report Number.Accession Number : 2010947 |  Human Factors : Communication Breakdown |  Communication Breakdown.Party1 : Maintenance |  Communication Breakdown.Party2 : Maintenance Location Of Person : Repair Facility |  Reporter Organization : Contracted Service |  Function.Maintenance : Inspector |  Qualification.Maintenance : Airframe |  Qualification.Maintenance : Powerplant |  ASRS Report Number.Accession Number : 2011261,Anomaly.Aircraft Equipment Problem : Critical |  Anomaly.Deviation / Discrepancy - Procedural : Maintenance |  Anomaly.Deviation / Discrepancy - Procedural : Published Material / Policy |  Anomaly.Deviation / Discrepancy - Procedural : FAR |  Detector.Person : Maintenance |  When Detected.Other |  Result.General : Work Refused,Contributing Factors / Situations : Aircraft |  Contributing Factors / Situations : Company Policy |  Contributing Factors / Situations : Human Factors |  Contributing Factors / Situations : Incorrect / Not Installed / Unavailable Part |  Primary Problem : Incorrect / Not Installed / Unavailable Part,"ZZZ Maintenance facility received main cabin door steps for a BeechJet 400XP. Prior to installing the steps on the aircraft the technician verified part number in the manufactures Illustrated Parts Catalog (IPC). It was found that the part number received was not effective for our serial number of aircraft. The technician notified maintenance control of this discrepancy in hopes that they had documentation from the manufacturer stating we could use the part number received. Maintenance control told the technician that we are allowed to use all the part numbers of stairs in the IPC no matter the effectivity. They could not provide any documentation showing this from the manufacturer. After phone calls from the manufacturer they stated they did not have any documentation showing all stairs were applicable to all serial number of aircraft. Maintenance control continued to try and pressure the technician into making a bad decision and install the stairs on the aircraft without documentation because they said and I quote ""We have been doing it like that for years."" This creates a bad culture, an unsafe aircraft condition and noncompliance with the manufacturer manual. Encourage maintenance control to comply with the manufacturer maintenance manual at all cost. Narrative: 2 BeechJet 400XP was in for routine/ non-routine maintenance at ZZZ. A set of air-stair- stairs were to be replaced and a lead maintenance noticed the Parts Number (PN) on the manual did not appear in the Illustrated Parts Catalog (IPC) Quality Control was alerted. I contacted Person A and was told to contact the Person B and another person. The answer was the following from Maintenance Controller. ""The IPC doesn't list an effectivity code for these stairs. They are approved for all 400 series aircraft. "" A maintenance lead and I challenged that answer and asked for something in writing that states we can install them on the aircraft. I responded with: ""We can't force the installer to sign the release for this event. If, the end user which determines airworthiness of a part (mechanic) discovers a conflict in traceability and proper identification of the part he's doing the right thing no matter the component. ""The manual is a document that provides the installer data to determine airworthiness, in this case the installer has conflicting data."" I/ we received the following answer from Maintenance Controller."" I'm done with this... rob the stair assembly or whatever parts need from Aircraft Y and get us a Color X aircraft please! "" Upon inspecting the stairs on the other aircraft (donor) before removal the PN was checked. It was discovered the effectivity is incorrect for the installation on the other aircraft. Maintenance and Quality Control both were assertive with Maintenance Controller, and did not install the stairs that were to be removed and installed on the original aircraft. We still had the effectivity issue. In the meantime, Quality Control and Maintenance at ZZZ started email chains with Company explaining the issue. Maintenance and Quality Control were looking for a solution not engaging in a back and forth. I, being involved in this issue began to gather information from individuals on the floor. A conversation took place between Maintenance Controller and a maintenance lead. Paraphrasing the leads words: [Instead of finding a solution they (Maintenance Controller) became more and more agitated to the point it was bordering on a threat, it was very uncomfortable. They said we're just making stuff up cuz we don't want to fix it. Keeping this short as possible the result was an inspector in ZZZ contacted Company and sorted out the effectivity and the correct assembly that appears in the IPC was shipped and installed. My over all concern is we are creating a hazard an opportunity for a safety escape. A quick example: a young mechanic and or an unassertive one feels the pressure installs an incorrect part or something of that nature because Maintenance Controller is ""demanding it be done"". The next time it could be a navigation download or incorrect push rod for a trim tab we must address this issue. Company must update their IPC for the 400 which is the root cause for this entire situation. Mechanics and pilots have a symbiotic relationship with one goal, preserving human life, by providing a safe product. Maintenance Controller must be trained/ counseled covering what authority they have and do not. Maintenance Controller does not have the final say, nor are in any position to demand anything that is obviously outside of FAR's, company manuals and Policy. Young mechanics need to be educated on the exact role of Maintenance Controller and understand their direction and leadership come from the Maintenance manager, production managers and leads not Maintenance Controller. Maintenance Controller does not make airworthy decisions for anyone, the techs, leads, and pilots make that decision. Maintenance Controller does however, release the aircraft back into service. However, that release is 100% predicated on the signatures, paperwork, and final determination of airworthiness completed by maintenance and Quality Control pilots.",Aircraft Maintenance Technician reported pressure from Maintenance Control department to install incorrect part onto airplane.,
2017070,mechanic.pdf (ASRS Maintenance Report Set),report_set:maintenance,,Reference : X |  Aircraft Operator : Air Carrier |  Make Model Name : B737 Undifferentiated or Other Model |  Operating Under FAR Part : Part 121 |  Flight Phase : Parked |  Maintenance Status.Maintenance Type : Scheduled Maintenance |  Maintenance Status.Maintenance Items Involved : Repair,Aircraft Component : Powerplant Fuel System |  Aircraft Reference : X |  Problem : Design,Location Of Person : Hangar / Base |  Reporter Organization : Air Carrier |  Function.Maintenance : Technician |  ASRS Report Number.Accession Number : 2017070,Anomaly.Aircraft Equipment Problem : Critical |  Anomaly.Flight Deck / Cabin / Aircraft Event : Smoke / Fire / Fumes / Odor |  Anomaly.Deviation / Discrepancy - Procedural : Maintenance |  Anomaly.Deviation / Discrepancy - Procedural : Published Material / Policy |  Detector.Person : Maintenance |  When Detected : Routine Inspection |  Result.General : Maintenance Action,Contributing Factors / Situations : Aircraft |  Contributing Factors / Situations : Company Policy |  Contributing Factors / Situations : Manuals |  Contributing Factors / Situations : Procedure |  Primary Problem : Procedure,"EA (Engineering Authorization) doesn’t require sufficient fuel nozzle leak check to prevent possible in-service engine fires. Nitrogen leak check with a leak test solution is a “CFM best practice”but has not been adopted by Company A in this EA, nor has Boeing included it in the remove and replace of the nozzles in their AMM (Aircraft Maintenance Manual). The nitro leak check can be found in the adjustment/test section just after fuel nozzle section. This nitrogen leak test needs to be included in the Leap 1B Fuel Nozzle post replacement work card. Proof is a recent incident. During the required “idle leak check”after full set of fuel nozzles were replaced, our technicians discovered an oil leak, but no fuel leak. After a 70% part power engine run using bag method at drain lines, a significant fuel leak developed in the hot section. Other report [from weeks ago] of hot section fires support the need to do a best practice leak check. In the interim while tooling and leak detector liquid are on order, I feel need to require EA be revised to require a high power engine run after fuel nozzles are replaced or proper nitrogen test equipment tooling and leak detector can be used. Suggested resolution - an immediate resolution. In the interim, while tooling and leak detector liquid are on delay due to availability of leak check - not owned - and tooling repairs needed, I relay this feedback from the technicians on the floor: Require EA be revised to require a high power engine run after fuel nozzles are replaced and a subsequent opening of the core cowls to inspect for fuel stains, leaks in manifold, and nozzles area.","B737 Technician reported that an EA (Engineering Authorization) does not have a sufficient fuel nozzle leak check process after fuel nozzle post-replacement work is completed. If the leak test is not performed and a potential problem goes undetected, the reporter states that it can lead to in-service engine fires.",
2017583,mechanic.pdf (ASRS Maintenance Report Set),report_set:maintenance,,Reference : X |  Aircraft Operator : Air Carrier |  Make Model Name : Any Unknown or Unlisted Aircraft Manufacturer |  Operating Under FAR Part : Part 121 |  Mission : Passenger,,Location Of Person : Hangar / Base |  Reporter Organization : Air Carrier |  Function.Ground Personnel : Other / Unknown |  Function.Maintenance : Other / Unknown |  ASRS Report Number.Accession Number : 2017583 |  Human Factors : Workload |  Human Factors : Time Pressure,Anomaly.Deviation / Discrepancy - Procedural : Hazardous Material Violation |  Anomaly.Deviation / Discrepancy - Procedural : Published Material / Policy |  Anomaly.Deviation / Discrepancy - Procedural : FAR |  Detector.Person : Other Person |  Result.General : None Reported / Taken,Contributing Factors / Situations : Human Factors |  Contributing Factors / Situations : Procedure |  Primary Problem : Human Factors,On Day 0 I was made aware of a Dangerous Goods Discrepancy for XX-XXXX-X-XXX. When completing a cycle count I was unaware that XX-XXXX-X-XXX was located inside the box with XX-XXXX-X-XXY. And at no time was I aware that there was any hazmat and I do not recall cycle counting any hazmat.,Air carrier Ground Personnel reported being notified of a box containing two Dangerous Goods (DG) components combined in one box. Reporter stated he was not aware of any DG in the box.,
2020865,mechanic.pdf (ASRS Maintenance Report Set),report_set:maintenance,,Reference : X |  Aircraft Operator : Air Carrier |  Make Model Name : B737-800 |  Operating Under FAR Part : Part 121 |  Mission : Passenger |  Flight Phase : Parked,,Location Of Person : Hangar / Base |  Reporter Organization : Air Carrier |  Function.Maintenance : Parts / Stores Personnel |  Function.Maintenance : Lead Technician |  Qualification.Maintenance : Avionics |  Qualification.Maintenance : Powerplant |  Qualification.Maintenance : Airframe |  ASRS Report Number.Accession Number : 2020865 |  Human Factors : Workload |  Human Factors : Training / Qualification,Anomaly.Deviation / Discrepancy - Procedural : Hazardous Material Violation |  Anomaly.Deviation / Discrepancy - Procedural : Published Material / Policy |  Anomaly.Deviation / Discrepancy - Procedural : FAR |  Detector.Person : Ground Personnel |  When Detected.Other |  Result.General : None Reported / Taken,Contributing Factors / Situations : Human Factors |  Contributing Factors / Situations : Software and Automation |  Contributing Factors / Situations : Procedure |  Primary Problem : Human Factors,"AWB (Airway Bill) XXX-XXXXXXXX was booked at cargo desk from ZZZ to ZZZ1 and on to ZZZ1 to ZZZZ. The 14-piece trek bicycle with 2 dg batteries was accepted by employee Person A. Then the piece was relocated to the DG rack in ZZZ by employee. The 14 piece with 2 DG was planned by Person B for flight Aircraft X in Cart X. The cart was then relocated to XX where the flight gate changed, and the ramp failed to relocate the freight and it was refused in the emergency response system at gate XXX. The cart was then transferred to back to ZZZ warehouse where Person C was tasked with replanning. When I replanned, it I looked in the cart compared the AWB and went to input the data. When manifesting the trip for Aircraft Y I pushed NOTOC the system read NO DG so I proceeded to plan the flight for on time departure. That flight then went to ZZZ1 were all 14 pieces was loaded into a cargo container by another employee where the undeclared DG went international to ZZZZ. Cause: When replanning a cart that the is being reused for a same destination the flight and different flight number the process is drag and drop. When a NOTOC is refused it then shows in the system as NO DG. indicating that NO DGs are on the flight. The manager showed me that there are 2 little window Icon the click on that opens new windows to show DGs. I asked why was this never covered in training for this position and she replied I will get back to you on this issue! Suggestions: Training on rebooking DG in new cargo system.","Maintenance Stores Personnel reported he mistakenly advanced a hazmat parcel as a ""No hazmat on board NOTOC"". This mistake resulted in the undocumented air transport of hazmat.",
2021140,mechanic.pdf (ASRS Maintenance Report Set),report_set:maintenance,,Reference : X |  Aircraft Operator : Air Carrier |  Make Model Name : A320 |  Operating Under FAR Part : Part 121 |  Flight Phase : Parked,,Location Of Person : Repair Facility |  Reporter Organization : Air Carrier |  Function.Maintenance : Technician |  ASRS Report Number.Accession Number : 2021140 |  Human Factors : Training / Qualification |  Human Factors : Situational Awareness Location Of Person : Repair Facility |  Reporter Organization : Air Carrier |  Function.Maintenance : Technician |  ASRS Report Number.Accession Number : 2021141 |  Human Factors : Training / Qualification |  Human Factors : Situational Awareness |  | Person : 3 |  Location Of Person : Repair Facility |  Reporter Organization : Air Carrier |  Function.Maintenance : Technician |  ASRS Report Number.Accession Number : 2021142 |  Human Factors : Training / Qualification,Anomaly.Aircraft Equipment Problem : Critical |  Anomaly.Deviation / Discrepancy - Procedural : Maintenance |  Anomaly.Deviation / Discrepancy - Procedural : Published Material / Policy |  Anomaly.Ground Event / Encounter : Fuel Issue |  Detector.Person : Maintenance |  When Detected : Routine Inspection |  Result.General : Maintenance Action,Contributing Factors / Situations : Aircraft |  Contributing Factors / Situations : Human Factors |  Contributing Factors / Situations : Procedure |  Primary Problem : Procedure,"Supervisor assigned job to a late part that arrived to aircraft. All three mechanics were unfamiliar with job but were aware of the danger of fuel spilling. Arrived at aircraft, pulled breakers before turning on power, and created logbook write-up shorty after. Turned on power, noticed it had 3000 fuel, and asked older mechanics about defueling but after looking into the AMM (Aircraft Maintenance Manual). There was nothing that had details about transferring fuel beforehand, so continued. Proceeded to use the tool referenced in the manual to unseat the valve and started turning. There was a little fuel dripping from the seal as we turned it counterclockwise but not nearly enough for the manual that showed maximum of one bucket, so we kept turning until it started to have a lot of resistance and then proceeded to open the drain plug because then manual said to after the turning stopped. The drain plug showed no signs of fuel so we kept turning because the manual said only in steps beforehand to check the fuel flowing from the valve only after taking the assembly off. As we were turning the valve the keeper lock fell off from the body and dropped into the bucket and then the valve gave out, dropping the cover into the bucket and with a lot of resistance. We managed to lock the valve back in partially. I then had one of the mechanics go tell the Lead that we needed help and we tried to get the valve back in but it was locked in place. To add to this all three mechanics were reading the manual independently and wasn’t following one single person reading off the manual. The reference to change the fuel pump had very vague points and at one point told the Mechanic after taking the fuel pump off to gauge the amount that would possible to work with. The manual should reference fuel transferring beforehand to prevent larger spills along with a maximum amount of fuel total before using a fuel truck to drain the fuel if there is too much to transfer all in one wing. The manual highly highlighted the danger of cutting safety wire in red but had other warning orange. Narrative: 2 When we were working on Aircraft X, my coworkers were changing left wing tank inboard boost pump. I was helping them after I had done my jobs on the aircraft. We followed AMM (Aircraft Maintenance Manual) steps to remove, but the boost pump is stuck and hard to remove. While I was reviewing the AMM to find a solution related to this problem, other technicians removed the pump but fuel was coming out from the bank. They tried to put the pump back to the tank to stop the fuel, but that did not work. So I helped them put the bump back, also did not work. Because we could not stop and fuel leak, I went to grab fuel leak kit to clean the fuel. At the same time we notified the supervisors. Narrative: 3 I was following fuel pump AMM (Aircraft Maintenance Manual) task removal. Once the pump was removed fuel came out after following step in accordance with AMM. Fuel was out on ramp. Then, we tried to reinstall pump but could not because retaining pin and spring assembly failed. I ask did we have to defuel but the AMM didn’t call for a defuel.","A320 technicians reported the Aircraft Maintenance Manual (AMM) did not clearly provide defuel instructions for a fuel pump removal procedure. After removing the pump, fuel began to leak, spilling all over on the ramp.",
2022066,mechanic.pdf (ASRS Maintenance Report Set),report_set:maintenance,,Reference : X |  Aircraft Operator : Air Carrier |  Make Model Name : A320 |  Crew Size.Number Of Crew : 2 |  Operating Under FAR Part : Part 121 |  Flight Phase : Parked,Aircraft Component : Turbine Engine Thrust Reverser |  Aircraft Reference : X |  Problem : Design,Location Of Person : Hangar / Base |  Reporter Organization : Air Carrier |  Function.Maintenance : Technician |  ASRS Report Number.Accession Number : 2022066,Anomaly.Aircraft Equipment Problem : Critical |  Anomaly.Deviation / Discrepancy - Procedural : Maintenance |  Anomaly.Deviation / Discrepancy - Procedural : Published Material / Policy |  Detector.Person : Maintenance |  Result.General : Maintenance Action,Contributing Factors / Situations : Aircraft |  Contributing Factors / Situations : Chart Or Publication |  Contributing Factors / Situations : Incorrect / Not Installed / Unavailable Part |  Contributing Factors / Situations : Manuals |  Contributing Factors / Situations : Procedure |  Primary Problem : Manuals,"Report subject - Left C-Duct Thrust Reverser Harness. Reason for report. To correct and update IPC (Illustrated Parts Catalog) parts lists, assembly instructions, and associated illustrations. Prevent wrong part number installation and possible malfunction of associated wiring and aircraft thrust reverser system. Engineering request to revise the associated work order has been made and corrections have been agreed to and process to revise has been initiated. Primary issue is for the backshell on Connector 905P. The harness installation requires a 90-degree backshell for Connector 905P per IPC. The 90- degree backshell provides less bend radius for the wire versus a straight backshell which would make it susceptible to higher stress and possible malfunction of the wire. Associated parts lists and illustrations show a straight backshell but should reflect a 90-degree backshell on all IPCs and illustrations. Connector 905P connects to the left thrust reverser stow and lock proximity sensor. This is a critical indication for the flight crew. Suggested resolution - work with Airbus, Company A, Company B to correct and update IPC parts lists, assembly instructions, and associated illustrations. Report subject - Right C-Duct Thrust Reverser Harness. Reason for report - to correct and update IPC (Illustrated Parts Catalog) parts lists, assembly instructions, and associated illustrations. Prevent wrong part number installation and possible malfunction of associated wiring and aircraft thrust reverser system. Engineering request to revise the associated work order has been made and corrections have been agreed to and process to revise has been initiated. Primary issue is for the backshell on Connector 904P. The harness installation requires a 45-degree backshell for Connector 904P per IPC. The 45-degree backshell provides less bend radius for the wire versus a straight or 90-degree backshell, which would make it susceptible to higher stress and possible malfunction of the wire. Associated parts lists and illustrations show a straight or 90-degree but should reflect a 45-degree backshell on all IPCs and illustrations. Connector 904P connects to the right thrust reverser stow and lock proximity sensor and is a critical indication for the flight crew. Suggested resolution - work with Airbus, Company A, Company B to correct and update IPC parts lists, assembly instructions, and associated illustrations.",A320 Maintenance Technician reported that the incorrect part was listed in the Illustrated Parts Catalog (IPC) and needs to be corrected and updated. The installation of the incorrect part as instructed in the current IPC could lead to possible malfunction of the aircraft’s thrust reverser system.,
2023427,mechanic.pdf (ASRS Maintenance Report Set),report_set:maintenance,,Reference : X |  Aircraft Operator : Air Carrier |  Make Model Name : Any Unknown or Unlisted Aircraft Manufacturer |  Crew Size.Number Of Crew : 2 |  Operating Under FAR Part : Part 121 |  Mission : Passenger |  Flight Phase : Parked |  Maintenance Status.Maintenance Deferred : Y |  Maintenance Status.Released For Service : Y |  Maintenance Status.Maintenance Type : Unscheduled Maintenance |  Maintenance Status.Maintenance Items Involved : Work Cards |  Maintenance Status.Maintenance Items Involved : Installation,Aircraft Component : ILS/VOR |  Aircraft Reference : X |  Problem : Improperly Operated,Location Of Person : Hangar / Base |  Reporter Organization : Air Carrier |  Function.Maintenance : Technician |  Qualification.Maintenance : Airframe |  Qualification.Maintenance : Powerplant |  ASRS Report Number.Accession Number : 2023427 |  Human Factors : Situational Awareness,Anomaly.Aircraft Equipment Problem : Critical |  Anomaly.Deviation / Discrepancy - Procedural : Maintenance |  Anomaly.Deviation / Discrepancy - Procedural : Published Material / Policy |  Anomaly.Deviation / Discrepancy - Procedural : MEL / CDL |  Anomaly.Deviation / Discrepancy - Procedural : FAR |  Detector.Person : Other Person |  Result.General : None Reported / Taken,Contributing Factors / Situations : Human Factors |  Primary Problem : Human Factors,On Day 0 working Aircraft X performed re installation of vertical stabilizer tip (4) aft fairing. I was notified on Day 1 that Aircraft X had flown multiple flight legs with two Circuit Breakers (C/Bs) not closed. On rethinking the task I did not think requirement of pulling C/Bs for aft portion of tip which do not contain VOR antennas failed to follow all steps per the Aircraft Maintenance Manual (AMM).,Aircraft Technician reported missing step in maintenance procedure to restore circuit breakers for VOR antenna.,
2023499,mechanic.pdf (ASRS Maintenance Report Set),report_set:maintenance,,Reference : X |  Aircraft Operator : Personal |  Make Model Name : Amateur/Home Built/Experimental |  Operating Under FAR Part.Other |  Mission : Personal |  Maintenance Status.Maintenance Deferred : N |  Maintenance Status.Records Complete : Y |  Maintenance Status.Maintenance Type : Scheduled Maintenance |  Maintenance Status.Maintenance Items Involved : Inspection,Aircraft Component : Engine |  Aircraft Reference : X |  Problem : Malfunctioning,Location Of Person.Aircraft : X |  Location In Aircraft : Flight Deck |  Reporter Organization : Personal |  Function.Flight Crew : Pilot Flying |  Function.Maintenance : Other / Unknown |  Qualification.Maintenance : Repairman |  Qualification.Other |  ASRS Report Number.Accession Number : 2023499 |  Human Factors : Situational Awareness |  Human Factors : Training / Qualification |  Human Factors : Troubleshooting,Anomaly.Aircraft Equipment Problem : Critical |  Anomaly.Deviation / Discrepancy - Procedural : Published Material / Policy |  Anomaly.Deviation / Discrepancy - Procedural : FAR |  Anomaly.Ground Event / Encounter : Loss Of Aircraft Control |  Detector.Person : Flight Crew |  When Detected : In-flight |  Result.Flight Crew : Landed in Emergency Condition |  Result.Aircraft : Aircraft Damaged,Contributing Factors / Situations : Aircraft |  Contributing Factors / Situations : Equipment / Tooling |  Contributing Factors / Situations : Human Factors |  Contributing Factors / Situations : Procedure |  Primary Problem : Procedure,"I have been performing maintenance on this experimental exhibition category aircraft that I own. I believed I could perform the required military phase inspections myself due to it being experimental. I performed maintenance on an experimental plane I built. I have been informed the condition inspections needed to be signed off by an A&P mechanic, which they were not. While I was flying the aircraft it experienced a loss of power and was damaged during landing. There were no injuries but it is possible the loss of power was maintenance related. I am not sure yet.",Helicopter owner/pilot reported performing own maintenance due to experimental exhibition category. The helicopter experienced a loss of power during a flight and was damaged upon landing.,
2024499,mechanic.pdf (ASRS Maintenance Report Set),report_set:maintenance,,Reference : X |  Aircraft Operator : Air Carrier |  Make Model Name : No Aircraft,,Location Of Person : Hangar / Base |  Reporter Organization : Air Carrier |  Function.Maintenance : Parts / Stores Personnel |  Function.Maintenance : Lead Technician |  Function.Maintenance : Inspector |  Qualification.Maintenance : Airframe |  Qualification.Maintenance : Powerplant |  ASRS Report Number.Accession Number : 2024499 |  Human Factors : Troubleshooting,Anomaly.Deviation / Discrepancy - Procedural : Maintenance |  Anomaly.Deviation / Discrepancy - Procedural : Hazardous Material Violation |  Anomaly.Deviation / Discrepancy - Procedural : Published Material / Policy |  Detector.Person : Maintenance |  Result.General : Work Refused,Contributing Factors / Situations : Human Factors |  Contributing Factors / Situations : Procedure |  Primary Problem : Human Factors,"On Day 0, while working at Parts Receiving, noticed a box of PSU (Passenger Service Unit) panels with O2 generators. I asked the storekeeper if they need inspection tags. Person told me no, the computer software system is designed for these parts to go right to binning after they process it. I told the person usually PSU panels have a shelf life, also HAZMAT if it has a O2 generator or not. So to put shelf life, need a tag. In this case, goes right to bin without a tag. I looked at the stock balance and it shows shelf life 180 months and HAZMAT part, tag- X- inspection -X. I told the person to hold the parts and notify Lead to find out if it needs a tag. Very next day the record was changed to show inspection “Y”& tag “Y”but still show shelf life 180. Per GMM (General Maintenance Manual) it should show “999,”which means have to go look up shelf life items, including vital information in notes pertaining to the part number. Notes say if PSU has O2 generator, need to get the part number off the generator and go to Work Order to find out what the shelf life is. Some may have 12 years and some may have 15-year shelf life depending the part number of the generator. Then shelf life is calculated to the lowest date on all the generators in PSU. This will not happen when you put a generic shelf life such as 180 months. PSU could end up with a 15-year shelf life when actuality, generator may expire in 12 years, 3 years out of date and expired generator could end up in bin or plane. By looking at the aviation maintenance software history it appears the stock balance is changed on shelf life and HAZMAT, including tagging requirements by 3rd party individuals, probably have not much experience in aircraft parts. At this stage, company is looking at getting rid of inspection from all receiving parts and give that work to storekeepers, Person A as a Quality Control Inspector is very concerned if that’s the right decision. If I did not happen to walk by those parts and asked questions, would have gone to bin without a tag with no shelf life. Even if the shelf life shows does the storekeepers know how to read notes and go to appropriate Work Order and tag the shelf life correctly? Currently the stock balance shows a generic 180 months instead of “999.”Violation of GMM.",Aircraft Technician reported PSU units with O2 generators were not being processed as a HAZMAT part and were being improperly tagged without the proper shelf life information.,
2024817,mechanic.pdf (ASRS Maintenance Report Set),report_set:maintenance,,Reference : X |  Aircraft Operator : Air Carrier |  Make Model Name : Regional Jet 200 ER/LR (CRJ200) |  Operating Under FAR Part : Part 121 |  Maintenance Status.Maintenance Type : Scheduled Maintenance |  Maintenance Status.Maintenance Items Involved : Installation |  Maintenance Status.Maintenance Items Involved : Repair |  Maintenance Status.Maintenance Items Involved : Inspection,Aircraft Component : Gear Up Lock |  Aircraft Reference : X |  Problem : Malfunctioning,Location Of Person : Hangar / Base |  Reporter Organization : Air Carrier |  Function.Maintenance : Technician |  Qualification.Maintenance : Airframe |  Qualification.Maintenance : Powerplant |  ASRS Report Number.Accession Number : 2024817 |  Human Factors : Other / Unknown,Anomaly.Aircraft Equipment Problem : Critical |  Anomaly.Deviation / Discrepancy - Procedural : Published Material / Policy |  Anomaly.Deviation / Discrepancy - Procedural : Maintenance |  Detector.Person : Maintenance |  Result.General : Maintenance Action,Contributing Factors / Situations : Aircraft |  Contributing Factors / Situations : Human Factors |  Primary Problem : Human Factors,"I was doing a 100-hour inspection and found that the uplock roller was not moving freely on lefthand landing gear and per 100-hour inspection, it had to move freely. I made a write-up about it not moving freely and decided to change the uplock brackets and roller pin in accordance with the CMM (Component Maintenance Manual). I had thought that I had correctly installed the uplock brackets but I mistakenly installed them upside down. Uplock brackets were mistakenly installed upside down. Do a gear swing of the aircraft to make sure that the job was done correctly.",Aircraft Maintenance Technician reported incorrectly installing landing gear uplock brackets and had mistakenly installed them upside-down.,
2026576,mechanic.pdf (ASRS Maintenance Report Set),report_set:maintenance,,Reference : X |  Aircraft Operator : Air Carrier |  Make Model Name : B737-900 |  Operating Under FAR Part : Part 121 |  Mission : Passenger |  Flight Phase : Parked,,Location Of Person : Hangar / Base |  Function.Maintenance : Technician |  ASRS Report Number.Accession Number : 2026576 |  Human Factors : Training / Qualification |  Human Factors : Situational Awareness Location Of Person : Hangar / Base |  Function.Maintenance : Technician |  ASRS Report Number.Accession Number : 2026578 |  Human Factors : Training / Qualification |  Human Factors : Situational Awareness,Anomaly.Deviation / Discrepancy - Procedural : Maintenance |  Anomaly.Deviation / Discrepancy - Procedural : Published Material / Policy |  Anomaly.Deviation / Discrepancy - Procedural : FAR |  Detector.Person : Maintenance |  When Detected.Other |  Result.General : Maintenance Action,Contributing Factors / Situations : Aircraft |  Contributing Factors / Situations : Human Factors |  Contributing Factors / Situations : Manuals |  Contributing Factors / Situations : Procedure |  Primary Problem : Human Factors,"performed removal of panels (wing to body), panel numbers were 195BL and 195CL, gained access to requested area, attempted to remove requested particles from two fasteners, in the process my work partner had used a Dremel tool to help the process. originally had used dry sanding method and proved to not be effective on surface. the next step I used the Dremel tool and when I saw surface that I did not intend to be removed coming off I immediately stopped, tried to think of a possible better solution to the problem on the bolts but sanding was the only other method at time I could think of. as soon as I knew something was messed up I went to the inspector and asked what it was supposed to look like on the surface to verify that the problem had occurred. once I saw that had become messed up, I started to look for my lead and try to get help on what the next course of action should be. he informed me he would be right back and was. the question posed if I think there could have been a way to prevent it, better training and more help on knowing the aircraft and what we are dealing with. I believe that training is a big factor in this given that what we worked on is a serious part of an aircraft and have very severe impact on safety with the plane. also having experienced guys around who can help us understand better or better documentation on work cards than just a few simple lines to say to do something. the drawling's that were attached to the work card that i used to try and research what I was dealing with weren't sufficient in detail as to what it was. I personally feel responsible for not saying or doing more to try and help prevent this given what happen. Narrative: 2 Upon receiving information from the inspector after removing panels, I was told to get the sealant off until the strap was completely clean. After using the plastic scraper to get the thicker part of the sealant off then I moved to scotch bright. If I had gone to the manual and read, that I am to use the minimal amount of material to take the sealant off I would have been aware of the fact that even scotch bright is unsafe to use. When the 400-grit sandpaper was not working around the base of the high lock fastener I tried to get it off with a scotch bright dremel pad. I mistook a grinding pad for a stiff scotch bright pad. After taking the grinding pad to the metal and it immediately took the primer off of the metal I stopped. Due to not reading into the manual failed in adhering to rules against certain materials used on the paint and primer of the failsafe strap. Suggestion: Better training on how to access branching aircraft maintenance manual references.",Aircraft Maintenance Technicians reported improper removal of 737-900 aircraft wing structure protective coatings and material.,
2027475,mechanic.pdf (ASRS Maintenance Report Set),report_set:maintenance,,Reference : X |  Aircraft Operator : Air Carrier |  Make Model Name : No Aircraft |  Operating Under FAR Part : Part 121 |  Mission : Passenger,,Location Of Person : Hangar / Base |  Reporter Organization : Air Carrier |  Function.Maintenance : Parts / Stores Personnel |  Qualification.Maintenance : Airframe |  Qualification.Maintenance : Powerplant |  ASRS Report Number.Accession Number : 2027475 |  Human Factors : Training / Qualification |  Human Factors : Confusion,Anomaly.Deviation / Discrepancy - Procedural : Hazardous Material Violation |  Anomaly.Deviation / Discrepancy - Procedural : Published Material / Policy |  Anomaly.Deviation / Discrepancy - Procedural : FAR |  Detector.Person : Maintenance |  Result.General : None Reported / Taken,Contributing Factors / Situations : Human Factors |  Contributing Factors / Situations : Procedure |  Primary Problem : Human Factors,"As a safety rep Person 1 was informed that there was a situation where a stores clerk processed an item (squib) XX-XXXX CARTRIDGE, on their end of receiving. The stores clerk was certain that the cartridge being hazmat 1.4 explosive that inspection was needing to process it further for tagging processes and procedures. The stores clerk waited to see if the inspector was going to catch the item or process it thru. At which point the inspector Person 2 proceeded to finalize the item without tagging it with required washer stamp and wire or shelf life item date expiration. This is when the stores clerk asked another inspector, Person 3, about it if it should have been tagged or not. His reply was ”Yes” it should have been however software program shows inspect “X” tag “Y”. It seems that with this being the case inspector Person 2 only verified the part to the paperwork and proceeded to finalize the transaction. With the confusion on software program as a similar item YY-YYYY CARTRIDGE, CARGO EXT BOTTLE is an INSP “X” and TAG “X”. where the washer and the date code would be stamped with a stamp kit and wire attaching it to the squib for shelf life and date codes. It was pulled from the receiving area and taken to supervisor’s office for further examination. The inspector that brought it up to Person 2. His biggest concern was that it had been known for a few days and yet supervision had not briefed the inspectors on the potential of the mishap to watch out for during their receiving duties on any of the three shifts, it was only known about by the few parties involved. Person 1 asked if anyone had processed a report about this event and at this point no one had done so. At the current date Person 1 is unaware of any other reports filed or any standing of the part in question regarding its disposition or status. Suggested Resolution: training for stores receiving.",Air carrier Safety Representative reported inconsistencies of aircraft hazmat components tagging during ground processing. Reporter suggested more training for stores clerks.,
2028067,mechanic.pdf (ASRS Maintenance Report Set),report_set:maintenance,,Reference : X |  Aircraft Operator : Air Carrier |  Make Model Name : B737-800 |  Crew Size.Number Of Crew : 2 |  Operating Under FAR Part : Part 121 |  Mission : Passenger |  Flight Phase : Parked,Aircraft Component : Escape Rope |  Aircraft Reference : X |  Problem : Failed,Location Of Person : Hangar / Base |  Reporter Organization : Air Carrier |  Function.Maintenance : Technician |  ASRS Report Number.Accession Number : 2028067 |  Human Factors : Training / Qualification |  Human Factors : Situational Awareness,Anomaly.Aircraft Equipment Problem : Critical |  Anomaly.Deviation / Discrepancy - Procedural : Maintenance |  Anomaly.Deviation / Discrepancy - Procedural : Published Material / Policy |  Detector.Person : Flight Crew |  When Detected : Pre-flight |  Result.General : Release Refused / Aircraft Not Accepted,Contributing Factors / Situations : Aircraft |  Contributing Factors / Situations : Human Factors |  Contributing Factors / Situations : Procedure |  Primary Problem : Human Factors,"Flight crew wrote up both flight deck escape rope compartments opened on their own, both ropes fell out of compartments. Mechanics found both escape ropes unattached to air-frame, and thus would not have been able to be used for their functions in the event of an emergency. Also found both ropes without cotter pins installed, thus allowing anchors to release anchor plate. Found on Aircraft X prior to departure for Flight XXXX on Day 0. Review task or task cards or work areas involving dual maintenance on flight deck escape ropes.",Maintenance Technician reported that during preflight the flight crew found the aircraft flight crew escape ropes were not installed properly.,
2028082,mechanic.pdf (ASRS Maintenance Report Set),report_set:maintenance,,Reference : X |  Make Model Name : Commercial Fixed Wing |  Flight Phase : Parked |  Maintenance Status.Maintenance Deferred : N |  Maintenance Status.Maintenance Items Involved : Repair,,Location Of Person : Hangar / Base |  Reporter Organization : Air Carrier |  Function.Maintenance : Lead Technician |  ASRS Report Number.Accession Number : 2028082 |  Human Factors : Situational Awareness |  Human Factors : Troubleshooting |  Human Factors : Confusion,Anomaly.Deviation / Discrepancy - Procedural : Published Material / Policy |  Anomaly.Ground Event / Encounter : Loss Of Aircraft Control |  Detector.Person : Maintenance |  When Detected : Routine Inspection |  Result.General : None Reported / Taken,Contributing Factors / Situations : Human Factors |  Contributing Factors / Situations : Procedure |  Primary Problem : Procedure,"During the performance of the work card XX-XX-XX, at some point the nose of the aircraft started to roll off the spot 3 center line. Moving approximately 14 ft. before coming to rest against scissor lift and being re-chocked. Potential that the nose wheel chock were not properly positioned / orientated / worn. With the Emergency / Parking Brake Accumulator pressure released combined with the slop of the hangar floor could be contributing factors. Suggestion: In Step XX.X, of W/C XX-XX-XX define chocking the landing gear as: ""Place chocks at all three landing gear wheels"". In Step XX.Y. add a caution note; ""Caution: Not having all three main landing gear checked while the Emergency / Parking Brake Accumulator pressure released, may cause damage and/or injury.",Maintenance Supervisor reported only a nose wheel chock was used for an aircraft parked in the hangar and it was improperly positioned resulting in the aircraft rolling into a scissor lift.,
2028354,mechanic.pdf (ASRS Maintenance Report Set),report_set:maintenance,,Reference : X |  ATC / Advisory.Ramp : ZZZ |  Aircraft Operator : Air Carrier |  Make Model Name : B787 Dreamliner Undifferentiated or Other Model |  Flight Phase : Taxi,,Location Of Person.Aircraft : X |  Location In Aircraft : Flight Deck |  Reporter Organization : Contracted Service |  Function.Maintenance : Technician |  ASRS Report Number.Accession Number : 2028354,"Anomaly.Conflict : Ground Conflict, Critical |  Anomaly.Ground Event / Encounter : Other / Unknown |  Detector.Person : Maintenance |  Result.General : None Reported / Taken",Contributing Factors / Situations : Human Factors |  Contributing Factors / Situations : Procedure |  Primary Problem : Procedure,"My partner and I were bringing up an aircraft into gate X, Person A was marshalling me into the gate when a Company maintenance pick up come from my right, goes into the safety area, goes behind my partner (real close) goes under the cab part of the jet way, back into the safety area to go park into what I believe are their offices, all of those while we are moving a 787 into the gate. This happened at around XA:15pm at gate X ZZZ.",B787 Technician reported being marshaled into the gate when a service vehicle entered the safety area passing close by the Technician and Marshaller.,
2030003,mechanic.pdf (ASRS Maintenance Report Set),report_set:maintenance,,Reference : X |  Aircraft Operator : Air Carrier |  Make Model Name : B757 Undifferentiated or Other Model |  Operating Under FAR Part : Part 121 |  Mission : Passenger |  Flight Phase : Parked |  Maintenance Status.Maintenance Type : Scheduled Maintenance |  Maintenance Status.Maintenance Items Involved : Inspection,Aircraft Component : Exterior Pax/Crew Door |  Aircraft Reference : X |  Problem : Improperly Operated,Location Of Person : Repair Facility |  Reporter Organization : Contracted Service |  Function.Maintenance : Technician |  Function.Maintenance : Inspector |  Qualification.Maintenance : Powerplant |  Qualification.Maintenance : Airframe |  ASRS Report Number.Accession Number : 2030003 |  Human Factors : Workload |  Human Factors : Situational Awareness Location Of Person : Repair Facility |  Reporter Organization : Contracted Service |  Function.Maintenance : Inspector |  Function.Maintenance : Technician |  Qualification.Maintenance : Airframe |  Qualification.Maintenance : Powerplant |  ASRS Report Number.Accession Number : 2030007 |  Human Factors : Situational Awareness,Anomaly.Aircraft Equipment Problem : Less Severe |  Anomaly.Deviation / Discrepancy - Procedural : Maintenance |  Anomaly.Deviation / Discrepancy - Procedural : Published Material / Policy |  Anomaly.Deviation / Discrepancy - Procedural : FAR |  Detector.Person : Maintenance |  When Detected : Routine Inspection |  Result.General : Maintenance Action,Contributing Factors / Situations : Aircraft |  Contributing Factors / Situations : Human Factors |  Contributing Factors / Situations : Procedure |  Primary Problem : Human Factors,"Aircraft arrived at ZZZ for a scheduled-check scheduled for the specified timeframe. During this check I signed off the install inspection of the body torque tube for one of the doors found with the discrepancies. This was discovered yesterday at our vendor at ZZZ1, both the L4 and R4 door assist actuator B nuts were found disconnected when the sidewall panels just forward of the L4 and R4 door cut outs were removed on the aircraft. They were both found with the red streamers still attached. This aircraft was inducted to ZZZ1 for scheduled check several months later. Due to the elapsed time, I cannot recall the exact cause of the discrepancy. Multiple maintenance operations occurring at the same time or overlooked maintenance steps is the assumption. Narrative: 2 b-nut was not installed on pneumatic line for the emergency door assist actuator streamer was installed on pneumatic line with the information i was presented, my statement is as followed due to the time of the event and how long it was i can't recall",Aircraft Maintenance Inspector and Technician reported incorrect sign-off of cabin door assist actuator during previous maintenance visit.,
2030501,mechanic.pdf (ASRS Maintenance Report Set),report_set:maintenance,,Reference : X |  Aircraft Operator : Air Carrier |  Make Model Name : A300 |  Flight Phase : Parked |  Maintenance Status.Maintenance Type : Scheduled Maintenance |  Maintenance Status.Maintenance Items Involved : Inspection,Aircraft Component : Wing Access Panel |  Aircraft Reference : X |  Problem : Failed,Location Of Person : Repair Facility |  Reporter Organization : Air Carrier |  Function.Maintenance : Technician |  Qualification.Maintenance : Airframe |  Qualification.Maintenance : Powerplant |  ASRS Report Number.Accession Number : 2030501 |  Human Factors : Other / Unknown,Anomaly.Aircraft Equipment Problem : Critical |  Detector.Person : Flight Crew |  When Detected : Routine Inspection |  Result.General : Maintenance Action |  Result.Aircraft : Aircraft Damaged,Contributing Factors / Situations : Aircraft |  Contributing Factors / Situations : Company Policy |  Contributing Factors / Situations : Human Factors |  Primary Problem : Aircraft,"On the weekend of Day 0 - Day 3 I was performing several maintenance tasks on Aircraft X, one of those being lubrication of slat, ball drive screw nut, and slat roller assy. I was alone performing this task for both wings. I opened each panel, performed lube task, then closed access. Ref A300 AMM XX-XX-XX. The aircraft departed Day 3 night from ZZZ1- ZZZ. Upon landing and walk-around inspection performed by pilot [they informed us] that two inboard leading edge panels were missing. Field service was sent up to ZZZ and verified all hardware was installed on the aircraft from where the panel left. When the panel left the aircraft it tucks underneath the panel outboard of it and it made that one depart the aircraft as well. To my understanding, I performed the task at hand correctly and closed access correctly. There is a bracket on the aircraft that is either missing, or damaged that caused the blow out panel to leave the aircraft, and other aircraft I believe have been reported to have that damaged, or missing as well.",Aircraft Maintenance Technician reported wing access panels departed the aircraft inflight due to possible missing or damaged part.,
2032484,mechanic.pdf (ASRS Maintenance Report Set),report_set:maintenance,,,,Location Of Person : Hangar / Base |  Reporter Organization : Air Carrier |  Function.Maintenance : Technician |  ASRS Report Number.Accession Number : 2032484 |  Human Factors : Situational Awareness Location Of Person : Hangar / Base |  Reporter Organization : Air Carrier |  Function.Maintenance : Technician |  ASRS Report Number.Accession Number : 2032486 |  Human Factors : Situational Awareness,Anomaly.Deviation / Discrepancy - Procedural : Published Material / Policy |  Anomaly.Ground Event / Encounter : Aircraft |  Detector.Person : Maintenance |  When Detected.Other |  Result.Aircraft : Aircraft Damaged,Contributing Factors / Situations : Company Policy |  Contributing Factors / Situations : Human Factors |  Contributing Factors / Situations : Procedure |  Contributing Factors / Situations : Staffing |  Primary Problem : Human Factors,"Aircraft X was moved into [the] center hangar to be set up for RON (Routine Overnight) work. The Aircraft was to be moved in deep so that two narrow body aircraft could be parked behind Aircraft X. Aircraft Y was moved out of the south hanger so that Aircraft X could be moved into the hangar. Lead Technician and crew held a huddle prior to moving Aircraft Y out of the hangar and they reviewed the move of Aircraft Y out of the hangar, the move of Aircraft X into the hangar, followed by the move of Aircraft Y back into the south hanger. After hookup of the tow tractor, the crew members took their positions and the Lead Technician went to the marshal in position. I joined the Lead Technician at that position. The Lead Technician marshalled in the tug driver and the wing walkers moved in with the aircraft. As Aircraft X got close to the parking spot, I moved to the front of Aircraft Z to observe the distance between the #1 engine nose cowl on Aircraft X and the radome on Aircraft Z. The Lead Technician slowed the movement of Aircraft X as it approached the parking spot and a popping sound then occurred. I turned and walked back to see the radome of Aircraft X resting on the leading edge of Aircraft Z left wing. The Lead Technician then motioned the driver to push Aircraft X back. The crew then gathered to place chocks under wheels, disconnect tow bar, hook up power, and position the entry stand. Narrative: 2 While parking Aircraft X in the hanger, as guide man I did not pay enough attention to clearance on nose of Aircraft X and leading edge of Aircraft Z causing impact damage of radome and leading edge slat.",Aircraft Maintenance Technician towing an aircraft into the hangar struck the wing of another aircraft with the radome of the aircraft under tow.,
2032488,mechanic.pdf (ASRS Maintenance Report Set),report_set:maintenance,,Reference : X |  Aircraft Operator : Air Carrier |  Make Model Name : A321 |  Crew Size.Number Of Crew : 2 |  Operating Under FAR Part : Part 121 |  Mission : Passenger |  Flight Phase : Parked,Aircraft Component : Hydraulic System |  Aircraft Reference : X |  Problem : Failed,Location Of Person : Repair Facility |  Reporter Organization : Air Carrier |  Function.Maintenance : Technician |  Qualification.Maintenance : Airframe |  Qualification.Maintenance : Powerplant |  ASRS Report Number.Accession Number : 2032488 |  Human Factors : Other / Unknown,Anomaly.Aircraft Equipment Problem : Critical |  Anomaly.Deviation / Discrepancy - Procedural : Published Material / Policy |  Anomaly.Deviation / Discrepancy - Procedural : FAR |  Detector.Automation : Aircraft Other Automation |  Detector.Person : Flight Crew |  When Detected : In-flight |  Result.Flight Crew : Overcame Equipment Problem |  Result.Flight Crew : Landed in Emergency Condition,Contributing Factors / Situations : Aircraft |  Contributing Factors / Situations : Company Policy |  Contributing Factors / Situations : Human Factors |  Primary Problem : Aircraft,"EO (Engineering Order) XXXXXXXX issued for A321nx aircraft. Problem wasn't addressed until after potential catastrophic failure. Aircraft had an air interrupt. Lost green hydraulic system. Had to deploy the gear manually and EO was not accomplished at this time. The failure for this item is exactly why this EO has been issued for this fleet. Cause: EO not accomplished as a result of this failure. The replaced part is the one that needs to be upgraded in the EO to avoid a hydraulic fluid loss. Solution: Every aircraft that this EO applies to should have the EO accomplished immediately. Waiting until a potential catastrophic failure is reckless. Even after this failure management still didn't do the EO, stated it would take too long.",Aircraft Maintenance Technician reported aircraft had hydraulic system failure due to non- accomplishment of aircraft modification.,
2033522,mechanic.pdf (ASRS Maintenance Report Set),report_set:maintenance,,Reference : X |  Aircraft Operator : Air Carrier |  Make Model Name : B737 MAX 8 |  Operating Under FAR Part : Part 121 |  Mission : Passenger |  Flight Phase : Parked,Aircraft Component : Wheel Assemblies |  Aircraft Reference : X |  Problem : Design,Location Of Person : Gate / Ramp / Line |  Reporter Organization : Air Carrier |  Function.Maintenance : Technician |  ASRS Report Number.Accession Number : 2033522 |  Human Factors : Other / Unknown,Anomaly.Aircraft Equipment Problem : Critical |  Anomaly.Deviation / Discrepancy - Procedural : Maintenance |  Anomaly.Deviation / Discrepancy - Procedural : Published Material / Policy |  Anomaly.Deviation / Discrepancy - Procedural : FAR |  Detector.Person : Maintenance |  When Detected : Aircraft In Service At Gate |  Result.General : Maintenance Action,Contributing Factors / Situations : Aircraft |  Contributing Factors / Situations : Human Factors |  Contributing Factors / Situations : Procedure |  Primary Problem : Aircraft,#4 Main landing gear (MLG) Wheel Assembly was low tire pressure to the point where both #4 and #3 MLG tires had to be changed right before departure time. The cause of this was the #4 MLG wheel Assembly valve stem not being torqued from back shop and was so loose that it came off when removing the valve core removal tool. The valve stem assembly on the 737 MAX fleet MLG wheels do not have any safety device like safety wire. This is a dangerous design flaw. I would consider having an audit of whatever back shop works these tires and to make the valve stem safetied. Maybe make this an inspection task item for the back shop and maybe also add a torque stripe after torquing.,Aircraft Maintenance Technician reported a suspected design issue regarding the lack of safety wire on the main landing gear valve stem assembly.,
2033529,mechanic.pdf (ASRS Maintenance Report Set),report_set:maintenance,,,,Location Of Person.Aircraft : X |  Location In Aircraft : Flight Deck |  Reporter Organization : Air Carrier |  Function.Maintenance : Technician |  Qualification.Maintenance : Powerplant |  Qualification.Maintenance : Airframe |  ASRS Report Number.Accession Number : 2033529 |  Human Factors : Distraction |  Human Factors : Other / Unknown |  Human Factors : Communication Breakdown |  Communication Breakdown.Party1 : Maintenance |  Communication Breakdown.Party2 : Ground Personnel Location Of Person : Hangar / Base |  Reporter Organization : Air Carrier |  Function.Ground Personnel : Ramp |  ASRS Report Number.Accession Number : 2033531 |  Human Factors : Communication Breakdown |  Human Factors : Situational Awareness |  Communication Breakdown.Party1 : Ground Personnel |  Communication Breakdown.Party2 : Maintenance |  | Person : 3 |  Location Of Person.Aircraft : X |  Location In Aircraft : Flight Deck |  Reporter Organization : Air Carrier |  Function.Maintenance : Lead Technician |  Qualification.Maintenance : Powerplant |  Qualification.Maintenance : Airframe |  ASRS Report Number.Accession Number : 2033530 |  Human Factors : Communication Breakdown |  Communication Breakdown.Party1 : Maintenance |  Communication Breakdown.Party2 : Ground Personnel,Anomaly.Deviation / Discrepancy - Procedural : Published Material / Policy |  Anomaly.Ground Event / Encounter : Aircraft |  Detector.Person : Maintenance |  Detector.Person : Ground Personnel |  When Detected : Taxi |  Result.Aircraft : Aircraft Damaged,Contributing Factors / Situations : Human Factors |  Primary Problem : Human Factors,"I was sitting right seat (FOs (First Officer) seat) handling radios, taxiing Aircraft X from Gate XX to hangar for an upcoming event. While approaching the front of the hangar for parking, engines at idle coasting to the end of the lead in line while guided by a marshaller, I noticed a jolt just prior to reaching the end. It was at this time the marshaller gave us a stop signal. At this time, I felt that we may have contacted the aircraft parked to the left of us Aircraft Y since I ensured there were no objects on the apron as we were approaching the hangar (i.e. chocks, cones, etc.). I then instructed the left seat operator (Captain’s seat) to set brakes and shut down both engines. I then radioed Ramp Control to notify them we were shut down and that movement was terminated at hangar. I then radioed my Supervisor and advised him that there may have been aircraft contact between the two aircrafts and that we would assess. Once I was removed from the aircraft, I noticed that Winglet-to-Winglet and Strakelet-to-Strakelet contact was made. I informed my Supervisor of the findings, asked him to come to our location, shut down the aircraft and secured the area. Narrative: 2 During aircraft move from spot XX to hangar, left winglet of Aircraft X made contact with right winglet of Aircraft Y in front of hangar. I was performing the aircraft marshalling and it appeared that there was enough clearance from each aircraft winglet as I was guiding Aircraft X forward. From there as I was guiding Aircraft X the left winglet made contact with the right winglet and aircraft movement was stopped in place. Narrative: 3 I was assigned to taxi Aircraft X from gate XX to hanger. I picked up our marshaller in front of the hanger and started my turn and approach. I noted that there was an aircraft to my left and where we were being marshaled into was close to that aircraft. I mentioned to the right seater Person 1 that we looked close to the aircraft and proceeded to approach very slowly. The person marshalling us, Person 2, has many years of experience performing this duty. He could see better than I could how close we were. As we were making our closest approach to the other aircraft I slowed to a stop to allow for me to see how close we were. I could not see my wing tip, and we were still being directed to come forward which I complied with. I had to increase thrust to move the plane forward and as it did it started to pull to the left. I stopped immediately and shut down.",Two onboard air carrier Mechanics and one Ground Marshaller reported a ground encounter with a parked aircraft during aircraft repositioning to a hangar. Marshaller stated he misjudged the lack of winglet clearance.,
2036377,mechanic.pdf (ASRS Maintenance Report Set),report_set:maintenance,,Reference : X |  Aircraft Operator : Air Carrier |  Make Model Name : B767 Undifferentiated or Other Model |  Operating Under FAR Part : Part 121 |  Flight Phase : Parked,Aircraft Component : Turbine Engine |  Aircraft Reference : X |  Problem : Malfunctioning,Location Of Person : Repair Facility |  Reporter Organization : Air Carrier |  Function.Maintenance : Technician |  Qualification.Maintenance : Airframe |  Qualification.Maintenance : Powerplant |  ASRS Report Number.Accession Number : 2036377 |  Human Factors : Situational Awareness,Anomaly.Aircraft Equipment Problem : Critical |  Anomaly.Deviation / Discrepancy - Procedural : MEL / CDL |  Anomaly.Deviation / Discrepancy - Procedural : Maintenance |  Anomaly.Deviation / Discrepancy - Procedural : Published Material / Policy |  Anomaly.Deviation / Discrepancy - Procedural : FAR |  Detector.Automation : Aircraft Other Automation |  Detector.Person : Maintenance |  When Detected.Other |  Result.General : Maintenance Action,Contributing Factors / Situations : Aircraft |  Contributing Factors / Situations : Human Factors |  Contributing Factors / Situations : MEL |  Primary Problem : Human Factors,#1 eng was deactivated and placed on MEL (XXXXXX) due to #1 eng High Pressure Shut- Off Valve being on MEL XXXXXXY). There was an item that was deferred (XXXXXZ) that had to be fixed and required reactivating engine for sheet metal to gain access. After reactivating #1 eng and deploying. realized that engine was working. When I saw that the original report was Thrust REV 1 did not deploy; figured it was OK to close log as operations checking normally both deploying and stowing. It was brought to my attention the next day that the log should never have been closed because it was tied to the High Pressure Shut-Off Valve being on MEL. I closed the MEL due to the original PIREP and did not notice the updates on the log.,Maintenance Technician incorrectly closed an MEL on a B767 item due to not reading all of the logbook updates.,
2038548,mechanic.pdf (ASRS Maintenance Report Set),report_set:maintenance,,Reference : X |  Aircraft Operator : Air Carrier |  Make Model Name : A321 |  Operating Under FAR Part : Part 121 |  Flight Phase : Parked,Aircraft Component : Generator Drive |  Aircraft Reference : X |  Problem : Improperly Operated,Location Of Person : Hangar / Base |  Reporter Organization : Air Carrier |  Function.Maintenance : Technician |  Qualification.Maintenance : Powerplant |  Qualification.Maintenance : Airframe |  ASRS Report Number.Accession Number : 2038548 |  Human Factors : Situational Awareness Location Of Person : Hangar / Base |  Reporter Organization : Air Carrier |  Function.Maintenance : Technician |  Qualification.Maintenance : Airframe |  Qualification.Maintenance : Powerplant |  ASRS Report Number.Accession Number : 2038553 |  Human Factors : Situational Awareness |  | Person : 3 |  Location Of Person : Hangar / Base |  Reporter Organization : Air Carrier |  Function.Maintenance : Technician |  Qualification.Maintenance : Airframe |  Qualification.Maintenance : Powerplant |  ASRS Report Number.Accession Number : 2038552 |  Human Factors : Situational Awareness,Anomaly.Aircraft Equipment Problem : Critical |  Anomaly.Deviation / Discrepancy - Procedural : Maintenance |  Anomaly.Deviation / Discrepancy - Procedural : Published Material / Policy |  Detector.Person : Maintenance |  When Detected.Other |  Result.General : Maintenance Action,Contributing Factors / Situations : Aircraft |  Contributing Factors / Situations : Company Policy |  Contributing Factors / Situations : Equipment / Tooling |  Contributing Factors / Situations : Human Factors |  Contributing Factors / Situations : Procedure |  Primary Problem : Human Factors,"Two other mechanics and I serviced IDGs (integrated drive generator) IAW (In Accordance With) the PS (Periodic Service Check) check because it was low. We used the correct browser and serviced it properly IAW the manual, we all double checked the work to make sure it was serviced properly. During flight the flight crew got a message saying the IDG temperature was too high. After landing the mechanics began troubleshooting the problem and saw a reddish color fluid, they believe its X but we don't have a X browser we only have a green browser (Y) and a purple browser (skydrol). When we serviced the IDG we opened up the lid of the browser and made sure it was [the] right fluid. As of right now there is a sample of the fluid in the IDG that was sent out to be inspected for any contaminates. Cause: Someone somewhere most likely serviced IDGs with a contaminated browser or serviced the IDG with a browser that said Y but had skydrol or X inside. Suggestions: Opening and emptying the browser to see the bottom half if there's any contaminates inside. Narrative: 2 During the PS (Periodic Service Check) check of Aircraft X, we found both engines IDG (integrated drive generator) oil level below limits. We acquired the correct oil servicing unit and adapters, visually checked the content within the unit with our best ability. Then my 2 co-workers serviced one IDG each under my observation, afterwards we both visually checked the oil level being within the limits after servicing and oil in the sight glass looked normal, all maintenance actions are within the compliance of required AMM. The plane flew the following day, and I was made aware that both IDG over heated with possible contamination noticed after the flight. I'm willing to cooperate with any investigation that may occur to bring this to a close and hopefully make improve for future maintenance. Narrative: 3 We were assigned to do the PS (Periodic Service Check) check on Aircraft X A321 neo. During the check, we found both IDG (integrated drive generator) oil level low. IAW (In Accordance With) job card we were required to service both IDG IAW AMM as mentioned in the job card. Technician Person 1 and Technician Person 2 brought the Y browser to the plane, I double checked the browser, it was the right one. We serviced both IDG between limits as required by the AMM mentioned above. All the step was accomplished correctly. We got the information that the red fluid was found mixed with the Y oil. I am pretty sure now that the browser container was contaminated with the wrong fluid before we use that browser. We were unable to see it during the first drop before to service both IDG because we work at night the vision is not so perfect. That unknown fluid might be at the bottom of the browser. I propose the management to drop all the fluid inside of the browser. To investigate so that this serious incident never happened again.",Maintenance technicians serviced aircraft IDG with possible contaminated fluid.,
2039328,mechanic.pdf (ASRS Maintenance Report Set),report_set:maintenance,,Reference : X |  Make Model Name : No Aircraft,Aircraft Component : Fuel Booster Pump |  Aircraft Reference : X |  Problem : Malfunctioning,Location Of Person : Repair Facility |  Reporter Organization : Air Carrier |  Function.Maintenance : Technician |  Qualification.Maintenance : Powerplant |  Qualification.Maintenance : Airframe |  ASRS Report Number.Accession Number : 2039328 |  Human Factors : Training / Qualification |  Human Factors : Situational Awareness Location Of Person : Repair Facility |  Reporter Organization : Air Carrier |  Function.Maintenance : Technician |  ASRS Report Number.Accession Number : 2039331 |  Human Factors : Training / Qualification |  Human Factors : Situational Awareness,Anomaly.Aircraft Equipment Problem : Critical |  Anomaly.Deviation / Discrepancy - Procedural : Maintenance |  Anomaly.Deviation / Discrepancy - Procedural : Published Material / Policy |  Detector.Person : Maintenance |  When Detected.Other |  Result.General : Maintenance Action,Contributing Factors / Situations : Aircraft |  Contributing Factors / Situations : Human Factors |  Contributing Factors / Situations : Procedure |  Primary Problem : Human Factors,"Aircraft X, Person 2 and I were tasked to Remove and replace the inboard right hand wing fuel pump. Following the Aircraft Maintenance manual reference, we were up to the step to removing the pump. The fuel pump came out with ease using the tool that was called out in the Aircraft Maintenance manual, as soon as the pump was coming out the slide valve, the slide valve started to fall out of the wing, fuel started pouring right out of the wing, we tried to re install the fuel pump and slide valve to stop the fuel from coming out and was unsuccessful, so we got out of the way, we called our Leads and supervisor right away and the fire department was notified immediately. Cause: I believe that the reason this event occurred because the slide valve retaining pin malfunctioned allowing the slide valve to come out of the wing. Solution: Before removing the fuel pump, to transfer the fuel out of the wing and to inspect the slide valve retaining pin for damage and functionality. Narrative: 2 [No additional information provided.]",Aircraft technicians reported fuel spill when removing wing tank fuel pump.,
2040479,mechanic.pdf (ASRS Maintenance Report Set),report_set:maintenance,,Reference : X |  Aircraft Operator : Air Carrier |  Make Model Name : A320 |  Operating Under FAR Part : Part 121 |  Flight Phase : Parked |  Maintenance Status.Maintenance Type : Unscheduled Maintenance |  Maintenance Status.Maintenance Items Involved : Inspection |  Maintenance Status.Maintenance Items Involved : Repair |  Maintenance Status.Maintenance Items Involved : Testing |  Maintenance Status.Maintenance Items Involved : Installation,Aircraft Component : Hydraulic System |  Aircraft Reference : X |  Problem : Malfunctioning,Location Of Person : Hangar / Base |  Reporter Organization : Air Carrier |  Function.Maintenance : Technician |  ASRS Report Number.Accession Number : 2040479 |  Human Factors : Communication Breakdown |  Human Factors : Situational Awareness |  Communication Breakdown.Party1 : Maintenance |  Communication Breakdown.Party2 : Maintenance Location Of Person : Hangar / Base |  Reporter Organization : Air Carrier |  Function.Maintenance : Technician |  ASRS Report Number.Accession Number : 2040486 |  Human Factors : Communication Breakdown |  Human Factors : Situational Awareness |  Communication Breakdown.Party1 : Maintenance |  Communication Breakdown.Party2 : Maintenance |  | Person : 3 |  Location Of Person : Hangar / Base |  Reporter Organization : Air Carrier |  Function.Maintenance : Lead Technician |  ASRS Report Number.Accession Number : 2040485 |  Human Factors : Communication Breakdown |  Human Factors : Situational Awareness |  Communication Breakdown.Party1 : Maintenance |  Communication Breakdown.Party2 : Maintenance |  | Person : 4 |  Location Of Person : Hangar / Base |  Reporter Organization : Air Carrier |  Function.Maintenance : Technician |  ASRS Report Number.Accession Number : 2040480 |  Human Factors : Communication Breakdown |  Human Factors : Situational Awareness |  Communication Breakdown.Party1 : Maintenance |  Communication Breakdown.Party2 : Maintenance,Anomaly.Aircraft Equipment Problem : Critical |  Anomaly.Flight Deck / Cabin / Aircraft Event : Illness / Injury |  Anomaly.Deviation / Discrepancy - Procedural : Maintenance |  Anomaly.Deviation / Discrepancy - Procedural : Published Material / Policy |  Detector.Person : Maintenance |  When Detected : Routine Inspection |  Result.General : Physical Injury / Incapacitation,Contributing Factors / Situations : Aircraft |  Contributing Factors / Situations : Company Policy |  Contributing Factors / Situations : Human Factors |  Contributing Factors / Situations : Procedure |  Primary Problem : Human Factors,"Person 2, Person 4 and I [Person 1] were assigned to Aircraft X. Landing gears doors were already in the down position. The Lead [Person 3] assigned us with removing the accumulator that was, causing a hydraulic leak. The Lead and I pulled breakers, depressurize the system, removing the head pressure. We removed the bottle placed on the table, replace the valve and packing reinstalled the bottle pressurize the system and the Lead pushed in all the breakers. then we refilled the green hydraulic reservoir. The accumulator still leaked, we received a new accumulator we replaced it, Person 2 and the Lead proceeded to go upstairs to the flight deck. The Lead was in an hurry to get the job done before night shift came on. The Lead stowed the manual gear drop and proceeded to turn on the system approx XE00 hours. At that time I was next to the green hydraulic system reservoir I went around to where the ladder that was inside the wheel well to look if the accumulator was leaking at that time before even knew it, the landing gear and ladder was lifting up and pushing me towards the landing gear wheel. My legs were caught in between the ladder. Person 4 next to me, screamed to get out of the way I wasn't quick enough. He tried radio over the radio to stop for me. I was able to get one foot out and get out of the way from the wheel, and then the ladder went up into the wheel well with the landing gear closing behind it. Suggestion: Slowing down. Narrative: 2 There were three AMTs that were farmed out from the terminal to the hangar, we arrived at XA30 and were given a task to finish 2 service on another aircraft on the west ramp at spot X. At around XC00 we were then called out over the radio by our Lead to help find the problem as to why we had an air return on Aircraft X, the original write up was that the pilots reported losing all HYD pressure in the green system after takeoff causing him to manually drop the landing gear. The landing gear pins were already installed and we were told by Lead to standby, as he was going to pressurize HYDs in order to locate where the leak was coming from. We found the leak and were then instructed to begin removing the accumulator while the Lead went to locate and order our parts, we began to pull circuit breakers and depressurizing the green system in order to take the accumulator off. This was accomplished, aside from receiving parts which then arrived around XE30, which was just the joiner and the packing, after installing and leak checking, the leak was still present and bottle needed to be changed along with the joiner and packing, which we then were met by Person A, he assisted in finding the accumulator. after install, around XG00 Person 3 and I went to the cockpit to pressurize HYDS after getting the all clear From both Person A and Lead, Person 3 then stowed the manual gear down handle and pressurized HYDs, the gear doors then came up pinching Person 1 between the ladder and the MLG inboard tire, thankfully he was able to get out in time and only resulted in minor bruises and scrapes. Suggestion: The crew working the job should be the ones touching and carrying out the tests and work. We needed to be more safe when it came to locking out the gear doors, but the configuration of the plane wouldn't have been changed if the original crew was working the problem. No matter the time crunch. Narrative: 3 Aircraft X had lost green sys hydraulic quantity after taking off flight crew accomplished a manual gear extension after an overweight uneventful landing aircraft was recovered by the ramp taken to a gate unloaded and eventually towed to the hanger MLG doors remained down and the manual extension handle still deployed sufficient hydraulic quantity remained so hydraulic power was applied to confirm source of leak I had assigned three technicians to replace the green sys hydraulic accumulator and ordered parts needed to fix the leak then my attention was on three other aircraft that were out of service including one that I had to take out for a run. I was the only qualified mechanic on shift to do so several hours later I stopped by to see how work was progressing on Aircraft X they had replaced a fitting and o ring on the accumulator serviced and re-pressurized the hydraulic system and it was still leaking we located the new accumulator and I assisted with its replacement then I went to the cockpit accidentally hit my knee on the manual gear extension handle so i cranked it to normal stowed position and with clearance applied hyd power and the gear doors came up and pinched a ladder that had been used for access causing damage to the door and to the ceiling of the MLG. Suggestion: Any time the MLG doors are down the collars / locks need to be installed and the manual maintenance access handles need to be pulled and safeties pins installed regardless of the condition or position of the doors are in when the aircraft is brought into the hanger or for that matter wherever the aircraft is because there had been three prior applications of hydraulic power prior to this event without incident and my distractions dedicated to other out of service aircraft and no prior experience on the aircraft type by the three new technicians i had assigned to this job all contributed to this very serious incident. Narrative: 4 Person 1 and I were instructed by our Lead [Person 3] to come and look for hydraulic leak while he goes up in the cockpit to turn the pumps on. We found the leak coming from the green system accumulator and asked him to shut off the hydraulic pumps. He comes down and instructed us to depressurize the green system, and remove the on nut that is holding the accumulator in place. The MLG gear doors were already opened and there was other mechanics working on a different task (overweight landing). So the accumulator was removed after depressurization, a new o ring and fitting were installed and the whole thing was put back together. We did a leak check and it was still leaking. Lead ordered a new accumulator bottle and instructed us to replace it. After doing so, he goes up in the cockpit this time and he stowed the manual gear drop handle then he turned the hydraulic pumps on which made the gear doors go up crushing the ladder. Suggestion: I think the lead was in a rush and did not provide us with enough information for the job.",Maintenance technicians working on an A320 aircraft reported inadvertent gear retraction causing minor injury to another technician.,
2040780,mechanic.pdf (ASRS Maintenance Report Set),report_set:maintenance,,Reference : X |  Aircraft Operator : Air Carrier |  Make Model Name : B767-300 and 300 ER |  Operating Under FAR Part : Part 121,Aircraft Component : Aircraft Furnishing |  Aircraft Reference : X |  Problem : Malfunctioning,Location Of Person : Company |  Reporter Organization : Air Carrier |  Function.Maintenance : Technician |  ASRS Report Number.Accession Number : 2040780 |  Human Factors : Training / Qualification,Anomaly.Aircraft Equipment Problem : Critical |  Anomaly.Deviation / Discrepancy - Procedural : Published Material / Policy |  Anomaly.Deviation / Discrepancy - Procedural : Maintenance |  Anomaly.Deviation / Discrepancy - Procedural : FAR |  Detector.Person : Maintenance |  Result.General : None Reported / Taken,Contributing Factors / Situations : Aircraft |  Contributing Factors / Situations : Chart Or Publication |  Contributing Factors / Situations : Human Factors |  Contributing Factors / Situations : Incorrect / Not Installed / Unavailable Part |  Contributing Factors / Situations : Procedure |  Primary Problem : Human Factors,"The missing insulation blanket in the aft pit was causing temperatures above 112 degrees in lavatory area. The temperature at the duct in the aft cargo area where there was no insulation was reading 260F, possible fire hazard in an enclosed area. There is no value for experience techs. Maintenance Technician should begin their career by exploring the great learning experience a hanger environment can bring at the same time helping out the airlines with delays and cancellations.",Maintenance Technician reported missing insulation in the cargo pit causing high temperatures due to the pneumatic duct.,
2047663,mechanic.pdf (ASRS Maintenance Report Set),report_set:maintenance,,Reference : X |  Aircraft Operator : Military |  Make Model Name : Bell Helicopter 412 |  Maintenance Status.Maintenance Type : Scheduled Maintenance |  Maintenance Status.Maintenance Items Involved : Repair |  Maintenance Status.Maintenance Items Involved : Inspection,Aircraft Component : Engine Control |  Aircraft Reference : X |  Problem : Malfunctioning,Location Of Person : Gate / Ramp / Line |  Reporter Organization : Contracted Service |  Function.Maintenance : Technician |  Qualification.Maintenance : Powerplant |  Qualification.Maintenance : Airframe |  ASRS Report Number.Accession Number : 2047663,Anomaly.Aircraft Equipment Problem : Critical |  Anomaly.Deviation / Discrepancy - Procedural : Maintenance |  Anomaly.Deviation / Discrepancy - Procedural : Published Material / Policy |  Detector.Person : Maintenance |  When Detected : Routine Inspection |  Result.General : Maintenance Action,Contributing Factors / Situations : Aircraft |  Contributing Factors / Situations : Human Factors |  Primary Problem : Human Factors,"Engine bolt located after jamb of #1 engine twist grip and subsequent trouble shooting with magnet in inaccessible area adjacent to engine idle cutoff inner bellcrank. Bolt appears to be un-installed with anti-seize present and no safety wire installed in head of 12-point engine bolt. Last engine maintenance in area Day 1 per documented maintenance records. Installation if engine verified. No other FOD found. Use of borescope, visually thru open panels, or magnet after disassembly/reassembly of engine components with performed.",Maintenance technician found un-installed engine bolt during maintenance troubleshooting due to jamb of engine twist grip.,
2050585,mechanic.pdf (ASRS Maintenance Report Set),report_set:maintenance,,Reference : X |  Aircraft Operator : Air Carrier |  Make Model Name : B787 Dreamliner Undifferentiated or Other Model |  Operating Under FAR Part : Part 121 |  Mission : Passenger |  Flight Phase : Parked,Aircraft Component : Oxygen System/Portable |  Aircraft Reference : X |  Problem : Design,Location Of Person : Hangar / Base |  Reporter Organization : Air Carrier |  Function.Maintenance : Technician |  Qualification.Maintenance : Powerplant |  Qualification.Maintenance : Airframe |  ASRS Report Number.Accession Number : 2050585,Anomaly.Aircraft Equipment Problem : Critical |  Detector.Person : Maintenance |  When Detected : Routine Inspection |  Result.General : Maintenance Action,Contributing Factors / Situations : Aircraft |  Contributing Factors / Situations : Procedure |  Primary Problem : Aircraft,"Oxygen bottle was low, needed to be serviced. When servicing bottle found the batteries in the bottle corroded, possible causing a spark in the bottle. Note the airplane number was just generated (aircraft that the bottle came off is unknown) for this form to be completed. Have the B787 bottle checked more frequently (there is a longer time frame on the B787 bottles-due to the bottle), hydrostatic test and due date are longer times than the standard bottles on the other fleets. This B787 only gets checked when it needs servicing. Note I have seen (2) other times during servicing of this style of bottle-that had corroded batteries. They were both found because the test that gives you a green light was not coming on.",Maintenance Technician reported finding corroded batteries in a B787 portable oxygen bottle.,
2050589,mechanic.pdf (ASRS Maintenance Report Set),report_set:maintenance,,Reference : X |  ATC / Advisory.Ramp : ZZZ |  Aircraft Operator : Air Carrier |  Make Model Name : B777 Undifferentiated or Other Model |  Operating Under FAR Part : Part 121 |  Flight Phase : Parked,Aircraft Component : Service/Access Door |  Aircraft Reference : X |  Problem : Failed,Location Of Person : Gate / Ramp / Line |  Reporter Organization : Air Carrier |  Function.Maintenance : Technician |  ASRS Report Number.Accession Number : 2050589,Anomaly.Aircraft Equipment Problem : Critical |  Anomaly.Deviation / Discrepancy - Procedural : MEL / CDL |  Anomaly.Deviation / Discrepancy - Procedural : Maintenance |  Anomaly.Deviation / Discrepancy - Procedural : Published Material / Policy |  Detector.Person : Maintenance |  When Detected : Routine Inspection |  Result.General : Maintenance Action,Contributing Factors / Situations : Aircraft |  Contributing Factors / Situations : Company Policy |  Contributing Factors / Situations : Human Factors |  Contributing Factors / Situations : Procedure |  Primary Problem : Aircraft,"During routine ETOPS check found door/panel on #1 engine inboard thrust reverser upper hinge beam aft small door missing. Door was missing from panel. [Document] does not allow mid or aft access doors to be missing. There have been countless number of findings/damages/missing parts etc which causes un-necessary delays and sometimes cancellation. A lot of these can be prevented when a qualified technician does a walk around in a timely fashion. Allow all line mechanics to do general walkarounds on all flights..not just on ETOPS flights or scheduled service checks. mechanics should be allowed to do a general walk around on all through flights that come in and out of there assigned gates. Letter says no more walkarounds due to staffing levels at ZZZ....ok now staffing levels are back to normal..we have hired 100s of new mechanics..also see updated and extensive ramp agent walk around below....why pay a mechanic to do a walk around when you can pay a ramp agent to do it and save lots of money.....this is not safe because ramp agents do not know what they are looking at, they are not trained, they are not qualified.........not trying to rant here..........just trying to emphasize on the importance of safety in this industry....its all about customer and aircraft safety.......... Company X is all about safety -- so what happened to safety now?",Aircraft Technician found missing panel on engine thrust reverser during pre-departure walk around.,
2050590,mechanic.pdf (ASRS Maintenance Report Set),report_set:maintenance,,Reference : X |  Aircraft Operator : Air Carrier |  Make Model Name : B737 Undifferentiated or Other Model |  Operating Under FAR Part : Part 121 |  Flight Phase : Parked |  Maintenance Status.Maintenance Items Involved : Inspection,,Location Of Person : Gate / Ramp / Line |  Reporter Organization : Air Carrier |  Function.Maintenance : Technician |  ASRS Report Number.Accession Number : 2050590 |  Human Factors : Troubleshooting |  Human Factors : Situational Awareness,Anomaly.Aircraft Equipment Problem : Critical |  Anomaly.Deviation / Discrepancy - Procedural : Maintenance |  Anomaly.Deviation / Discrepancy - Procedural : Published Material / Policy |  Anomaly.Inflight Event / Encounter : Bird / Animal |  Detector.Person : Maintenance |  When Detected : Routine Inspection |  Result.General : None Reported / Taken,Contributing Factors / Situations : Aircraft |  Contributing Factors / Situations : Human Factors |  Contributing Factors / Situations : Procedure |  Primary Problem : Human Factors,"During walkaround inspection of the fuselage, witnessed small red spot on lefthand side of radome lower section. Approximately the size of a quarter. Wasn't sure if it was a bird strike or a bug. cleaned off area and continued to inspect lefthand side of fuselage. Detailed inspection of leading edge, under wing area, landing gear, trailing edge flap area and exterior of engine cowling. Found no other evidence of bird strike. Meanwhile not seeing, the bird excrement and small amount of blood at the 5 o'clock position of the #1 engine intake, which required a bird strike inspection. I had slowed down and taken the time to read further into the MM (Maintenance Manual), it drove me to look at another MM. After inspecting the area in question, I had not seen any damage at all, and cleaned the small spot on the radome, per the first MM.",B737 Aircraft Maintenance Technician reported not performing a required bird strike inspection as the reporter did not see evidence of the bird strike on the engine intake during a walkaround inspection of the fuselage.,
2051190,mechanic.pdf (ASRS Maintenance Report Set),report_set:maintenance,,Reference : X |  Aircraft Operator : Corporate |  Make Model Name : Gulfstream III (G1159A) |  Operating Under FAR Part : Part 91 |  Mission : Passenger |  Flight Phase : Landing |  Maintenance Status.Maintenance Deferred : Y |  Maintenance Status.Records Complete : Y |  Maintenance Status.Maintenance Items Involved : Installation,Aircraft Component : Wheels/Tires/Brakes |  Aircraft Reference : X |  Problem : Improperly Operated,Location Of Person : Repair Facility |  Reporter Organization : FBO |  Function.Maintenance : Lead Technician |  Qualification.Maintenance : Airframe |  Qualification.Maintenance : Powerplant |  Experience.Maintenance.Lead Technician : 40 |  Experience.Maintenance.Technician : 50 |  ASRS Report Number.Accession Number : 2051190,Anomaly.Aircraft Equipment Problem : Critical |  Anomaly.Deviation / Discrepancy - Procedural : Maintenance |  Anomaly.Deviation / Discrepancy - Procedural : Published Material / Policy |  Anomaly.Deviation / Discrepancy - Procedural : FAR |  Detector.Person : Flight Crew |  When Detected : In-flight |  Result.Aircraft : Aircraft Damaged,Contributing Factors / Situations : Aircraft |  Contributing Factors / Situations : Human Factors |  Contributing Factors / Situations : Procedure |  Primary Problem : Human Factors,"Gulfstream III departed our maintenance facility on Day 0 following replacement of the Emergency Brake Valve. After the replacement valve was installed, the installation was inspected. All 4 Brakes were bled. The Chief Pilot for this aircraft is also a training instructor. He also holds an A&P Maintenance Certificate. Maintenance hooked up 2 each Hydraulic flex lines in reverse. We informed the pilot that we had not performed the operational check portion of the valve installation. He stated that he wanted to do that himself and wanted to do a test flight following that. After the test flight he taxied to the local FBO and put the aircraft in position for a XA00 next day departure. The pilot never performed the operational check of the valve prior to test flight or prior to the XA00- departure next day. The checklist was not followed for either flight which calls for ""Parking Brake Set / Aux Pump On and indicating 3,000 psi"". If the Aux Pump had ever been operated the aircraft would not have been able to taxi the with brakes locked up. The before landing checklist calls for Aux Pump On and 3,000 indicated prior to landing. Since the lines were crossed this built up 3,000 psi to the brakes and caused all 4 to be locked up prior to touchdown. (see prevent situation / correct the situation below). Maintenance facility made policy change: Any component removed having more than one line will have all lines marked with color coded tie straps / color coded paint marker / color coded inspectors seal or tape to prevent any crossed connections. Only the Inspector is approved to remove the markings once verified to be correct. Chief Pilots are no longer allowed to perform operational checks of components replaced without maintenance personnel witnessing the event. It's easy to get complacent, the crew members need to actually follow the checklist.",Maintenance Technician reversed hydraulic flex lines when reassembling brake valve causing brakes to lock up on landing.,
2053161,mechanic.pdf (ASRS Maintenance Report Set),report_set:maintenance,,Reference : X |  Aircraft Operator : Air Carrier |  Make Model Name : B737 Undifferentiated or Other Model |  Operating Under FAR Part : Part 121 |  Flight Phase : Parked,Aircraft Component : Generator Drive |  Aircraft Reference : X |  Problem : Improperly Operated,Location Of Person : Hangar / Base |  Reporter Organization : Air Carrier |  Function.Maintenance : Technician |  Qualification.Maintenance : Airframe |  Qualification.Maintenance : Powerplant |  ASRS Report Number.Accession Number : 2053161 |  Human Factors : Situational Awareness,Anomaly.Aircraft Equipment Problem : Critical |  Anomaly.Deviation / Discrepancy - Procedural : Maintenance |  Detector.Person : Maintenance |  When Detected : Routine Inspection |  Result.General : Maintenance Action,Contributing Factors / Situations : Aircraft |  Contributing Factors / Situations : Human Factors |  Contributing Factors / Situations : Procedure |  Primary Problem : Human Factors,"The IDG’s (Integrated Drive Generator) aluminum drain plug which gets torqued at block 2 step XX is often found cracked due to previous over torquing and/or previous use of improper tool (e.g. channel locks) as evidenced by mangled drain plug. An easy confirmation that this aluminum plug is cracked is: #1/ during increased tightening, suddenly the effort decreases, and #2/ visual inspection of crack under naked eye or magnifying glass. Suggest adding to block 2 step XX “warning: do not over torque drain plug. If during torque sequence the effort required suddenly decreases, stop, and replace drain plug as ‘suspected cracked’.",Aircraft Maintenance Technician reported that the IDG drain plug on B737 aircraft has been found to be cracked due to possible over-torquing.,
2053162,mechanic.pdf (ASRS Maintenance Report Set),report_set:maintenance,,Reference : X |  Aircraft Operator : Air Carrier |  Make Model Name : No Aircraft |  Operating Under FAR Part : Part 121,,Location Of Person : Hangar / Base |  Reporter Organization : Air Carrier |  Function.Maintenance : Lead Technician |  ASRS Report Number.Accession Number : 2053162 |  Human Factors : Training / Qualification,Anomaly.Deviation / Discrepancy - Procedural : Maintenance |  Anomaly.Deviation / Discrepancy - Procedural : Hazardous Material Violation |  Anomaly.Deviation / Discrepancy - Procedural : Published Material / Policy |  Detector.Person : Maintenance |  When Detected : Routine Inspection |  Result.General : Maintenance Action,Contributing Factors / Situations : Human Factors |  Primary Problem : Human Factors,"Opened aircraft engine oil cans were found on oxygen service cart near oxygen bottle service valves during morning shift equipment inspection. Crews need to be aware of the danger of oil and oxygen. And, correct disposal of used oil cans in the HAZMAT area.",Maintenance Lead Technician reported finding opened aircraft engine oil cans on the oxygen service cart near the oxygen bottle service valves during a routine inspection.,
2053650,mechanic.pdf (ASRS Maintenance Report Set),report_set:maintenance,,Reference : X |  Aircraft Operator : Air Carrier |  Make Model Name : B737 MAX Series Undifferentiated |  Mission : Passenger |  Flight Phase : Parked |  Maintenance Status.Maintenance Deferred : N |  Maintenance Status.Maintenance Items Involved : Inspection,Aircraft Component : Wheels/Tires/Brakes |  Aircraft Reference : X |  Problem : Failed,Location Of Person : Hangar / Base |  Reporter Organization : Air Carrier |  Function.Maintenance : Technician |  Qualification.Maintenance : Powerplant |  Qualification.Maintenance : Airframe |  ASRS Report Number.Accession Number : 2053650,Anomaly.Aircraft Equipment Problem : Less Severe |  Detector.Person : Maintenance |  When Detected : Routine Inspection |  Result.General : Maintenance Action,Contributing Factors / Situations : Aircraft |  Primary Problem : Aircraft,"During a LOSA (Line Operations Safety Assessment) observation, mechanic found a #4 brake rotor drive clip cracked. While awaiting parts I inspected the brake and found a total of seven of the rotor drive clips cracked. Got with several other technicians including the grave shift new hire trainer and was told they are seeing this problem on MAX aircraft quite common, and occasionally on new gens. Might need to address the material used for the rotor drive clips! on this particular brake, every crack was found on the last rotor disk leaving me to believe it is a heat issue.",Aircraft Maintenance Technician reported multiple brake rotor drive clips cracked on 737 MAX aircraft.,
2054307,mechanic.pdf (ASRS Maintenance Report Set),report_set:maintenance,,,,Location Of Person : Hangar / Base |  Reporter Organization : Air Carrier |  Function.Maintenance : Technician |  ASRS Report Number.Accession Number : 2054307,"Anomaly.Conflict : Ground Conflict, Critical |  Anomaly.Deviation / Discrepancy - Procedural : Published Material / Policy |  Detector.Person : Maintenance |  When Detected.Other |  Result.General : None Reported / Taken",Contributing Factors / Situations : Company Policy |  Contributing Factors / Situations : Procedure |  Primary Problem : Procedure,"While towing Aircraft X into Bay X there was a near miss with Aircraft Y which was located in bay Y. Aircraft X RH winglet almost made contact with Aircraft Y aft fuselage. The diagonal lines in Bay Y are not applicable for the Aircraft X type. They are also unlabeled. This has happened multiple times. Solution: We need to assess the towing lines in the hangar and make sure that they are labeled correctly, and they accurately represent which AC can be towed where. We also need to add new lines for pulling AC into the widebody bay straight.",Maintenance Technician reported a near miss while towing an aircraft when it almost made contact with another aircraft due to tow lines in the hangar not labeled.,
2058239,mechanic.pdf (ASRS Maintenance Report Set),report_set:maintenance,,Reference : X |  Make Model Name : B737-800 |  Flight Phase : Parked |  Maintenance Status.Maintenance Type : Scheduled Maintenance |  Maintenance Status.Maintenance Items Involved : Installation,Aircraft Component : Electrical Wiring & Connectors |  Aircraft Reference : X |  Problem : Improperly Operated,Location Of Person : Gate / Ramp / Line |  Reporter Organization : Air Carrier |  Function.Maintenance : Inspector |  Qualification.Maintenance : Airframe |  Qualification.Maintenance : Powerplant |  ASRS Report Number.Accession Number : 2058239 |  Human Factors : Time Pressure |  Human Factors : Confusion,Anomaly.Aircraft Equipment Problem : Critical |  Anomaly.Deviation / Discrepancy - Procedural : Maintenance |  Anomaly.Deviation / Discrepancy - Procedural : Published Material / Policy |  Anomaly.Deviation / Discrepancy - Procedural : FAR |  Detector.Person : Maintenance |  When Detected : Aircraft In Service At Gate |  Result.General : Maintenance Action,Contributing Factors / Situations : Aircraft |  Contributing Factors / Situations : Human Factors |  Primary Problem : Human Factors,"During the replacement of an engine harness on Aircraft X, on engine #2, a connector was mistakenly removed. Due to the significant amount of AMT’s present at the time of the job and trying to get the plane out on time, it may have been inadvertently missed during the installation process. Suggestions: Be more organized and not allow time constraints to keep me from being certain with work.",Maintenance Inspector reported a connector was mistakenly removed during the replacement of an engine harness. Reporter stated time pressure was a contributing factor.,
2058245,mechanic.pdf (ASRS Maintenance Report Set),report_set:maintenance,,Reference : X |  Aircraft Operator : Air Carrier |  Make Model Name : A319 |  Operating Under FAR Part : Part 121 |  Flight Phase : Parked |  Maintenance Status.Maintenance Items Involved : Inspection,Aircraft Component : Wing Access Panel |  Aircraft Reference : X |  Problem : Malfunctioning,Location Of Person : Hangar / Base |  Reporter Organization : Air Carrier |  Function.Maintenance : Technician |  ASRS Report Number.Accession Number : 2058245,Anomaly.Aircraft Equipment Problem : Critical |  Detector.Person : Maintenance |  When Detected : Routine Inspection |  Result.General : Maintenance Action |  Result.Aircraft : Aircraft Damaged,Contributing Factors / Situations : Aircraft |  Contributing Factors / Situations : Incorrect / Not Installed / Unavailable Part |  Contributing Factors / Situations : Procedure |  Primary Problem : Aircraft,Fuel tank entry mechanics found heavy corrosion on the attaching hardware and impact fuel panels 640cb and 640bb.,A319 Mechanic reported heavy corrosion was found on components of the fuel tank.,
2058249,mechanic.pdf (ASRS Maintenance Report Set),report_set:maintenance,,Reference : X |  Aircraft Operator : Air Carrier |  Make Model Name : B737 MAX 8 |  Operating Under FAR Part : Part 121 |  Flight Phase : Parked,,Location Of Person : Hangar / Base |  Reporter Organization : Air Carrier |  Function.Maintenance : Technician |  ASRS Report Number.Accession Number : 2058249 |  Human Factors : Confusion,Anomaly.Deviation / Discrepancy - Procedural : MEL / CDL |  Anomaly.Deviation / Discrepancy - Procedural : Maintenance |  Anomaly.Deviation / Discrepancy - Procedural : Published Material / Policy |  Detector.Person : Maintenance |  When Detected : Aircraft In Service At Gate |  Result.General : None Reported / Taken,Contributing Factors / Situations : Company Policy |  Contributing Factors / Situations : Human Factors |  Contributing Factors / Situations : Manuals |  Contributing Factors / Situations : MEL |  Contributing Factors / Situations : Procedure |  Primary Problem : MEL,"The maintenance section of the MEL is vague. Operative detector loops are verified to operate normally once each flight day. Once each flight day, verify each operative detector loop operates normally. Apply heat from an appropriate heat source to a detector element in the loop. The substitute test heat device must not produce heat greater than 450 degrees F. The temperature limit should be observed in the event fuel vapors exist in the area. It goes on to what to expect during the heat test. I found that the MEL can be interpreted as meaning to check each and every segment in the loop or the loop in total. If to check it in total, it does not say where or provide a maintenance reference for the AMM (Aircraft Maintenance Manual) to use to prove this test. It offers no approved tool to use to increase the temperature of the probe into the test range. If you are to check each and every loop segment that is part of the full loop individually, this task is near impossible in the turn environment it was provided to me in. In speaking with Maintenance Control they said you just test the loop anywhere. But my concern there is that you could have multiple faults that compromised much more than one area. When you look in the IPC (Illustrated Parts Catalog), each segment of the major loop is called a loop unto itself. So without an approved Aircraft Maintenance Manual procedure for this heat task it leaves far too much to interpretation that I believe it should. Suggestion: I would have a specific Aircraft Maintenance Manual or Work Order listed that compels the Technician onto what the intended procedure, and what tooling approved to use for this.",B737 MAX 8 Technician reported the MEL procedure on testing the fire detection loop was vague and needs to provide more information and direction.,
2059860,mechanic.pdf (ASRS Maintenance Report Set),report_set:maintenance,,Reference : X |  Aircraft Operator : Air Carrier |  Make Model Name : No Aircraft |  Operating Under FAR Part : Part 121,,Location Of Person : Hangar / Base |  Reporter Organization : Air Carrier |  Function.Maintenance : Technician |  ASRS Report Number.Accession Number : 2059860 |  Human Factors : Communication Breakdown |  Communication Breakdown.Party1 : Maintenance |  Communication Breakdown.Party2 : Ground Personnel,Anomaly.Deviation / Discrepancy - Procedural : Maintenance |  Anomaly.Deviation / Discrepancy - Procedural : Hazardous Material Violation |  Anomaly.Deviation / Discrepancy - Procedural : Published Material / Policy |  Anomaly.Deviation / Discrepancy - Procedural : FAR |  Detector.Person : Ground Personnel |  When Detected : Routine Inspection |  Result.General : None Reported / Taken,Contributing Factors / Situations : Human Factors |  Primary Problem : Human Factors,"Last week there was an field service tools that were requested to be shipped. It was close to the departure time of the Aircraft X so I asked my fellow storekeeper to help me shipped the tools. Since it's a Aircraft X flight we have to do the shipment manually by just creating a special tag. Mechanic hand over the tools that he needs to check out. I asked him 2x if there is anything hazmat on the tools and he said NO. While I'm creating the special tag and shipping memo, my co worker is doing the packing and shipping. Tools was sent to the gate. Later in the night I tried to update the Tool location that I realized that it's Hazmat. I advised the Mechanic that one of the tool is Hazmat and can't be shipped back without proper documentation.",Air carrier Storekeeper reported the improper packaging and shipment of Hazmat tools by a fellow Storekeeper.,
2059864,mechanic.pdf (ASRS Maintenance Report Set),report_set:maintenance,,Reference : X |  Aircraft Operator : Air Carrier |  Make Model Name : No Aircraft |  Operating Under FAR Part : Part 121 |  Mission : Passenger |  Flight Phase : Parked,,Location Of Person : Hangar / Base |  Reporter Organization : Air Carrier |  Function.Maintenance : Parts / Stores Personnel |  ASRS Report Number.Accession Number : 2059864 |  Human Factors : Training / Qualification,Anomaly.Deviation / Discrepancy - Procedural : Maintenance |  Anomaly.Deviation / Discrepancy - Procedural : Hazardous Material Violation |  Anomaly.Deviation / Discrepancy - Procedural : Published Material / Policy |  Anomaly.Deviation / Discrepancy - Procedural : FAR |  Detector.Person : Maintenance |  When Detected : Pre-flight |  Result.General : None Reported / Taken,Contributing Factors / Situations : Human Factors |  Primary Problem : Human Factors,I received a pick in Company Software B for hazardous material. Proceeded to go to Company Software A to ship the material. Had made it all the way to booking flight and was given the shipping AWB (Airway Bill) in Company Software A. Once completed I went to my shipping on the other screen in Company Software B to complete the shipping to complete the other half. Wasn't aware that I needed to input the AWB that was given to close out the shipment in Company Software B. Cause: Lack in experience and shipping hazardous material. Suggestions: Company can return back to a 2 person sign off on all hazardous material shipments. Also each item shipping out on ground and air training.,Air carrier Stores Personnel reported the failure to include the AWB with the Hazmat parcel which is required to close the final DG summary. Reporter stated the lack of experience in shipping hazardous material contributed to the document mishandling.,
2060780,mechanic.pdf (ASRS Maintenance Report Set),report_set:maintenance,,Reference : X |  Aircraft Operator : Air Carrier |  Make Model Name : A321 |  Operating Under FAR Part : Part 121 |  Mission : Passenger |  Flight Phase : Parked,,Location Of Person : Gate / Ramp / Line |  Reporter Organization : Air Carrier |  Function.Ground Personnel : Ramp |  Function.Maintenance : Lead Technician |  Qualification.Maintenance : Powerplant |  Qualification.Maintenance : Airframe |  ASRS Report Number.Accession Number : 2060780 |  Human Factors : Troubleshooting |  Human Factors : Workload |  Human Factors : Time Pressure,Anomaly.Deviation / Discrepancy - Procedural : Weight And Balance |  Anomaly.Deviation / Discrepancy - Procedural : Hazardous Material Violation |  Anomaly.Deviation / Discrepancy - Procedural : Published Material / Policy |  Anomaly.Deviation / Discrepancy - Procedural : FAR |  Detector.Person : Maintenance |  When Detected : Aircraft In Service At Gate |  Result.General : Flight Cancelled / Delayed |  Result.Flight Crew : Overcame Equipment Problem,Contributing Factors / Situations : Human Factors |  Primary Problem : Human Factors,"I got an important/hazmat right before I was ready to close the flight, wasn't aware of the hazmat until it arrived plane side, not knowing that I could refuse the shipment I accepted it causing my crew to have to close up the aft cargo and reopen the front cargo to load the hazmat because on an airbus that's the only place it can go. At departure time I was notified that the restricted article wasn't showing on the final. Cause: Only being a crew chief for several weeks, receiving the hazmat at the last minute caused a lapse in judgement and a sort of panic to get it to the right cargo bin. The extra work caused the delay, when I did the NOTOC I thought that would update the final to show that it was part of the final load. Solution: Did what I knew to do when I have items that aren't showing up in the final, call loads, open the flight back up, scan the item that wasn't showing and then finalize the flight one more time.",Air carrier Maintenance Lead Technician reported accepting a late arriving important parcel. The late parcel caused a departure delay in order to load in the cargo compartment and to issue a revised final load plan.,
2061581,mechanic.pdf (ASRS Maintenance Report Set),report_set:maintenance,,Reference : X |  Aircraft Operator : Corporate |  Make Model Name : Bell Helicopter Textron Undifferentiated or Other Model |  Crew Size.Number Of Crew : 1 |  Mission : Ferry / Re-Positioning |  Flight Phase : Parked |  Maintenance Status.Maintenance Deferred : N |  Maintenance Status.Records Complete : Y |  Maintenance Status.Released For Service : Y |  Maintenance Status.Required / Correct Doc On Board : Y |  Maintenance Status.Maintenance Type : Scheduled Maintenance |  Maintenance Status.Maintenance Items Involved : Installation |  Maintenance Status.Maintenance Items Involved : Inspection,Aircraft Component : Tail Rotor Drive Gearbox |  Aircraft Reference : X |  Problem : Improperly Operated,Location Of Person : Repair Facility |  Reporter Organization : Corporate |  Function.Maintenance : Technician |  Qualification.Maintenance : Airframe |  Qualification.Maintenance : Powerplant |  Qualification.Maintenance : Inspection Authority |  Experience.Maintenance.Technician : 20 |  ASRS Report Number.Accession Number : 2061581 Location Of Person : Repair Facility |  Reporter Organization : Corporate |  Function.Maintenance : Technician |  Qualification.Maintenance : Airframe |  Qualification.Maintenance : Powerplant |  Experience.Maintenance.Technician : 5 |  ASRS Report Number.Accession Number : 2061582,Anomaly.Aircraft Equipment Problem : Critical |  Anomaly.Deviation / Discrepancy - Procedural : Maintenance |  Anomaly.Deviation / Discrepancy - Procedural : Published Material / Policy |  Detector.Person : Flight Crew |  When Detected : Aircraft In Service At Gate |  Result.General : None Reported / Taken,Contributing Factors / Situations : Aircraft |  Contributing Factors / Situations : Human Factors |  Contributing Factors / Situations : Incorrect / Not Installed / Unavailable Part |  Primary Problem : Incorrect / Not Installed / Unavailable Part,"I was performing scheduled maintenance on a Bell 206L1+ for a 300-hour event. I completed the Tail Rotor section and all that entailed. Our maintenance facility was recently made aware that the pilot was performing his preflight inspection after receiving the aircraft from scheduled maintenance when he noticed the tail rotor gearbox oil cap was not installed. I was the individual who installed the cap, and another AMT verified its installation by performing a Safety and Security Check (SSC). At this point, the aircraft was looked at by two individuals who verified the cap was installed. After receiving notification of the cap not being installed, we talked amongst ourselves here at our maintenance facility and there are several other people, to include 2 pilots, that saw that the cap was installed prior to the Operational Check Flight (OCF) and the aircraft's departure from our facility to its destination. The aircraft underwent ground-runs and an OCF prior to leaving our facility with no visible signs of oil coming from the gearbox or anywhere else. Narrative: 2 During 300 HR upon completion of servicing and inspection of the tail rotor gearbox area I was tasked with conducting a safety and security check (SSC) of the area prior to the cowling being installed. At the time of my inspection everything appeared and felt secure. After this action the aircraft underwent several ground runs with no evidence of oil leakage. It was also noted by other mechanics as well as pilots that the oil cap was installed at this time. The aircraft was then flown back to its destination. Upon arrival at its destination, during a preflight inspection, it was discovered the tail rotor gearbox servicing cap was not installed.",Helicopter maintenance technicians reported that after scheduled maintenance they learned a pilot discovered during preflight inspection the tail rotor gearbox oil cap was not installed.,
2061955,mechanic.pdf (ASRS Maintenance Report Set),report_set:maintenance,,Reference : X |  Aircraft Operator : Air Carrier |  Make Model Name : Regional Jet 200 ER/LR (CRJ200) |  Operating Under FAR Part : Part 121 |  Mission : Passenger |  Flight Phase : Parked,,Reporter Organization : Air Carrier |  Function.Ground Personnel : Ramp |  Function.Maintenance : Lead Technician |  Qualification.Maintenance : Airframe |  Qualification.Maintenance : Powerplant |  ASRS Report Number.Accession Number : 2061955 |  Human Factors : Communication Breakdown |  Human Factors : Other / Unknown |  Human Factors : Training / Qualification |  Communication Breakdown.Party1 : Ground Personnel |  Communication Breakdown.Party2 : Other,Anomaly.Deviation / Discrepancy - Procedural : Hazardous Material Violation |  Anomaly.Deviation / Discrepancy - Procedural : Published Material / Policy |  Anomaly.Deviation / Discrepancy - Procedural : FAR |  Detector.Person : Maintenance |  When Detected : Aircraft In Service At Gate |  Result.General : None Reported / Taken,Contributing Factors / Situations : Human Factors |  Contributing Factors / Situations : Procedure |  Primary Problem : Human Factors,"Fire extinguisher bottles are being shipped, issued, and handled without protective shunt caps on the squibs. The cardboard boxes are only labeled as nonflammable gas, not as explosive. When we receive the bottles, the squibs are installed on them and have only a non-ESD plastic cap over the squib connectors. The squibs should have shunts on from the manufacturer, what are the venders doing with them? I brought this up in the past when there was only 1 cap in house. We were told we should make shunt caps via a supplement due to no inventory. Whoever is, doing the inspections, testing, shipping and squib tag should be aware of the need for the shunts at all times until installed on the aircraft. Suggestion: 1st educate the venders and shippers of the hazards associated with the squibs. 2nd make sure the squibs are shipped handled and stored with shunt caps on at all times. 3rd cartons need to be properly labeled as to the hazards contained inside.",Air carrier maintenance personnel reported the improper shipping and handling of fire extinguisher bottles. Reporter suggests additional training of shipping and handling personnel is needed.,
2061958,mechanic.pdf (ASRS Maintenance Report Set),report_set:maintenance,,Reference : X |  Aircraft Operator : Air Carrier |  Make Model Name : Commercial Fixed Wing |  Crew Size.Number Of Crew : 2 |  Operating Under FAR Part : Part 121 |  Mission : Passenger |  Flight Phase : Parked |  Maintenance Status.Maintenance Deferred : Y |  Maintenance Status.Records Complete : N |  Maintenance Status.Released For Service : Y |  Maintenance Status.Maintenance Type : Unscheduled Maintenance |  Maintenance Status.Maintenance Items Involved : Inspection,Aircraft Component : Fuselage Nose Cone |  Aircraft Reference : X |  Problem : Malfunctioning,Location Of Person : Gate / Ramp / Line |  Reporter Organization : Air Carrier |  Function.Maintenance : Lead Technician |  Qualification.Maintenance : Airframe |  Qualification.Maintenance : Powerplant |  ASRS Report Number.Accession Number : 2061958 |  Human Factors : Troubleshooting |  Human Factors : Communication Breakdown |  Communication Breakdown.Party1 : Maintenance |  Communication Breakdown.Party2 : Maintenance,Anomaly.Aircraft Equipment Problem : Critical |  Anomaly.Deviation / Discrepancy - Procedural : Maintenance |  Anomaly.Deviation / Discrepancy - Procedural : Published Material / Policy |  Detector.Person : Maintenance |  When Detected : Aircraft In Service At Gate |  Result.General : Maintenance Action,Contributing Factors / Situations : Aircraft |  Contributing Factors / Situations : Human Factors |  Contributing Factors / Situations : Procedure |  Primary Problem : Procedure,"Aircraft arrived in ZZZ just after XA00 with a pilot report of lightning strike. The maintenance crew consulted with Maintenance Control and it was determined that the aircraft could continue in service, with reference to the AMM XX-XX-XX-XXX-XXX-X, for two flight cycles. I believe this is incorrect due to the fact that there was extensive damage to the nose area of the aircraft. Cause: The event occurred in my opinion, due to the fact that there were many aircraft out of service at the time, and that the aircraft was needed to cover the trip. Suggestion: Follow all maintenance manual procedures.",Maintenance Technician reported an aircraft with extensive damage to nose was approved for flight before repair.,
2062965,mechanic.pdf (ASRS Maintenance Report Set),report_set:maintenance,,Reference : X |  Aircraft Operator : Air Carrier |  Make Model Name : Commercial Fixed Wing |  Crew Size.Number Of Crew : 2 |  Operating Under FAR Part : Part 121 |  Mission : Passenger |  Flight Phase : Parked |  Maintenance Status.Maintenance Type : Unscheduled Maintenance |  Maintenance Status.Maintenance Items Involved : Inspection,Aircraft Component : Flap Control (Trailing & Leading Edge) |  Aircraft Reference : X |  Problem : Malfunctioning,Location Of Person : Repair Facility |  Reporter Organization : Air Carrier |  Function.Maintenance : Technician |  Qualification.Maintenance : Powerplant |  Qualification.Maintenance : Airframe |  ASRS Report Number.Accession Number : 2062965 |  Human Factors : Time Pressure Location Of Person : Repair Facility |  Reporter Organization : Air Carrier |  Function.Maintenance : Technician |  ASRS Report Number.Accession Number : 2065814 |  Human Factors : Time Pressure,Anomaly.Aircraft Equipment Problem : Critical |  Anomaly.Deviation / Discrepancy - Procedural : Maintenance |  Anomaly.Deviation / Discrepancy - Procedural : Published Material / Policy |  Detector.Person : Maintenance |  When Detected.Other |  Result.General : None Reported / Taken,Contributing Factors / Situations : Aircraft |  Contributing Factors / Situations : Company Policy |  Contributing Factors / Situations : Human Factors |  Contributing Factors / Situations : Staffing |  Primary Problem : Company Policy,"On the night of Day 0 going into Day 1, a few of us were assigned to work the OTS (Out of Service) aircraft for a flap lock issue. The report generated from the aircraft stated the warning message (F/CTL FLAPS LOCKED, SFCS). Failure messages included: (FLP 1 CHK LH MECH DRIVE, AND FLP 2 CHK LH MECH DRIVE). We failed to receive any kind of turnover due to the fact that morning shift was the last to touch the aircraft, and swing shift was waiting on parts, so by the time the midnight crew arrived, we had no direction on where to start besides searching through scattered paperwork in search of where to begin maintenance. We concluded that a previous shift found damage to the track 3 system and based off our manual instructions for the associated faults, we proceeded as such to inspect for more damage. By the end of the shift, we discovered more underlying damage of the flap system which included track 3 and track 4 (the outboard flap), and potential damage to the inboard flap system (track 1 and 2). Us AMTs created a copious amount of non-routine items for tracks 3 and 4, and nothing for track 1 and 2. We were told by a crew chief to hold off on writing up a potentially worn attaching link of the track 2 inboard flap, due to the fact that since track 3 was removed, it could have caused play in the inboard flap system. We were told that the next shift will check out track 1 and 2 when track 3 was reassembled. This is a failure on our behalf to write this particular item up. When the aircraft left ZZZ, we proceeded to check documentation, and did not find anything regarding inspection of the LH track 1 and 2 system, but rather a GVI (General Visual Inspection) of the LH flap system, in which we are unsure if that was included. The following night after we were assigned to the aircraft, management decided that the crew chief from the day before will no longer be able to have that aircraft, and they wanted a whole new crew to be assigned to it. Our opinion was that due to the immense amount of write ups the day prior, management felt as if it caused an operational delay in production. Mind you, this is suspected by us AMTs. As techs searching for a flap failure, we felt as if there was an unjust pressure and judgement against us by scrupulously following the approved maintenance manual references. This feeling of a ""push"" in order to have forward progress in regard to aircraft repair seemed to become overwhelming as the night progressed. This type of operational pressure and feelings of being wanted to ""look the other way"" is a dangerous work practice when attempting to make possibly consequential airworthiness decisions, especially regarding an emergency landing flight control issue with our innocent passengers onboard. Cause: Saturation of write ups for damage found, and pressure for forward progress regarding work production in order to get the aircraft out as soon as possible for revenue service. Contributing factors regarding why this happened also includes preemptive decision making by our crew chief without reference material regarding our track 2 inboard flap concern. Solution: ""Judgement free"" expectation for writing up suspected damage or confirmed damage/failures. Management pressure expectations to be reduced, due to the fact that the AMTs and Crew Chiefs have the ultimate and final say on airworthiness decisions. We are told that management expects write ups and issues throughout the night on an OTS aircraft, but in turn show the opposite by failure of their word by inducing pressure. Most of these situations when later talked about seem to be disregarded as not a big deal and expected to happen based off experience of what supervision has seen, but when it comes to the actual event occurring, this ideology changes. Narrative: 2 On the night of Day 0 working into Day 1 I was part of OTS (Out of Service) crew assigned to an A/C. After a complete lack of briefing and or turnover from anyone of the techs or crew chiefs of swing shift due to the fact they did not work the A/C and day shift was the last ones to do so and they never left a turnover for them either, at which point we had to deduce where the A/C was left off just from non routine write ups and from visually examining what was removed. Failure of the turnover had us start at the beginning thus inspecting the report and associated faults which were for a FLP1 CHK MECH DRIVE and FLP 2 CHK LH MECH DRIVE, with this information in hand we looked over the L/H wing on the aircraft and found that Track 3 was disassembled and was found to have mechanical failure in a few major parts. As we restarted all troubleshooting from scratch we performed a visual inspection of the area and found numerous discrepancies that were noted on non routine paperwork, out of which one discrepancy for a loose/worn attach link on FLAP 2 was to be left unwritten at the request of crew chief on duty due to the fact Track 3 was disassembled at the time there was no way of knowing any effects from that that would create issues/looseness to Track 2. This is a failure on us as techs to write up the issue even against the wishes of the crew chief. Upon the aircraft final sign off we reviewed the sign offs done here in ZZZ and noted that our concern was never addressed about the #2 flap even though the initial faults to the system were for Track1 and Track2. Even before the aircraft left ZZZ we had our doubts about management over involvement during the course of the aircraft’s OTS time here. The night of Day 1 we were not reassigned to the aircraft and neither was our crew chief due to managements concerns over the copious amounts of non routines generated the previous night shift, the constant pressure from management involvement towards an operational goal and not towards the actual safety was constantly felt and was observed by most everyone that had involvement in aircraft’s stay here and the ultimate reason that both techs and crew chiefs were under such ridiculous sustained pressure and scrupulous oversight was why ultimately the aircraft left without certain aspects of possibly unserviceable items to have been overlooked and thus letting an aircraft full of paying customers leave this station in questionable airworthiness and this issue has been an issue with our local management during every single OTS event. Cause: Pressure for aircraft progress at no regard to procedures, or restrictions to such procedures be it by equipment and or time, operational needs of the A/C being pushed against the airworthiness needs of the A/C, numerous crews of AMTs and crew chiefs being rotated through in hopes that they will find a crew that would comply with management requests better then the others and in hopes of bending/breaking some regulations for the operational need. Broken and/or missing equipment/tooling, improper/missing turn over paperwork from AMT and/or crew chiefs, decision making from supervision without any kind of paperwork or written approved deviation from reference material. Solution: Management pressure needs to stop, it is extremely unsafe and they especially good at inducing fear of being reprimanded into new and young AMTs during their probationary periods and they continue this trend of bullying into submission afterwards, at a time the A/C is OTS it is up to the AMTs and the Crew chiefs as to proper and correct actions as per our FAA approved reference material and any kind of deviation from such reference material with written authorization if needed. The operational needs of the A/C will and should always come in second place to safety. Technicians should not be scrutinized or looked down upon for doing their sworn duty to maintain the A/C in a airworthy condition as instructed to do so by the FAA rules and regulations and by the reference material that were agreed upon by the FAA and our company.",Maintenance technicians reported that while they were working on an aircraft with a flap issue the company management was not supportive of AMT's working to find root cause of the problem.,
2069879,mechanic.pdf (ASRS Maintenance Report Set),report_set:maintenance,,Reference : X |  Aircraft Operator : Air Carrier |  Make Model Name : A321 |  Operating Under FAR Part : Part 121 |  Flight Phase : Parked |  Maintenance Status.Maintenance Type : Unscheduled Maintenance |  Maintenance Status.Maintenance Items Involved : Repair,Aircraft Component : Fuel Booster Pump |  Aircraft Reference : X |  Problem : Design,Location Of Person : Hangar / Base |  Reporter Organization : Air Carrier |  Function.Maintenance : Lead Technician |  Qualification.Maintenance : Airframe |  Qualification.Maintenance : Powerplant |  ASRS Report Number.Accession Number : 2069879 |  Human Factors : Troubleshooting,Anomaly.Aircraft Equipment Problem : Critical |  Anomaly.Deviation / Discrepancy - Procedural : Published Material / Policy |  Anomaly.Ground Event / Encounter : Fuel Issue |  Anomaly.No Specific Anomaly Occurred : Unwanted Situation |  Detector.Person : Maintenance |  When Detected : Routine Inspection |  Result.General : Maintenance Action,Contributing Factors / Situations : Aircraft |  Contributing Factors / Situations : Chart Or Publication |  Contributing Factors / Situations : Human Factors |  Contributing Factors / Situations : Manuals |  Contributing Factors / Situations : Procedure |  Primary Problem : Procedure,"Aircraft X had an open discrepancy for the RH wing INBD fuel pump fuel leak. As the crew chief assigned with the aircraft, I requested a defuel of the aircraft because it had 22,000lbs total fuel. The Aircraft Maintenance Manual (AMM) does not call for a defuel but I decided it was best as a precaution. The aircraft was eventually defueled to 13,000 lbs total fuel but was imbalanced with fuel in the right wing tank. I instructed the mechanic to pump all of the fuel into the center tank which resulted in roughly 8000lbs of fuel in the center tank and the remaining fuel in the left wing. Once the fuel was moved, the mechanic began the removal procedure of the fuel pump in accordance with the AMM. All precautions and steps were followed. During the removal of the pump, the slide valve remained on the pump and was pulled from the wing tank as one unit. The slide valve was tightly sealed with O-rings on the fuel pump which prevented it from separating from the pump as it should have per the AMM. This caused a fuel leak from the wing. The mechanic immediately tried to stop the leak but was unable to successfully put the fuel pump back in place. He then contacted me by phone. I immediately went to the aircraft. I contacted management and was told that the fire department was already notified. Many mechanics, crew chiefs, and supervisors immediately got spill kits and attempted to contain the fuel. Mechanics were able to then separate the slide valve from the fuel pump on the ground and slide it into place on the wing to stop the leak. We then cleaned the spill. The slide valve is supposed to be locked in place by a flange. The flange is very small and easily worn, about the size of half a 3/16 washer. The pump was very sealed into the slide valve, so when it was removed, it came out as one assembly past the flange. In addition, the center fuel tank gravity fed fuel into the right wing which caused the large spill even after taking extra precautions to defuel the wing tank. Suggestions: There needs to be more details in the AMM as precautions to take when removing a fuel pump. The Aircraft Maintenance Manual does not suggest defueling the tank before removal of the pump. The Aircraft Maintenance Manual also does not caution in the removal procedures that on A321 aircraft the center fuel tank will gravity feed into the wing tanks if the center tank has less fuel. This spill could have been easily avoided if that precaution was present in the removal of the fuel pump reference.",Aircraft Technician reported lack of key information in A321 aircraft maintenance manual when removing a fuel pump lead to fuel spill.,
428304,ASRS Database Online custom search,turnover,199902,Operator: Air Carrier | Make/Model: MD-80 Series (DC-9-80) Undifferentiated or Other Model,Component: Nosewheel Steering | Problem: ,Function: Technician Technician | Human Factors: Troubleshooting ,,Contributing Factors: Airspace Structure; Human Factors; Logbook Entry | Primary Problem: Human Factors,ON FEB/XA/99; I WAS ASSIGNED ACFT XYZ TO ASSIST IF NEEDED ON A LOGBOOK WRITE-UP FOR NOSE STEERING PROBS. I WAS JUST COMING OFF MY WKEND; SO I HAD NO IDEA WHAT HAD BEEN DONE; OR WHO WORKED ON THIS ACFT. ACR HAD SENT IN ZYX HVY MAINT MECH TO COMPLETE THIS TASK. ZYX MECH COMPLETED THE JOB OF RIGGING THE STEERING CABLES. I HAD NO PART IN ANY WAY WITH REPAIRING OF THE NOSEWHEEL STEERING. ABOUT XB:00 AM ZYX MECH COMPLETED THE JOB AND SIGNED OFF ALL PAPERWORK INVOLVING NOSEWHEEL STEERING. I COMPLETED THE OVERNIGHT CHK AND WENT IN TO COMPLETE MY PAPERWORK. I LOOKED OVER THE LOGBOOK WHICH ALL ACTIONS WERE COMPLIED WITH; AND SIGNED OFF. ALL JOB CARD TURNOVERS COMPLETED. I SIGNED OFF THE OVERNIGHT IN THE LOGBOOK AND SIGNED THE AIRWORTHINESS OFF. THAT FOLLOWING NIGHT AT AB00 FEB/XB/99; ACR MGMNT APCHED ME ABOUT XYZ. THEY ASKED IF I SIGNED THE AIRWORTHINESS; YES I DID. THEY EXPLAINED THE REQUIRED INSPECTION ITEM WAS NEVER ENTERED IN THE LOGBOOK. I INFORMED ACR I WAS NOT INVOLVED IN THIS TASK. BUT BY SIGNING OFF THE AIRWORTHINESS BY MY ERROR; I TAKE RESPONSIBILITY FOR THE REQUIRED INSPECTION ITEM NOT BEING COMPLIED WITH. THIS ACFT WAS IN ZZZ FOR 3 DAYS AND 12 SHIFTS WORKED ON IT TO MY UNDERSTANDING. THE PERSON DOING THIS JOB TASK SHOULD HAVE INITIATED A REQUIRED INSPECTION ITEM IN THE LOGBOOK. BY ERROR I WAS DOING MY JOB MAKING SURE ALL PAPERWORK WAS SIGNED AND COMPLETED AND IT WAS SO I MADE THE LAST ENTRY IN THE LOGBOOK AND SIGNED OFF THE AIRWORTHINESS.,AN MD80 WAS DISPATCHED IN NON COMPLIANCE WITH NOSE GEAR STEERING CABLE REPLACEMENT NOT INSPECTED PER MAINT MANUAL REQUIRED INSPECTION ITEMS.,
431275,ASRS Database Online custom search,turnover,199902,Operator: Air Carrier | Make/Model: MD-11,Component: Electrical Wiring & Connectors | Problem: Malfunctioning,Function: Technician  | Human Factors: Time Pressure; Troubleshooting ,,Contributing Factors: Aircraft; Human Factors | Primary Problem: Human Factors,ON OR ABOUT FEB/XA-XB/99; I WAS INVOLVED IN THE SPLICING OF WIRES OR REPAIR OF A WIRE BUNDLE ON ACFT ACR; MD11; XYZ; THAT HAD NUMEROUS PROBS: EXTERNAL PWR; APU; INCLUDING FUEL SYS ENG AND PUMPS. I; UPON RECEIVING THE TURNOVER FROM DAY CREW AVIONICS (WHICH HAD RAN NEW WIRING TO THE AFFECTED AREA AND ELECTRICAL CTR) SPLICED IN THE NEW WIRING TO ORIGINAL BY USING APPROPRIATE WIRING DIAGRAM MANUAL AND MAINT MANUALS. WITH THE AID OF TECHNICAL CREW CHIEF AND ENGINEER; WE PERFORMED CURSORY CHKS OF THOSE AFFECTED SYS. CHKED MY WORK ACCOMPLISHED BY DOCUMENTING ON JOB CARD. I ALSO LEFT A VERBAL TURNOVER TO ROUTING MGR AND TECHNICAL CREW CHIEF THAT ACFT NEEDED TO BE PUSHED OUT AND RAN FOR VERIFICATION OF THOSE AFFECTED SYS WERE FUNCTIONING PROPERLY. ON MAR/XA/99; I SIGNED FOR CERTIFIED LETTER FROM FAA WYZX FOR PROB WITH SHUTTING DOWN #3 ENG. I DID NOT KNOW AT ANY TIME FALSELY OR INTENTIONALLY NOT FOLLOW PROPER PROCS IN THE REPAIR OF THIS ACFT.,AN MD11 WAS DISPATCHED IN NON COMPLIANCE WITH THE #3 ENG FUEL SHUTOFF VALVE INCORRECTLY WIRED.,
431298,ASRS Database Online custom search,turnover,199903,Operator: Air Carrier | Make/Model: MD-90 Series (DC-9-90) Undifferentiated or Other Model,Component: Turbine Engine Thrust Reverser | Problem: Malfunctioning,Function: Technician Technician | Human Factors:  ,,Contributing Factors: Human Factors | Primary Problem: Human Factors,SHIP XYZ ON MAR/XA/99; AFTER COMPLETION OF JOB CARD XX ON #1 ENG; THRUST REVERSER BYPASS PIN WAS NOT REMOVED. ACFT COMPLETED 1 FLT TO XXX; FLT XWX; AND THE THRUST REVERSER DID NOT DEPLOY. ON MAR/XA/99; I WAS MECH IN CHARGE AND ARRIVED AT WORK AT XB00. I WAS INFORMED OF AN INVESTIGATION BY SECURITY AND THAT ALL PERSONNEL WOULD BE INTERVIEWED. THE ORIGINAL MECH ASSIGNED TO WORK SHIP ABC WAS SUSPENDED AND SENT HOME AFTER HIS INTERVIEW; WHICH LEFT NO PERSONNEL ASSIGNED TO THE ACFT. ANOTHER MECH WAS THEN ASSIGNED TO WORK THE ACFT. I CONTINUED TO WORK AS MECH IN CHARGE; AND WORK ON SHIP ABC. I FINISHED MY DUTIES ON SHIP ABC AND RELIEVED THE MECH ON SHIP XYZ BECAUSE HE WAS ON OVERTIME. ANOTHER MECH WAS ALSO ASSISTING HIM; I RELIEVED THE SECOND MECH ALSO; BECAUSE HE WAS ON LIGHT DUTY. THE MAJOR CONTRIBUTING FACTORS TO THIS INCIDENT ARE THAT SECURITY AND THE REGIONAL DIRECTOR WERE INTERVIEWING ALL THE STATION PERSONNEL ON A VERY SERIOUS ISSUE. BECAUSE OF THE INTERVIEWS; THERE WAS A LOT OF MANPOWER MOVEMENT FROM PLANE TO PLANE TO COVER DURING EACH MECH'S INTERVIEW. DUE TO THE SEVERITY OF THE SUBJECT MATTER DURING THE INTERVIEWS; ALL MAINT PERSONNEL WERE DISTR; WHICH MADE IT VERY DIFFICULT TO CONCENTRATE ON THE DUTIES AT HAND. THE DETAILS ON THE INTERVIEWS BECAME THE FOCUS OF THE SHIFT WITH THE MECHS. CALLBACK CONVERSATION WITH THE RPTR REVEALED THE FOLLOWING INFO: THE RPTR STATED THE JOB WAS TO BLOW OUT THE ELECTRONIC ENG CTL PRESSURE BLEED SENSE LINE AND THEY BELIEVED IT WAS NECESSARY TO OPEN THE THRUST REVERSER TO GAIN ACCESS TO THE LINE. THE RPTR SAID OPENING THE THRUST REVERSER WAS NOT REQUIRED AND THE JOB CARD DID NOT HAVE ANY DIRECTIVE TO OPEN THE THRUST REVERSER. THE RPTR STATED THE WORK SHIFT WAS DISRUPTED BY AN INVESTIGATION THE COMPANY WAS CONDUCTING AND MECHS WERE SHIFTED FROM JOB TO JOB WITH LITTLE OR NO TURNOVER WRITEUPS ON THE WORK IN PROGRESS. THE RPTR SAID NO WRITEUP WAS MADE ON THE BYPASS PIN INSTALLED ON #1 ENG AND THE JOB CARD HAD NO DIRECTIVE TO REMOVE THE PIN; SO IT WAS NOT REMOVED.,AN MD90 WAS DISPATCHED IN NON COMPLIANCE WITH THE #1 THRUST REVERSER BYPASS PIN NOT REMOVED. #1 THRUST REVERSER DID NOT DEPLOY ON LNDG AT XXX.,
436482,ASRS Database Online custom search,turnover,199905,Operator: Air Carrier | Make/Model: MD-11,Component: Turbine Engine Thrust Reverser | Problem: Design; Improperly Operated,Function: Lead Technician Lead Technician | Human Factors: Time Pressure; Troubleshooting ,,Contributing Factors: Airspace Structure; Company Policy; Human Factors; Aircraft; Manuals | Primary Problem: Human Factors,I WAS LEAD MECH ON ACFT. DURING MAINT; REVERSER WAS PINNED. NO LOG ENTRY WAS MADE AND NO ONE WAS INFORMED AT TURNOVER. I RELEASED THE ACFT FOR SVC WHICH MADE AN AIR TURN-BACK BECAUSE A PAX NOTICED A PANEL FLAPPING ON #1 PYLON. ON ARR AT THE GATE; THE REVERSER PIN WAS FOUND INSTALLED. CALLBACK CONVERSATION WITH RPTR REVEALED THE FOLLOWING INFO: THE RPTR STATED THE YOUNG MAN WHO INSTALLED THE LOCKOUT PIN WAS REALLY FOLLOWING THE PROCS USED ON THE LOCKHEED L1011 WHERE ANY ENG WORK REQUIRES PINNING THE THRUST REVERSERS. THE RPTR SAID THE PANEL USED FOR ACCESS TO INSTALL THE LOCKOUT PIN IS 2 INCHES BY 4 INCHES AND IS LOCATED IN THE LEADING EDGE OF THE PYLON AND WILL CLOSE FLUSH TO THE PYLON SKIN AFTER THE LOCKOUT PIN IS INSTALLED. THE RPTR SAID AFTER THE LOCKOUT PIN IS INSTALLED AND THE DOOR FLAPS CLOSED; THERE IS NO WAY A VISUAL CHK FROM THE GND WILL DETERMINE THE STATUS OF THE REVERSER. THE RPTR STATED THE LOCKOUT PIN HAS NO STREAMER ATTACHED AS IT IS STORED IN THE SAME 3 INCH BY 4 INCH COMPARTMENT AND IN A HIGH HEAT AREA. THE RPTR SAID THIS TYPE OF INCIDENT HAS HAPPENED BEFORE AND THE COMPANY IS IN THE PROCESS OF CHANGING THE JOB CARDS. THE RPTR SAID THE TECHNICIAN WHO INSTALLED THE PIN CANNOT BE EXCUSED FOR NOT MAKING A WRITE-UP THAT THE PIN WAS INSTALLED.,AN MD11 WAS DISPATCHED IN NON COMPLIANCE WITH THE #1 ENG THRUST REVERSER LOCKED IN THE FORWARD THRUST POS.,
441911,ASRS Database Online custom search,"shift_change, turnover",199906,Operator: Air Carrier | Make/Model: DC-10 30F,Component: Fan Reverser | Problem: Malfunctioning,Function: Technician Technician | Human Factors: Communication Breakdown; Time Pressure ,,Contributing Factors: Company Policy; Human Factors; Aircraft | Primary Problem: Human Factors,LEAD MAN (ABC WXZ) TOLD MYSELF AND ANOTHER MECH TO GO TO ACFT XYZ; AND CLOSE #2 ENG. WENT TO PLANE; CLOSED #2 FAN COWLS AND PATIO. LEFT ACFT; UPDATED ELECTRONIC ACFT MAINT LOGBOOK. JUN/SUN/99. CALLBACK CONVERSATION WITH RPTR REVEALED THE FOLLOWING INFO: THE RPTR STATED THE ONLY DIRECTIVE FROM THE LEAD TECHNICIAN WAS TO CLOSE UP #2 ENG COWLING AND WORK PLATFORM. THE RPTR SAID THE LEAD TECHNICIAN RETURNED FROM THE JOB TURNOVER BRIEFING FROM THE PREVIOUS SHIFT LEAD TECHNICIAN AND SAID NOTHING ABOUT THE #2 REVERSER BEING STILL ACTIVATED FOR TROUBLESHOOTING. THE RPTR SAID THE THROTTLE REVERSE BLOCK WAS REMOVED; AND ALL INOP PROCS ON THE ENG WERE REMOVED AND THE REVERSER WAS ACTIVATED. THE RPTR STATED THE COWLING WAS CLOSED AND LATCHED AND THE WORK PLATFORM STOWED AND THE AIRPLANE WAS DISPATCHED WITH THE REVERSER DEFERRED AS INOP BUT NOT LOCKED OUT PER THE MEL REQUIREMENTS. THE RPTR SAID THE ACR HAS RECENTLY IMPLEMENTED AN ACFT ELECTRONIC MAINT LOGBOOK WHERE ANY LOG RPT AND TECHNICIAN'S WRITE UP IS ENTERED IN THE COMPUTER WITH ABSOLUTELY NO PAPERWORK BACKUP. THE RPTR SAID ANY JOB NOT DONE COMPLETELY IS ENTERED IN THE COMPUTER TO BE TURNED OVER AT SHIFT CHANGE. THE RPTR STATED THE REACTIVATION WAS IN THE COMPUTER BUT WAS NOT ACCESSED BY THE LEAD TECHNICIAN; THE RPTR OR HELPER. THE RPTR SAID THE ELECTRONIC LOGBOOK IS FAILING AND NEEDS THE PAPERWORK BACKUP. THE RPTR SAID THE FACT THE ELECTRONIC LOGBOOK RECOGNIZED THE DISCREPANCY IN THE #2 ENG REVERSER AS NOT BEING CLRED IT STILL ALLOWED A MAINT RELEASE TO BE ISSUED.,A DC10-30 WAS DISPATCHED IN NON COMPLIANCE WITH A DEFERRED #2 ENG REVERSER INOP NOT LOCKED OUT PER THE MEL SPECIAL PROCS.,
442712,ASRS Database Online custom search,"shift_change, turnover",199907,Operator: Air Carrier | Make/Model: B737-200,Component: Oil Filter | Problem: Malfunctioning,Function: Lead Technician Inspector; Lead Technician | Human Factors: Troubleshooting ,,Contributing Factors: Chart Or Publication; Logbook Entry; Human Factors; Aircraft; Airspace Structure | Primary Problem: Human Factors,THE ACFT #2 ENG OIL FILTER HAD A LEAK THAT WAS BEING REPAIRED ON Y SHIFT. THERE IS A TYPICAL REPAIR TO SLEEVE THE OIL FILTER CAVITY. THE REPAIR CALLS FOR A MECH TO REMOVE FILTERS AND A MACHINIST TO SKIM CUT THE FILTER CAVITY FOR ROUNDNESS THEN CALL FOR AN INSPECTOR TO ACCOMPLISH AN FINAL PWRPLANT INSPECTION. THEN IF NO CRACKS ARE FOUND THE MECH RESLEEVES AND PRESSURE TESTS AT A GIVEN PSI FOR 10 MINS; REINSTALLS FILTER AND CAP; TORQUE STUDS; THEN REQUESTS AN ENG RUN FOR LEAK CHK. THE MACHINIST DID NOT MAKE THE SKIM CUT BECAUSE THE HOLE WAS NOT OUT OF ROUND; SO HE DIDN'T CALL FOR AN INSPECTOR TO FINAL PWRPLANT INSPECTION THE OIL CAVITY. AFTER SHIFT TURNOVER; THE X SHIFT MECH DID THE PRESSURE TEST AND REINSTALLED THE FILTER AND CAP AND HAD THE ENG RUN LEAK TEST ACCOMPLISHED. AT THIS TIME THE INSPECTION SUPVR WAS REQUESTED BY THE LINE SUPVR TO SEND AN INSPECTOR TO SIGN OFF WORK ACCOMPLISHED IN THE ACFT LOGBOOK. PER GEAR BOX SHOP AND MACHINE SHOP TURNOVERS 'ALL' WORK HAD BEEN ACCOMPLISHED PER THE TYPICAL REPAIR. THE Z SHIFT INSPECTOR SIGNED THE ACFT LOGBOOK AS TO THE ACCOMPLISHMENT OF THE FINAL PWRPLANT INSPECTION. THEN WONDERING WHY THE Y SHIFT INSPECTOR DIDN'T SIGN OFF FOR THE FINAL PWRPLANT INSPECTION; HE CALLED HIM AT HOME AT APPROX XA30; AT WHICH TIME HE INFORMED THE Z SHIFT INSPECTOR THAT HE NEVER DID THE FINAL PWRPLANT INSPECTION. AT THIS TIME THE INSPECTION SUPVR WAS MADE AWARE OF THE NEW DEVELOPMENT. WE TRIED TO CALL THE Y SHIFT MACHINIST TO SEE IF HE GOT AN INSPECTOR FROM ANOTHER AREA TO ACCOMPLISH THE FINAL PWRPLANT INSPECTION AND GOT NO RETURN PHONE CALL. IT WAS NOW SHIFT CHANGE FROM Y TO X SHIFT. THE ACFT HAD BEEN FLOWN WITHOUT INCIDENT FOR THE NEXT DAY'S SVC. WE REQUESTED THE X SHIFT INSPECTION SUPVR TO TRY TO FOLLOW UP WITH CONTACTING THE MACHINIST FOR MORE INFO. UPON RETURNING TO WORK THE NEXT DAY THE Y SHIFT INSPECTOR WAS INFORMED THAT NO FINAL PWRPLANT INSPECTION HAD EVER BEEN ACCOMPLISHED BY ANY OTHER INSPECTOR AND THAT HIS LOGBOOK ENTRY WAS BOGUS.,A B737-200 WAS DISPATCHED IN NON COMPLIANCE WITH #2 ENG REPAIRED BUT NO REQUIRED INSPECTION ACCOMPLISHED.,
443101,ASRS Database Online custom search,shift_change,199907,Operator: Air Carrier | Make/Model: A320,Component: Cowling | Problem: ,Function: Technician Technician | Human Factors: Troubleshooting ,,Contributing Factors: Aircraft; Company Policy; Human Factors; Manuals; Chart Or Publication | Primary Problem: Chart Or Publication,AT START OF SHIFT; CHANGE ORDER AUTH JOB CARDS DID NOT EXIST IN COMPUTER OR ON MICROFICHE. CONTACTED MAINT FOR CHANGE ORDER AUTH PAPERWORK AT XC30; WAS TOLD MAINT WOULD WORK ON IT. AT XD00 LEAD MECH TOLD ME; STILL NO PAPERWORK; WE ARE NOT GOING TO DO THE CHANGE ORDER AUTH. AT XV00 MY CO-WORKER ARRIVED AT ACFT WITH PAPERWORK. CHANGE ORDER AUTH KITS WERE ORDERED BY LEAD MECH. CO-WORKER AND I WENT RIGHT TO WORK READING THE TEXT OF THE CHANGE ORDER AUTH JOB CARDS AND REFING THE ILLUSTRATIONS BUT FAILED TO UTILIZE THE TOD DOCUMENT AT THE BEGINNING OF THE CHANGE ORDER AUTH PAPERWORK. THE TEXT AT STEP 'G' SAID INSPECT LATCHES FOR SECURITY BUT DID NOT MENTION THAT ITEM 'G' WAS A REQUIRED INSPECTION ITEM. FOR THIS REASON THE CHANGE ORDER AUTH WAS COMPLETED JUL/FRI/99; WITHOUT REQUIRED INSPECTION ITEM INSPECTION OR A COMPLETED TOD DOCUMENT. ON JUL/FRI/99; AT XY00; A UNION STEWARD MENTIONED AT BRIEFING THAT ANOTHER INDIVIDUAL FAILED TO HAVE AN INSPECTOR PERFORM REQUIRED INSPECTION ITEM INSPECTION ON THE SAME CHANGE ORDER AUTH BUT ON ANOTHER ACFT. I IMMEDIATELY COORDINATED WITH MAINT TO LOCATE MY SPECIFIC ACFT AND HAVE AN INSPECTOR PERFORM THE REQUIRED REQUIRED INSPECTION ITEM INSPECTION.,AN AIRBUS 320 WAS DISPATCHED IN NON COMPLIANCE WITH THE ENG COWLING LATCH MODIFICATION ACCOMPLISHED BUT NOT INSPECTED.,
445098,ASRS Database Online custom search,turnover,199907,Operator: Air Carrier | Make/Model: B737-200,Component: Trailing Edge Flap | Problem: ,Function: Lead Technician Technician | Human Factors: Troubleshooting ,,Contributing Factors: Human Factors; Aircraft | Primary Problem: Human Factors,ON JUL/XA/99; I WORKED OVERTIME ON ACFT XYZ. I WAS INFORMED THAT A BEARING HAD COME APART AHD NEEDED TO BE REPLACED. THE TURNOVER I RECEIVED WAS THAT A FLAP XMISSION WAS ENRTE FROM ATL AND WHEN IT GOT HERE I WAS TO ROB THE BEARING ASSEMBLY FROM IT AND INSTALL IT ON THE XMISSION ON THE ACFT. THIS INVOLVED REMOVING THE 4 ATTACH BOLTS AND PULLING IT OFF OF THE XMISSION BY HAND. NO RIGGING OF THE BEARING ASSEMBLY WAS REQUIRED AND THE JOB TOOK LESS THAN 1 HR. I BELIEVE THE CAUSE OF THE PROB WAS A BAD TURNOVER.,A B737-200 UNDERGOING A TRAILING EDGE FLAP REPAIR HAD A FLAP XMISSION BEARING REPLACED THAT WAS REMOVED FROM A SVCABLE SHOP ADJUSTED FLAP XMISSION.,
446302,ASRS Database Online custom search,turnover,199908,Operator: Air Carrier | Make/Model: MD-11,Component: Cargo Door | Problem: ,Function: Technician Technician | Human Factors: Time Pressure ,,Contributing Factors: Human Factors; Airspace Structure; Chart Or Publication | Primary Problem: Human Factors,ITEM 45 ON THE #2 LAYOVER CHK INSPECTION OF C1; C2; C3 CARGO COMPARTMENTS ALL ITEMS WERE PERFORMED BY ME WITH EXCEPTION OF CYCLING THE C3 DOOR WHICH WAS GIVEN AS A VERBAL TURNOVER. THE INSPECTION WAS COMPLETED AND WITNESSED PRIOR TO ACFT DEP.,AN MD11 WAS DISPATCHED IN NON COMPLIANCE WITH THE C3 CARGO DOOR NOT SIGNED OFF AS HAVING BEEN CYCLED PER THE OVERNIGHT CHK JOB CARD.,
447159,ASRS Database Online custom search,turnover,199908,Operator: Air Carrier | Make/Model: DC-9 30,Component: Elevator ControlSystem | Problem: ,Function: Technician Technician | Human Factors: Troubleshooting ,,Contributing Factors: Incorrect / Not Installed / Unavailable Part; Manuals; Aircraft; Airspace Structure; Chart Or Publication; Company Policy; Human Factors | Primary Problem: Human Factors,ON AUG/XA/99 UPON RPTING TO WORK; I WAS INFORMED THAT ACFT XYZ (PER LOG) HAD A SVC DIFFICULTY RPT INCIDENT. UPON TKOF ROLL; PLTS EXPERIENCED TROUBLE BEING UNABLE TO KEEP THE NOSEWHEEL ON THE RWY AT 80 KTS. TKOF WAS ABORTED AND THE ACFT RETURNED TO THE GATE. THIS WAS ACFT XYZ; FLT X DEPARTING FROM ZZZ; US. AN IMMEDIATE INVESTIGATION WAS LAUNCHED BY THE COMPANY UNDER THE WATCHFUL EYE OF THE FAA. AN L-CHK HAD BEEN COMPLETED ON ACFT XYZ ON AUG/XX/99. DURING THE L-CHK; BOTH ELEVATOR PWR CTL ACTUATING CYLINDERS AND ASSOCIATED UNIVERSAL JOINTS WERE REMOVED DUE TO LEAKAGE AND WEAR. DURING THE REMOVAL OF THE UNIVERSAL JOINTS; THE ELEVATOR ROD END WAS ALSO REMOVED TO CHK FOR WEAR AND TO FACILITATE EASIER ACCESS TO SAFETIES ON THE UNIVERSAL ATTACH BOLTS. UPON REASSEMBLE OF THIS INSTALLATION ON BOTH SIDES; MECHS MISSED THE TORQUE AND SAFETIES ON BOTH ELEVATOR ROD ENDS. WORK WAS THOROUGHLY DOCUMENTED THROUGHOUT THE REPLACEMENT PROCESS AND IN THE INTEREST OF AVIATION SAFETY; I WILL ENCLOSE COPIES OF WORK PERFORMED LESS MECH IDENT. THERE WAS DIRECT INVOLVEMENT BY MORE THAN 14 MECHS (INCLUDING INSPECTORS). BEING DIRECTLY INVOLVED AS THE MECH REMOVING BOTH UNITS AND LOOSELY ASSEMBLING THE UNIVERSAL ASSEMBLIES ON BOTH L AND R ELEVATOR; I WAS QUESTIONED THOROUGHLY WHY I REMOVED THE UNIT AS I DID AND WHY I LOOSELY ASSEMBLED IT. I BELIEVED I HAD PROPERLY SIGNED OFF THE WORK I PERFORMED ON JUL/XD/99 AND JUL/XE/99 EVEN REFING THE IPC FOR PROPER TERMINOLOGY. THE ACFT LOGS LEAVE IT VERY APPARENT THAT SAFETIES WERE NOT PRESENT ON THE ELEVATOR ROD ENDS ON BOTH ELEVATORS. IN THE PRELIMINARY INVESTIGATION FINDINGS WE FOUND WERE TRAINING (OR LACK OF TRAINING); NOMENCLATURE (AMM/IPC CALLING THE ELEVATOR ROD END INTERCHANGEABLY WITH ELEVATOR EYEBOLT); SHIFT TURNOVERS (FIRST SHIFT TO THIRD SHIFT); POOR ACCESS TO AREA (OVERHEAD) AND NUMEROUS HUMAN FACTORS INVOLVING PEOPLE MISINTERPING OTHERS' WRITTEN TURNOVERS AND TUNNEL VISION ALONG WITH OTHER FACTORS. MY RECOMMENDATIONS TO THE INVESTIGATING TEAM WERE TO INCLUDE THE CLOSING PANEL INTO THE REQUIRED INSPECTION PROGRAM SO THAT A FINAL INSPECTION OF THIS FLT CTL ACTUATOR MOUNTING NUT WAS REQUIRED BEFORE CLOSING THE SMALL PANEL OVER THIS AREA. I BELIEVE THERE WOULD BE NO WAY A SAFETY ON A 3/4 INCH KEYED LOCK NUT WOULD BE MISSED. CALLBACK CONVERSATION WITH RPTR REVEALED THE FOLLOWING INFO: THE RPTR STATED THE EXACT CONDITION OF THE ROD END BOLTS WAS WRITTEN ON THE JOB CARD AS INSTALLED LOOSELY. THE RPTR SAID THIS WAS IGNORED OR NOT NOTICED WHEN THE NEXT SHIFT STARTED ON THE JOB. THE RPTR STATED NO VERBAL SHIFT TURNOVER WAS ACCOMPLISHED IN REGARD TO THE LOOSE ROD ENDS OR HIS WRITE-UP. THE RPTR SAID A CONFLICT EXISTED BTWN THE ILLUSTRATED PARTS CATALOG WHICH REFERRED TO THE ROD ENDS AS 'EYE BOLTS' AND THE MAINT MANUAL TERMINOLOGY WAS ROD ENDS. THE RPTR SAID THAT SINCE THIS INCIDENT; THE ILLUSTRATED PARTS CATALOG HAS BEEN CHANGED TO AGREE WITH THE MAINT MANUAL. THE RPTR SAID THE REQUIRED FINAL INSPECTION MISSED THE LOOSELY ATTACHED BOLT AND THE .750 INCH KEYED LOCK NUT. THE RPTR STATED THE ACFT MADE 64 FLTS BEFORE THE PWR UNITS BECAME DETACHED FROM THE ELEVATORS.,A DC9-30 REJECTED TKOF AT 80 KTS WHEN UNABLE TO KEEP THE NOSE GEAR ON THE GND CAUSED BY THE ELEVATORS LOCKED IN FULL NOSE UP POS.,
447920,ASRS Database Online custom search,turnover,199908,Operator: Air Carrier | Make/Model: DC-10 10,Component: Pneumatic System - Indicating and Warning | Problem: Malfunctioning,Function: Technician Lead Technician | Human Factors: Time Pressure; Troubleshooting ,,Contributing Factors: Human Factors; Aircraft | Primary Problem: Human Factors,ON AUG/XA/99 I WAS INSTRUCTED BY MY LEAD MECH TO REPLACE THE REVERSER DRIVE MOTOR ON #1 ENG ACFT XYZ. UPON TURNOVER AT XA00; I HAD ONLY REMOVED THE REVERSER DRIVE MOTOR AND OVERPRESSURE SHUTOFF VALVE ATTACHED TO THE DRIVE MOTOR; THEN INSTALLED NEW DRIVE MOTOR WITH THE 4 MOUNT BOLTS. NO DUCTING WAS REMOVED OR LOOSENED OTHER THAN THE 2 FT PIECE DIRECTLY BELOW THE DRIVE MOTOR THAT ATTACHES BTWN THE REGULATOR VALVE AND DRIVE MOTOR. AT THIS TIME; THOROUGH EXPLANATION OF WHAT HAD BEEN DONE WAS GIVEN TO THE NEXT SHIFT CREW ASSIGNED TO CONTINUE THE WORK. THE NEXT DAY; I WAS INFORMED THAT THE ACFT HAD AN INFLT SHUTDOWN BECAUSE OF A FIRE WARNING IN THE FLT COMPARTMENT. AFTER EXAMINATION BY ANOTHER MECH ON THE GATE; I WAS INFORMED THAT THE FAILURE WAS ORIGINATED BY A DUCT CLAMP ON THE BOTTOM OF THE ENG UPSTREAM OF THE REGULATOR VALVE. THIS IS ABOUT 4 FT FROM WHERE I WAS WORKING AND NEVER HAD THE NEED TO LOOSEN ANYTHING ON THE BOTTOM OF THE ENG TO REMOVE THE DRIVE MOTOR. ANOTHER CREW HAS REPLACED THE DAMAGED REVERSERS ALONG WITH OVERPRESSURE SHUTOFF VALVE AND DAMAGED WIRING HARNESS ON AUG/XA/99. THIS ACFT HAS HAD CHRONIC HISTORY PROBS ON #1 ENG REVERSERS.,A DC10-10; IMMEDIATELY AFTER TKOF; DECLARED AN EMER AND RETURNED TO THE FIELD DUE TO A FIRE WARNING IN #1 ENG CAUSED BY A LOOSE PNEUMATIC DUCT CLAMP.,
448891,ASRS Database Online custom search,turnover,199909,Operator: Air Carrier | Make/Model: B757-200,Component: Pneumatic System - Indicating and Warning | Problem: ,Function: Lead Technician  | Human Factors: Time Pressure ,,Contributing Factors: Aircraft; Company Policy; Human Factors | Primary Problem: Human Factors,ON SEP/XA/99; ACFT XYZ WAS SCHEDULED FOR REPAIR ON L PACK HEATER. I WAS THE LEAD FOR THAT ACFT AND IT HAD SEVERAL LOG WRITE-UPS. AVAILABLE MANPWR DICTATED TO WORK LOG WRITE-UPS FIRST. ALL ITEMS WERE NOT COMPLETED ON MY SHIFT; AND I GAVE VERBAL TURNOVER TO FOREMAN OF WORK TO BE COMPLETED. I ALSO ENTERED IN COMPUTER TO SHOW ACFT ITEM BEING 'IN WORK.' CALLBACK CONVERSATION WITH RPTR REVEALED THE FOLLOWING INFO: THE RPTR STATED THE ACFT WAS ROUTED INTO THE STATION FOR A POSITIVE FIX ON #1 ENG PNEUMATIC BLEED SYS. THE RPTR SAID THE ITEM WAS DEFERRED AND WOULD BE OUT OF THE MEL TIME LIMITS IN THE MORNING. THE RPTR SAID AS THE LEAD TECHNICIAN HE DETERMINED THE PRIORITIES WOULD BE TO WORK THE LOGBOOK RPTS FIRST. THE RPTR SAID THE WORK TURNOVER WAS COMPLETED AND THE AIRPLANE WAS RELEASED ON THE NEXT SHIFT AND OPERATED FOR 2 DAYS BEYOND THE MEL LIMITS.,A B757-200 WAS DISPATCHED IN NON COMPLIANCE WITH #1 ENG PNEUMATIC BLEED SYS INOP PER THE MEL BEYOND THE TIME LIMITS FOR REPAIR.,
449491,ASRS Database Online custom search,turnover,199908,Operator: Air Carrier | Make/Model: DC-10 30,Component: Fan Reverser | Problem: Malfunctioning,Function: Technician Technician | Human Factors: Troubleshooting; Time Pressure ,,Contributing Factors: Aircraft; Human Factors | Primary Problem: Human Factors,ON AUG/XA/99; I TOOK A WORK TURNOVER FROM SWING SHIFT ON THE INSTALLATION OF PNEUMATIC DRIVE MOTOR AND OVERPRESSURE VALVE AND ASSOCIATED DUCTING FOR THE #1 REVERSER SYS. I COMPLETED THE INSTALLATION OF THE COMPONENTS AND PERFORMED A LEAK CHK ON THE COMPONENTS I INSTALLED -- NO AIR LEAKS WERE NOTED AT THAT TIME. ON THE OUTBOUND FLT; AN AIR DUCT IN THE AREA WHERE BOTH SHIFTS WERE WORKING; CAME LOOSE CAUSING AN INFLT SHUTDOWN AND RETURN TO FIELD. THE PROB WAS CORRECTED AT THE GATE AND THE FLT WAS SENT BACK OUT. AT THIS TIME THERE IS CONFLICTING INFO ON WHAT CLAMP ACTUALLY CAME LOOSE.,A DC10-30 IMMEDIATELY AFTER TKOF DECLARED AN EMER AND DIVERTED DUE TO A FIRE OVERHEAT WARNING ON #1 ENG CAUSED BY A LOOSE PNEUMATIC DUCT CLAMP.,
453547,ASRS Database Online custom search,turnover,199910,Operator: Air Carrier | Make/Model: B767-300 and 300 ER,Component: Filter | Problem: Improperly Operated,Function: Technician Technician | Human Factors: Time Pressure; Troubleshooting ,,Contributing Factors: Company Policy; Human Factors; Aircraft; Chart Or Publication | Primary Problem: Human Factors,ON OCT/XA/99; I WAS PULLED OFF LIVE FLT GATES TO TRY TO RETURN TO SVC A B767 THAT HAD A DISINTEGRATED L ENG HYD PUMP. I WAS TOLD TO GO HELP 2 OTHER TECHNICIANS FINISH UP TIGHTENING UP A FEW HOSES; FILTER HOUSINGS; AND THE ACTUAL PUMP. UPON ARR TO THE ACFT; THE TECHNICIANS WERE ALMOST DONE AND WAS DIRECTED TO THE COCKPIT TO GET READY FOR AN ENG RUN. I PROCEEDED TO MOTOR AND THEN RUN THE L ENG PER THE TAXI/START-UP CHKLIST EXCEPT OMITTED TO CHK THE LOGBOOK. AT THE TIME; I FOUND IT NOT OF GREAT CONCERN BUT LATER FOUND OUT THAT THIS JOB WAS A PRIOR SHIFT TURNOVER. THE JOB WAS TURNED OVER TO 4 DIFFERENT PEOPLE BEFORE WE STARTED WORKING ON IT. PER THE MAINT MANUAL WE WERE TO CHK THE HYD FILTER FOR CONTAMINATION. UPON REMOVING THE HOUSING WE FOUND OUT THERE WERE NO FILTERS INSTALLED. NOBODY HAD SAID ANYTHING TO US. AFTER THE INCIDENT I LOOKED THROUGH THE LOGBOOK AND SAW AN ITEM THAT READ 'CASE DRAIN AND PRESSURE FILTERS REMOVED; HOUSING INSTALLED LOOSELY.' THIS IS A PERFECT EXAMPLE OF COM BREAKDOWN. ALTHOUGH THE ITEM WAS IN THE LOGBOOK; IT SHOULD HAVE BEEN REITERATED THAT THE FILTERS WERE NOT INSTALLED. ALL OF THE MECHS INVOLVED ARE OF GOOD MAINT JUDGEMENT. THIS INCIDENT IS JUST A NATURAL HUMAN ERROR.,A B767-300 INCURRED HYD SYS DAMAGE WHEN THE L SYS WAS OPERATED TO TEST A REPLACEMENT ENG DRIVEN PUMP WITH NO FILTERS INSTALLED.,
454701,ASRS Database Online custom search,turnover,199911,Operator: Air Carrier | Make/Model: B737-400,Component: Aeroplane Flight Control | Problem: Malfunctioning,Function: Lead Technician Technician | Human Factors: Time Pressure; Troubleshooting ,,Contributing Factors: Aircraft; Company Policy; Human Factors | Primary Problem: Company Policy,I AM A MECH AT ACR ZZZ. I HAD 12 1/2 YRS WITH THEM AS A MECH; 4 YRS LEAD TIME; AND 2 YRS INSPECTION TIME. FOR SEVERAL YRS; I OPERATED A SMALL ACFT FBO AND HAD MY IA. I ALSO HAVE MY PVT PLT; INST RATING. I WORKED PREVIOUSLY FOR ACR WWW FOR 4 YRS BEFORE COMING TO ACR ZZZ. I WAS ASSIGNED ACFT XYZ ON NOV/XX/99. THIS WAS AN ACFT THAT HAD EXTENSIVE DAMAGE TO THE L-HAND GEAR DOORS; INBOARD FORE AND AFT FLAPS; GND SPOILER; KRUGER FLAP; INBOARD FLAP TRACK FAIRING; HOLES IN THE AFT FUSELAGE; WHEN THE L-HAND TIRES BLEW IN ZZZ. ON NOV/XX/99 I RIGGED THE L-HAND INBOARD TRAILING EDGE AFT FLAP ASSEMBLY. I HAD BEEN ASSIGNED TO DO THIS TASK; SO WENT DIRECTLY TO THE ACFT. THE FLAP WAS INSTALLED BUT THE ECCENTRIC DEAD WT ROLLERS WERE OUT OF RIG. I THEN PROCEEDED TO RIG THE FLAP; SHOWING A NEW LINE MECH THE PROC. THE FLAP COMES FROM THE SHOP WITH THE COTTER KEYS IN; BUT NOT RIGGED. THESE MUST BE REMOVED FROM THE ECCENTRIC CAMS TO RIG THEM. LATER; I FOUND OUT THAT THE AFT FLAP INSTALLATION AND RIG HAD BEEN SIGNED FOR BY THE MECH BOTH IN THE LOGBOOK AND THE MAINT TURNOVER XXX (LINE MAINT WORK TURNOVER). IT WAS ALSO SIGNED FOR BY A PRIOR SHIFT INSPECTOR. IN NO WAY WAS THIS FLAP EVEN CLOSE TO BEING IN RIG. IF THE PRIOR SHIFT INSPECTOR HAD SIGNED THE LOGBOOK; THE FLAP WOULD HAVE GONE OUT THAT WAY BECAUSE MECHS WOULD NOT HAVE BEEN ASSIGNED TO WORK IT. IT WAS SO LOOSE THAT I FEEL THAT IT WOULD CAUSE EXTREME VIBRATION. HOWEVER; I; AND THE MY SHIFT LEAD INSPECTOR; HAVE DONE MANY TRAILING EDGE AFT FLAPS ON THE B737; SO IT WAS CAUGHT BEFORE AN INCIDENT HAPPENED. I FEEL THAT BECAUSE THE SHOP INSTALLS SAFETY COTTER KEYS THAT MUST BE REMOVED TO RIG THE FLAP ON THE ACFT; IT MISLEADS MECHS INTO BELIEVING THAT THE FLAP HAS BEEN PRERIGGED. MY NEXT SHIFT; NOV/XY/99; I WAS ASSIGNED THE WKLY CHK ON XYZ. I NOTED IN MY WALKAROUND THAT THERE WAS A FUEL LEAK ON THE LOWER L-HAND WING INBOARD SPLICE JOINT. THIS SPLICE JOINT IS COVERED BY SEVERAL PANELS. I REMOVED 2 PANELS AND FOUND FUEL DRIPPING FROM 4-6 HYLOCKS APPROX 8 INCHES FROM THE FUEL SUMP DRAIN. IT WAS DRIPPING AT A RATE OF APPROX 1 DRIP EVERY 5 MINS FROM EACH HYLOCK. IT APPEARED TO BE A FRESH LEAK. I DID NOT HAVE TIME TO LOOK UP THE LIMITS; SO INITIATED A MAINT TURNOVER XXX; AND MADE A LOGBOOK NOTATION OF DOING SO. I ALSO WROTE THE DISCREPANCY IN THE WKLY CHK PAPERWORK. I ALSO NOTED A HYD LEAK IN THE NOSE LNDG GEAR L-HAND STEERING ACTUATOR. I FOUND AN XXX AGAINST IT; SO DID NOT DUPLICATE THE WRITE-UP. I ALSO NOTED A CREASE IN THE FUSELAGE SKIN AFT OF THE MAIN ENTRANCE DOOR; LOWER FUSELAGE. BOTH THE LEAD AND A FOREMAN HAD BEEN BY TO LOOK AT IT; AND I FOUND AN ENGINEERING AUTH WRITTEN AGAINST. I MENTIONED BOTH LEAKS TO MY LEAD AND ALSO TO 2 FOREMEN. THEY WERE AWARE THAT THERE WAS PAPERWORK AGAINST THE DISCREPANCY. ON NOV/XZ/99 I WENT THROUGH THE PAPERWORK ON XYZ JUST TO SEE WHAT HAD BEEN DONE WITH THE LEAKS SINCE IT APPEARED THEY PLANNED TO FLY THE ACFT THAT NEXT MORNING. THE FUEL LEAK HAD BEEN SIGNED OFF AS A STAIN; AND I COULD NOT FIND ANY REF TO THE HYD LEAK. I WENT OVER TO THE ACFT AND BOTH WERE STILL LEAKING. I WENT OVER TO THE LEAD INSPECTOR AND TALKED TO HIM ABOUT IT; AND ALSO MY SHOP STEWARD; WHO SUGGESTED THAT I FILL OUT A NASA FORM. THERE IS NO POSSIBILITY THAT THIS FUEL LEAK COULD BE CLASSIFIED AS A STAIN; STAINS DO NOT DRIP. I FEEL THAT I HAVE NOT DONE ANYTHING WRONG. I FOLLOWED CORRECT PROC. I COMPLETED THE REQUIRED PAPERWORK; I INFORMED MY LEAD AND 2 DIFFERENT FOREMEN IN A TIMELY MANNER. HOWEVER; I AM CONCERNED ABOUT THIS ACFT CONTINUING AIRWORTHINESS. IT IS OBVIOUS TO ME THAT THIS ACFT HAS HAD A HARD LNDG; AND IT APPEARS THAT NOBODY HAS TAKEN THIS POSSIBILITY SERIOUSLY. THE PLT ONLY WROTE UP THAT HE EXPERIENCED SEVERE VIBRATION ON LNDG; SO EVERYONE IS IGNORING THE OBVIOUS CLUES THAT THIS ACFT HAS HAD A HARD LNDG: FUEL LEAKS WHEN THERE WERE NONE; CREASE IN THE FUSELAGE NOT RELATED TO THE TIRE DAMAGE; HYD LEAKS NOT RELATED TO THE TIRE DAMAGE WHEN THERE WAS NONE BEFORE. I FEEL THAT THIS ACFT IS UNAIRWORTHY BECAUSE DEFICIENCIES WERE NOT ADDRESSED; BUT PENCILED. I DO NOT KNOW WHO SIGNED THE AIRWORTHINESS OFF IN THE LOGBOOK.,A B737-400 WAS DISPATCHED IN NON COMPLIANCE WITH NUMEROUS MAINT WRITE-UPS; FUEL LEAKS; HYD LEAKS AND LOWER FUSELAGE SKIN CREASE; ALL INDICATIVE OF A HARD LNDG NOT REPAIRED AND 'PENCIL WHIPPED.',
461958,ASRS Database Online custom search,shift_change,200001,Operator: Air Carrier | Make/Model: A320,Component: Fuel Booster Pump | Problem: Malfunctioning,Function: Technician Technician | Human Factors: Time Pressure; Troubleshooting ,,Contributing Factors: Human Factors; Logbook Entry; Aircraft | Primary Problem: Human Factors,I REPLACED A FUEL BOOST PUMP REFING THE MAINT MANUAL. AT SHIFT CHANGE THE JOB WAS NOT COMPLETED. THE ONLY THING LEFT WAS A LEAK CHK AND COVER INSTALLATION FOR WHICH I MADE A LOGBOOK ENTRY. WHEN DAYLIGHT SHIFT CAME ON TO PICK UP THE JOB; IT TURNED OUT THE PUMP LEAKED. ONE PERSON REMOVED THE PUMP FOR REPLACEMENT OF THE O-RING SEALS AND ANOTHER PERSON INSTALLED THE PUMP. THE PUMP DID NOT FIX THE PROB AND ACFT CONTINUED ON MEL. A WIRING PROB WAS DISCOVERED AND REPAIRED AND WHEN THE BOOST PUMP WAS OPS CHKED; THE PUMP FELL OUT OF THE WING. THE PROB IS THAT THE DAYLIGHT CREW THAT TOOK OVER THE JOB FAILED TO DOCUMENT THEIR REMOVAL AND REPLACEMENT OF THE PUMP. NOW THE COMPANY IS INVESTIGATING ME BECAUSE I WAS THE LAST TO SIGN THE LOGBOOK. THE DAYLIGHT CREW FELT IT WAS BETTER TO SAY THAT THE PUMP DID NOT LEAK AND JUST NOT CREATE ANOTHER ITEM FOR THE REMOVAL AND REPLACEMENT OF THE PUMP AND I'M LEFT HANGING.,AN AIRBUS 320 WAS DISPATCHED IN NON COMPLIANCE WITH BOOST PUMP WORK ACCOMPLISHED BUT NOT DOCUMENTED.,
462777,ASRS Database Online custom search,"shift_change, turnover",200002,Operator: Air Carrier | Make/Model: B767-200,Component: AC Generator/Alternator | Problem: ,Function: Technician Technician | Human Factors: Time Pressure; Troubleshooting ,,Contributing Factors: Human Factors; Logbook Entry; Aircraft; Airspace Structure | Primary Problem: Human Factors,ON FEB/MON/00; I WAS ASSIGNED TO ACFT XYZ. I WAS TOLD TO SPLICE A FEEDER CABLE TO #2 INTERNAL DRIVE GENERATOR. I WAS ALSO TOLD THAT THE PREVIOUS SHIFT CHANGED THE INTERNAL DRIVE GENERATOR AND THAT IT WAS COMPLETE. IN A RUSH PERHAPS; TO GET THE ACFT TO THE GATE I SIGNED THE AIRWORTHINESS. I COMPLETED ALL MY XXX'S (TURNOVERS). THE TURNOVERS DID NOT INDICATE THAT THE RII (REQUIRED INSPECTION ITEM) FOR THE INTERNAL DRIVE GENERATOR NEEDED TO BE DONE; NOR WAS THERE AN ITEM IN THE LOGBOOK. LACK OF COM WAS PERHAPS THE PROB WITH THE PROPER PAPERWORK NOT BEING ACCOMPLISHED. ON ACFT SUCH AS THE B767; ETOPS; IT IS MANDATORY THAT WE HAVE DIRECT COM ON THESE ITEMS. AN RII (REQUIRED INSPECTION ITEM) SUCH AS AN INTERNAL DRIVE GENERATOR CHANGE IS REQUIRED AND WE SHOULD HAVE CAUGHT IT.,A B767-200ER WAS DISPATCHED ON AN EXTENDED RANGE OVERWATER FLT WITH A REQUIRED INSPECTION ITEM NOT ACCOMPLISHED.,
465938,ASRS Database Online custom search,turnover,200003,Operator: Air Carrier | Make/Model: B727-200,Component: Fuel Storage System | Problem: ,Function: Inspector Technician | Human Factors: Troubleshooting ,,Contributing Factors: Aircraft; Airspace Structure; Company Policy; Human Factors | Primary Problem: Human Factors,AT XA40 LCL TIME TUESDAY NIGHT MAR-00; I WAS TOLD I HAD APPROVED; BOUGHT BACK; THE INSTALLATION OF THE AUX TANK IN ACFT XYZ INCORRECTLY. THE MECH TOLD ME THAT ONE OF THE L-HAND TANK FITTINGS WAS TOUCHING THE FORGING ATTACHED TO THE FLOOR BEAM. I HAD NOT LOOKED AT THE CLRNCS BECAUSE THE TANK WAS BEING REINSTALLED FOLLOWING WORK IN THE BILGE AREA BELOW THE TANK. NONE OF THE ADJUSTMENTS HAD BEEN MOVED AND THE SAME HARDWARE WAS USED TO REATTACH THE TANK. AS I GOT THE STORY; THE MECH THAT TALKED TO ME HAD INSTALLED SEVERAL OF THESE TANKS AND KNEW WHAT WAS RIGHT. HE IS NOT THE MECH THAT INSTALLED THIS TANK. THE KNOWLEDGEABLE MECH TOLD HIS SUPVR BUT DID NOT WRITE A RPT OR NON ROUTINE CARD. THE SUPVR THEN TOLD THE NEXT SHIFT SUPVR BUT DID NOT INCLUDE SIT IN WRITTEN TURNOVER. NO ACTION WAS TAKEN AND THE AREA CLOSED UP. THE MECH THAT TALKED TO ME TOLD ME HIS SUPVR WAS ANGRY AND SAID 'I'M GOING TO PURSUE THIS.',A B727-200 AFTER INSTALLATION OF AN AUX FUEL TANK AN INCORRECTLY POSITIONED TANK FITTING WAS DISCOVERED BUT NOT WRITTEN UP FOR CORRECTION.,
470079,ASRS Database Online custom search,turnover,200004,Operator: Air Carrier | Make/Model: B737-200,Component: Nosewheel Steering | Problem: ,Function: Technician Technician | Human Factors: Communication Breakdown; Troubleshooting ,,Contributing Factors: Human Factors; Incorrect / Not Installed / Unavailable Part; Aircraft; Airspace Structure; Chart Or Publication | Primary Problem: Human Factors,DURING SCHEDULED MAINT I WAS ASSIGNED; WITH ANOTHER MECH; TO CHANGE A RUDDER PCU ON A B737-200. IT HAD BEEN CHANGED ONCE ALREADY BUT TESTED FAULTY AND REMOVED. WE WERE GIVING THE PCI JOB CARD AND EXTENSIVE TURNOVER SHEETS WITH ABOUT 7 OR 8 SHIFTS OF TURNOVERS. THE NEW PCU WAS READY TO BE INSTALLED WHEN WE ARRIVED. WE INSTALLED IT PER THE MAINT MANUAL AND TESTED IT. PART OF THE TEST IN THE MAINT MANUAL SAYS TO DISCONNECT THE NOSEWHEEL STEERING INPUT ROD. SINCE WE WERE BEING RUSHED AND THE PANELS WERE ALREADY CLOSED UP IN THE NOSEWHEEL WELL; WE INSTALLED THE NOSE STEERING BYPASS PIN INSTEAD. THE RUDDER TESTED OK; INSPECTION CHKED IT OUT OK AND THE ACFT WAS RETURNED TO SVC. DURING TAXI THE PLT NOTIFIED MAINT THAT HE HAD NO RUDDER PEDAL NOSE STEERING. MAINT THEN FOUND THAT THE NOSE STEERING ROD WAS DISCONNECTED. TURNOVER SHEETS WERE NOT CLR ON WHAT HAS BEEN COMPLETED AND WHAT STILL NEEDS TO BE COMPLETED. ALSO; BEING THAT IT WAS A 'C' CHK; A SEPARATE JOB CARD TO CLOSE THE NOSEWHEEL WELL WAS ALREADY COMPLETED. I THINK TURNOVER SHEETS SHOULD HAVE OPEN BLOCKS THAT NEED TO BE SIGNED WHEN SOMETHING IS STILL OPEN; THAT WAY AN OPEN BLOCK WILL ALERT US THAT SOMETHING IS NOT DONE AND AN EXTRA SET OF EYES CHKING THE PAPERWORK COULD HELP.,A B737-200 WAS DISPATCHED IN NON COMPLIANCE WITH THE RUDDER PEDAL NOSE STEERING INPUT ROD DISCONNECTED.,
470359,ASRS Database Online custom search,turnover,200002,Operator: Air Carrier | Make/Model: B737-700,Component: Air Conditioning Distribution System | Problem: Malfunctioning,Function: Lead Technician Technician | Human Factors: Communication Breakdown; Troubleshooting ,,Contributing Factors: Logbook Entry; Human Factors; Company Policy; Aircraft | Primary Problem: Human Factors,THIS LETTER IS WRITTEN IN REGARDS TO ACFT XYZ LOGBOOK PAGE ABCX. ON FEB/FRI/00; I WAS ASKED TO HELP IN TROUBLESHOOTING THE PACK TRIP PROB. DURING THE NIGHT IT WAS DETERMINED THAT THE BLEED OVERTEMP SWITCHES FOR THE R SYS MAY BE FAULTY. WHEN THIS DETERMINATION WAS MADE; MYSELF; THE OTHER MECH; AND LEAD WX WXXX WENT INTO THE SHIFT MGR'S OFFICE TO DISCUSS OUR FINDINGS WITH HIM AND ZONE X SUPVR XXX. THE REASON FOR THE DISCUSSION WAS THE FLT INFO MANUAL CALLED OUT TO FLUSH THE R PACK HEAT EXCHANGERS BUT WE FELT THAT THIS WAS A BLEED PROB AND WE SHOULD DEVIATE FROM THE FLT INFO MANUAL TROUBLESHOOTING PROC. IN THE MEETING; ALL OUR TROUBLESHOOTING STEPS WERE TALKED ABOUT AND THE FINAL DECISION WAS MADE WITH THE SHIFT MGR AND THE SUPVR TO CHANGE THE 390 AND THE 490 BLEED OVERTEMP SWITCHES. THIS FINAL DECISION WAS MADE AT APPROX XA00. THE OTHER MECH AND MYSELF WENT TO THE ACFT PARKED ON RAMP AND DETERMINED THAT WE WOULD NOT BE ABLE TO DO THE JOB DUE TO THE LACK OF TIME AND THAT A TURNOVER WOULD BE NEEDED. WE RETURNED TO THE SHOP AND PROCEEDED TO GIVE A TURNOVER TO THE NEXT SHIFT LEAD AND ZYZ XYX. THIS IS THE TURNOVER THAT WAS GIVEN TO THE NEXT SHIFT. WE TOLD THEM OF OUR MEETING AND IT WAS DETERMINED BY ALL THAT THESE 2 SWITCHES WERE IN NEED OF CHANGE. A LOGBOOK ENTRY WAS MADE TO LEAK CHK THE SWITCHES AFTER THEIR REPLACEMENT; AND THE OPEN LOGBOOK WRITE-UP THAT SWITCHES WERE BEING CHANGED FOR. WHEN WE CLOCKED OFF SHIFT WE ALL FELT SURE THAT THE ITEMS WE TURNED OVER WOULD BE ACCOMPLISHED. WHEN WE RETURNED THE FOLLOWING SHIFT; WE FOUND THAT THE SWITCHES WERE NOT REPLACED; MAKING THE WRITE-UP WE ENTERED INVALID. THE ONLY REASON FOR MAKING AN ENTRY FOR LEAK AND OPS CHKING THE 390-490 SWITCHES WAS THAT IN OUR TURNOVER WE TOLD THE NEXT SHIFT THAT THESE SWITCHES NEEDED TO BE CHANGED; AND WE WERE ASSURED THAT THESE ITEMS WOULD BE CHANGED.,A B737-700 WAS DISPATCHED IN NON COMPLIANCE WITH A LOGBOOK ENTRY FOR LEAK TESTING BLEED SENSORS THAT WERE NOT INSTALLED.,
473100,ASRS Database Online custom search,turnover,200005,Operator: Air Carrier | Make/Model: B747-400,Component: Oxygen System/Crew | Problem: Malfunctioning,Function: Technician Technician | Human Factors: Troubleshooting; Time Pressure ,,Contributing Factors: Company Policy; Human Factors; Aircraft | Primary Problem: Human Factors,ACFT XYZ INCURRED A RETURN TO THE FIELD AFTER OBSERVING CREW OXYGEN SYS PRESSURE LOST 120 PSI IN 2 HRS. MAINT FOUND A DEFECTIVE MASK QUICK DISCONNECT VALVE FITTING AT THE FIRST OBSERVER'S STATION. THERE WAS A CHAIN OF EVENTS THAT LED UP TO THIS PROB. THE OXYGEN SYS HAD BEEN PREVIOUSLY WRITTEN UP FOR A CHRONIC OXYGEN SYS LEAK. MECHS PROCEEDED TO CHK THE ENTIRE OXYGEN SYS FOR LEAKS. AT SHIFT TURNOVER; THEY UPDATED THE WRITE-UP STATING THE LEAK WAS ISOLATED DOWN TO EITHER THE THERMAL COMPENSATOR OR REGULATOR. MYSELF AND 2 OTHER MECHS FURTHER TROUBLESHOT THIS AREA AND FOUND THE TRANSDUCER TO BE DEFECTIVE GIVING FLUCTUATING (AND LOW) PSI INDICATION AT THE GAUGE. AFTER INSTALLING THE NEW TRANSDUCER; THE 2 OTHER MECHS FAILED TO RECONNECT THE SUPPLY LINE. THUS; WHILE PERFORMING LEAK CHK; OXYGEN WAS NOT FLOWING TO MASKS (WHERE THE LEAK EVENTUALLY TURNED OUT TO BE) AND OXYGEN SYS LEAK HAD APPEARED TO BE REPAIRED. THE FOLLOWING DAY AT THE GATE; THE FLC NOTICED NO OXYGEN FLOW AT THE MASKS DURING PREFLT CHKS. GATE MECHS COULD NOT IDENT THE PROB AND REQUESTED MY ASSISTANCE. UPON ARR; I INSPECTED THE AREA WHERE WE HAD PREVIOUSLY WORKED; AND IMMEDIATELY IDENTED THE PROB -- THE OXYGEN SUPPLY LINE WAS STILL DISCONNECTED AND CAPPED OFF; THUS NO FLOW TO THE MASKS. AT THIS TIME; OXYGEN SYS PRESSURE STILL READ NORMAL. THE GATE MECH RECONNECTED THE SUPPLY LINE. FLC CONFIRMED OXYGEN FLOW AT THE MASKS AND FLT DEPARTED 51 MINS LATE. 2 HRS INTO FLT; CREW OBSERVED 120 PSI LOSS IN PRESSURE AND RETURNED. MECHS FOUND SOURCE OF LEAK AT THE FIRST OBSERVER'S MASK QUICK DISCONNECT VALVE FITTING. REPLACED ASSEMBLY; AND LEAK CHK OK. CONTRIBUTING FACTORS TO THE CHAIN OF EVENTS THAT OCCURRED: THE MECHS FAILED TO CHK EACH OTHER'S WORK AFTER PERFORMING MAINT. ON THE SYS BOTH MECH HAD FOCUSED ON THE PRESSURE GAUGE AND DIDN'T NOTICE THE SUPPLY LINE WAS STILL CAPPED OFF AT THE 'T' FITTING. POOR LIGHTING AT THIS LOCATION WAS ANOTHER CONTRIBUTING FACTOR.,A B747-400 WAS DISPATCHED AND RETURNED TO THE FIELD WITH THE CREW OXYGEN SUPPLY SYS LEAKING BEYOND DISPATCH LIMITS.,
475104,ASRS Database Online custom search,shift_change,200005,Operator: Air Carrier | Make/Model: B727-200,Component: Nose Gear Door | Problem: ,Function: Technician Technician | Human Factors: Time Pressure; Troubleshooting ,,Contributing Factors: Aircraft; Human Factors | Primary Problem: Human Factors,PRIOR TO LUBING THE NOSE LNDG GEAR DRAG BRACE MECHANISM; I OPENED THE NOSE LNDG GEAR DOORS FOR EASE AND BETTER LIGHT. AFTER LUBING THE NOSE LNDG GEAR DRAG BRACE; I CLOSED AND LOCKED BOTH NOSE LNDG GEAR DOORS -- 100% POSITIVE OF PROPER DOOR CLOSURE AND SECURITY. DAY SHIFT CREW TOOK THE ACFT OVER AT SHIFT CHANGE. ACFT THEN WENT TO RUN-UP HOLE FOR ENG RUN; THEN TOWED BACK TO THE HANGAR PAD. GEAR DOORS WERE STILL UP AND LOCKED AT THIS TIME. SUPER TUG THEN TOOK THE ACFT TO THE GATE WHERE THEY SAY THEY SAW THE NOSE LNDG GEAR DOOR FALL. THEY TRIED TO PUSH DOOR UP; BUT DECIDED TO GET THE ACFT TO THE GATE AND DO IT THERE. THEY THEN TRIED TO PUSH TO NOSE LNDG GEAR DOOR UP AT THE GATE. THEY TOLD NOBODY OF THE PROB AND LEFT THE ACFT. THE ACFT DEPARTED ZZZ AND ON TKOF; THE NOSE LNDG GEAR DOOR DEPARTED THE ACFT CAUSING AN AIR TURN BACK. I WAS NOTIFIED OF THE INCIDENT THAT NIGHT WHEN I CAME IN TO WORK. I AM VERY COMPETENT IN MY WORK AND HAVE NO REASON TO QUESTION MY ABILITY TO DO AND COMPLETE A JOB LIKE CLOSING AND SECURING THE B727 NOSE LNDG GEAR DOORS PROPERLY. I AM CONFIDENT THAT THE NOSE LNDG GEAR DOORS WERE CLOSED; LOCKED AND SECURED PROPERLY.,A B727-200 WAS DISPATCHED IN NON COMPLIANCE WITH A KNOWN NOSE GEAR DOOR LOCKING MECHANISM DAMAGED AND NOT CORRECTED.,
480268,ASRS Database Online custom search,turnover,200007,Operator: Air Carrier | Make/Model: B737-300,Component: Electrical Wiring & Connectors | Problem: ,Function: Technician Lead Technician | Human Factors: Troubleshooting ,,Contributing Factors: Logbook Entry; Human Factors; Chart Or Publication; Aircraft; Airspace Structure | Primary Problem: Human Factors,WHILE WORKING A TURNOVER JOB FROM PREVIOUS SHIFT ON ENGINEERING ORDER WVWX; REVISION A; ACFT XYZ; IT WAS NOTED THAT ALL WIRES HAD BEEN RUN TO PROPER LOCATION AND GND WIRES NEEDED DUAL GNDS AND INSTALLED TO ACFT GNDS. SEEING THAT A SINGLE WIRE WAS HANGING; I TERMINATED THAT WIRE WITH DUAL GND AND INSTALLED IT. DUE TO THE TIME (XA30) I NOTIFIED MY LEAD AND NEXT SHIFT LEAD OF THE PROB OF WIRES TERMINATING AT WRONG GNDS AND IT WAS STATED THAT A TURNOVER SHOULD BE WRITTEN ON WRITE-UP NOTING THE PROB; AND HE WOULD NOTIFY SUPVR FOR NEED OF ENGINEERING AUTH TO COVER THE MISROUTED WIRES. I SIGNED THE TURNOVER STATING WIRE GND WAS NOT THE TERMINATING GND FOR WIRE AND IT HAD BEEN INSTALLED INCORRECTLY. I LATER FOUND OUT THAT THE ENGINEERING AUTH HAD BEEN ISSUED AFTER ACFT XYZ HAD DEPARTED ZZZ MAINT CHK AND WAS GNDED UNTIL PROB WAS CORRECTED. CALLBACK CONVERSATION WITH RPTR REVEALED THE FOLLOWING INFO: THE RPTR STATED ALL OF THE INFO ON THE INCORRECT GND WIRING TERMINATION WAS PASSED ON BY A NON ROUTINE WRITE-UP AND VERBALLY TO THE LEAD SUPVR AND LCL ENGINEERING. THE RPTR SAID THE FAILURE OCCURRED AT THE ENGINEERING LEVEL WHERE THE ENGINEERING AUTH REQUIREMENT WAS MISSED AND NOT NOTICED UNTIL THE ACFT WAS RELEASED FOR SVC AND DEPARTED.,A B737-300 WAS DISPATCHED IN NON COMPLIANCE WITH INCORRECT GND FUELING VALVE WIRING TERMINATION.,
480835,ASRS Database Online custom search,turnover,200008,Operator: Air Carrier | Make/Model: MD-88,Component: Air Conditioning Distribution System | Problem: ,Function: Technician Lead Technician | Human Factors: Time Pressure; Troubleshooting ,,Contributing Factors: Chart Or Publication; Airspace Structure; Aircraft; Environment - Non Weather Related; Logbook Entry; Human Factors; Equipment / Tooling | Primary Problem: Human Factors,I WAS GIVEN THE ASSIGNMENT TO COMPLETE A DUCT BURNOUT PROC ON AN MD88 THAT HAD BEEN INITIATED BY ANOTHER CREW. THE PREVIOUS CREW DID NOT COMPLETE THE TASK DUE TO EQUIP PROBS. MY LEAD TOOK A TURNOVER AND THEN FORWARDED THE ASSIGNMENT TO ME AND 3 OTHER AMT'S. THE ACFT WAS PARKED ON THE HANGAR RAMP. TOOLING WAS RECEIVED TO COMPLETE THE DUCT BURNOUT PROC. TO COMPLETE THE PROC 2 AMT'S AND I LOOKED OVER THE AUGMENTATION VALVES AND CHKED FOR SENSE LINE SECURITY. WE RECONNECTED WHAT WE COULD FIND THAT HAD BEEN PREVIOUSLY DISCONNECTED. WE FOUND THE 3 CANNON PLUGS; AND 1 SENSE LINE ON THE ANTI-ICE VALVE DISCONNECTED; AND WE REINSTALLED THEM. THE ENGS WERE RUN AT IDLE PWR; AND PACK OP APPEARED NORMAL. THE ACFT WAS RETURNED TO SVC. THE TURNOVER WAS SECOND HAND. I FEEL ANY LINES THAT HAD BEEN PREVIOUSLY DISCONNECTED SHOULD HAVE BEEN FLAGGED WITH A STREAMER OR RED TAPE TO MAKE FINDING PREVIOUSLY DISCONNECTED LINES OR CANNON PLUGS IDENTIFIABLE; ESPECIALLY IN DIFFICULT TO ACCESS AREAS. THIS PROC WOULD LEAVE NO DOUBT AS TO WHAT WAS DISCONNECTED.,A TECHNICIAN TAKING OVER A JOB ON AN MD80 RPTS FINDING DISCONNECTED PRESSURE LINES AND ELECTRICAL CONNECTORS WITH NO WRITE-UPS OR VERBAL JOB TURNOVER.,
481703,ASRS Database Online custom search,turnover,200008,Operator: Air Carrier | Make/Model: MD-11,Component: Fuel Booster Pump | Problem: ,Function: Technician Lead Technician | Human Factors: Time Pressure; Troubleshooting ,,Contributing Factors: Company Policy; Human Factors; Logbook Entry; Aircraft; Manuals | Primary Problem: Human Factors,ON AUG/XA/00; I RECEIVED TURNOVER FROM PREVIOUS SHIFT ON ACFT XYZ WORKING MCO. 'AUX LOWER R PUMP OFF' STATUS MESSAGE CAME ON DURING CLBOUT. PREVIOUS SHIFT TURNED OVER WIRING DIAGRAM MANUAL SCHEMATIC FOR THE FORWARD AUX TANKS. I MISUNDERSTOOD THAT THE STATUS MESSAGE ORIGINATED FROM THE FORWARD AUX TANK; WHEN IT ACTUALLY WAS FOR THE CTR AUX LOWER TANK. I PROCEEDED TO GATHER THE PREPULLED PARTS AND MAINT MANUAL FOR THE TASK OF REPLACING A REMOTE CTL CIRCUIT BREAKER AND CTL RELAY. I REMOVED PWR FROM THE ACFT; AND REPLACED REMOTE CTL CIRCUIT BREAKER B1 AND CTL RELAY R2. I REAPPLIED ACFT PWR; REACTIVATED THE AUX LOWER R PUMP THROUGH CENTRALIZED FAULT DISPLAY SYS AND PERFORMED A RETURN TO SVC TEST ON THE FUEL SYS CONTROLLER. THE SYS TEST PASSED; AND I REMOVED THE MCO AND PLACARD. THE MISUNDERSTANDING BTWN THE FUEL TANKS WAS UNINTENTIONAL AND COULD HAVE EASILY BEEN AVOIDED. THE NOMENCLATURE OF THE STATUS MESSAGE IS NOT SPECIFIC AND CONFUSING. IF THE STATUS MESSAGE SAID 'CTR AUX LOWER R PUMP;' I WOULD NOT HAVE LOOKED AT THE FORWARD AUX TANKS AT ALL. THE CTR AUX LOWER R PUMP DID NOT SHOW A HARD FAULT ON THE GND; ONLY DURING CLBOUT. IN THIS CASE; SINCE THE FUEL SYS RETURN TO SVC CHK PASSED; THERE WAS NO WAY FOR ME TO KNOW THAT I HAD CHANGED THE COMPONENTS FOR THE WRONG FUEL TANK. I HONESTLY DID NOT KNOW THAT THE CTR AUX UPPER AND LOWER FUEL TANKS EXISTED UNTIL TODAY,AN MD11 WAS DISPATCHED IN NON COMPLIANCE WITH A TANK BOOST PUMP RELAY AND REMOTE CTL CIRCUIT BREAKER REPLACED IN AN INCORRECT TANK TO CLR A DEFERRED ITEM RESULTING IN A RETURN TO THE FIELD.,
481808,ASRS Database Online custom search,"shift_change, turnover",200008,Operator: Air Carrier | Make/Model: Commercial Fixed Wing,Component: Turbine Engine | Problem: ,Function: Inspector  | Human Factors: Troubleshooting; Time Pressure ,,Contributing Factors: Airspace Structure; Company Policy; Human Factors; Incorrect / Not Installed / Unavailable Part | Primary Problem: Company Policy,DURING SHIFT CHANGE TURNOVER; A RINX 253 I INSPECTED IN JUN/99 HAD SAME SERIAL NUMBER AS SCRAP RINX 353. FAA FORM 8130 STATED NEW.,DURING SVCABLE ENG PARTS INSPECTION THE INSPECTOR DISCOVERED A PART WITH THE SAME SERIAL NUMBER OF A PART REJECTED AND SCRAPPED IN JUNE 1999.,
482156,ASRS Database Online custom search,turnover,200008,Operator: Personal | Make/Model: Skyhawk 172/Cutlass 172,Component: Oil Distribution | Problem: Improperly Operated; Malfunctioning,Function: Technician OWNER ASSISTING | Human Factors: Troubleshooting ,,Contributing Factors: Human Factors; Environment - Non Weather Related; Company Policy; Aircraft; Airspace Structure | Primary Problem: Human Factors,THE ACFT I HAD JUST COMPLETED A 100 HR INSPECTION ON (ON AUG/XA/00) LOST OIL PRESSURE AND BEGAN RUNNING ROUGH. THE PLT SHUT DOWN THE ENG AND MADE AN EMER LNDG. THE PLT AND STUDENT WERE UNHARMED AND THE AIRFRAME SUSTAINED MINOR DAMAGE. AS DID THE PROP. THE MAINT SHOP DID NOT HAVE A SYS TO DOUBLECHK WORK IN PROGRESS. THE ACFT WAS BROUGHT INTO THE SHOP AND OIL DRAINED AND FILTER REMOVED AND INSPECTED. MAGNETO WAS REMOVED AND A RAG PLACED OVER THE HOLE ONLY BECAUSE THE OWNER OF THE ACFT WAS THERE OPENING IT UP FOR 100 HRS. I CAME ON THE NEXT DAY TO FIND A NEW FILTER ON THAT NEEDED SAFETY WIRING AND ORDERS TO COMPLETE THE INSPECTION. CALLBACK CONVERSATION WITH RPTR REVEALED THE FOLLOWING INFO: THE RPTR STATED THE CAUSE OF THE LOSS OF OIL PRESSURE WAS A RAG BLOCKING THE OIL INTAKE. THE RPTR SAID HE WAS UNAWARE OF WHO OPENED UP THE ENG AND LEFT THE RAG. THE RPTR STATED THE SHOP DOES NOT HAVE A GOOD PAPERWORK SYS TO DOCUMENT THE WORK FOR JOB TURNOVER AND WORK ACCOMPLISHED. THE RPTR STATED THE FAA HAS INVESTIGATED BUT WAS NOT INFORMED OF THE OUTCOME.,A C172 MADE AN OFF-FIELD EMER LNDG DUE TO ENG FAILURE CAUSED BY A RAG LEFT IN THE OIL INTAKE.,
482379,ASRS Database Online custom search,turnover,200008,Operator: Air Carrier | Make/Model: B737-200,Component: Rudder Control System | Problem: ,Function: Inspector  | Human Factors: Time Pressure; Troubleshooting ,,Contributing Factors: Human Factors; Company Policy; Aircraft; Chart Or Publication | Primary Problem: Chart Or Publication,AT BEGINNING OF SHIFT TURNOVER FROM PREVIOUS SHIFT; I RECEIVED AN INCOMPLETE WORK PACKAGE. THE PREVIOUS SHIFT HAD SIGNED OFF THE TAIL SECTION FOR WORK AND INSPECTION COMPLETE. HOWEVER; WHEN I EXAMINED THE PAPERWORK ON THE BLOCK FOR RUDDER PCU INSTALLATION; OPS CHK AND FINAL OPS CHK; THIS SECTION HAD NOT BEEN SIGNED OFF. THE ABOVE ACFT PANELS (ACCESS) WERE CLOSED TO THAT AREA. APPARENTLY NO INSPECTION HAD BEEN DONE. I INFORMED MY SUPVR MR VYU WXXX WHO I THINK STAMPED OR SIGNED THIS SECTION OFF. I JUST WENT THROUGH AN EARLIER SIMILAR SIT WITH ACR #XYZ ABOUT A MONTH AGO WHICH I DID RPT TO YOUR OFFICE. THIS SIT HAS NOT YET BEEN CORRECTED AND STILL REMAINS A VALID ARGUMENT WITH ADMINISTRATION AND MAINT. CALLBACK CONVERSATION WITH RPTR REVEALED THE FOLLOWING INFO: THE RPTR STATED THE SAME JOB CARDS THAT ALLOWED A B737-300 TO BE RELEASED INTO SVC WITH INCORRECT HYD LINE CONNECTIONS ALMOST ALLOWED A RUDDER PWR UNIT TO BE RELEASED WITH NO INSTALLATION INSPECTION. THE RPTR SAID THE VERT STABILIZER WAS CLOSED UP AND THE FINAL INSPECTION CARD WAS SIGNED OFF WHEN IT WAS DISCOVERED THE RUDDER PWR UNIT INSTALLATION AND TEST INSPECTION WAS NOT SIGNED. THE RPTR STATED THAT HE REFUSED TO SIGN FOR THE INSPECTION UNLESS THE VERT STABILIZER ACCESS PANEL WAS OPENED TO INSPECT THE INSTALLATION. THE RPTR SAID THE JOB CARDS WHICH CAUSE THIS PROB NEED REVISION; BUT THE COMPANY IS RESISTING ANY CHANGE. THE VERT STABILIZER WAS OPENED AND THE INSPECTION SUPVR SIGNED FOR THE INSTALLATION INSPECTION.,A B737-200 AFTER RUDDER PWR UNIT REPLACEMENT THE VERT STABILIZER WAS CLOSED PRIOR TO FINAL INSPECTION. FINAL INSPECTION SIGNED OFF BY INSPECTION SUPVR.,
482947,ASRS Database Online custom search,turnover,200008,Operator: Air Carrier | Make/Model: B757-200,Component: Fuselage Floor Beam | Problem: ,Function: Technician Lead Technician | Human Factors: Time Pressure ,,Contributing Factors: Human Factors; Chart Or Publication; Aircraft; Airspace Structure | Primary Problem: Human Factors,INSPECTION WAS INSPECTING AREA FOR CORROSION. THE UPGRADE LEAD HANDED US PAPERWORK FOR FLOOR BEAM CORROSION AT STA:395 RBL 12. WE STARTED TO REMOVE THE ACFT STRUCTURE; INTERCOASTALS AT STA:395 AND FROM STA:395 TO STA:418. AT ABOUT XA35 OR XA45; THE UPGRADE LEAD CAME TO GET THE PAPERWORK; BUT WE WERE STILL WORKING TO GET OUT THE INTERCOASTAL AT STA:395 TO STA:418 RBL 12. THIS IS WHAT I PUT ON TURNOVER; BUT BECAUSE I WAS HURRIED; I FORGOT TO INCLUDE THAT WE DISCONNECTED SOME PULLEY BRACKETS. THE PAPERWORK FOR THE PULLEY BRACKETS HAS A SEPARATE WORK CARD FOR REINSTALLATION.,A B757-200; DURING A MAINT CHK; FLOOR BEAM CORROSION REPAIR WAS STARTED AND AT JOB TURNOVER; SEVERAL DISCONNECTED CABLE PULLEYS WERE NOT WRITTEN UP.,
483712,ASRS Database Online custom search,turnover,200008,Operator: Air Carrier | Make/Model: B757-200,Component: Fuselage Attachment | Problem: ,Function: Technician Inspector | Human Factors:  ,,Contributing Factors: Human Factors; Airspace Structure; Aircraft; Chart Or Publication; Logbook Entry; Manuals | Primary Problem: Human Factors,DURING THE COURSE OF OUR SHIFT; MY STRUCTURES PARTNER AND I BEGAN DISASSEMBLING CORRODED STRUCTURE AROUND RBL 12; STATION 395 FLOOR FRAME. BY THE END OF OUR SHIFT WE HAD REMOVED INTERCOSTELS 92) AFT OF STATION 395 (AND RESPECTIVE ATTACH ANGLES/BRACKETS) AND HAD MOVED 2 PULLEY ASSEMBLIES THAT WERE ATTACHED ON THE FORWARD SIDE OF STATION 395 FRAME FORWARD TO STATION 4377 FRAME FOR ACCESS. (THE PULLEY ASSEMBLIES WERE LEFT FLOATING ON THE CABLES.) WE HAD WORKED RIGHT UP TO THE END OF THE SHIFT AND IN HASTE WHEN FILLING OUT OUR PAPERWORK/TURNOVER FOR THE EVENING; MY PARTNER FORGOT TO NOTE THAT THE PULLEY ASSEMBLES WERE MOVED. IN ADDITION; DURING THE RELOCATION OF THE PULLEY ASSEMBLIES; WE NOTED THAT THE CABLE RUNS STAYED RELATIVELY CTRED THROUGH THE FRAMES FORWARD AND AFT OF STATION 395 FRAME; AND THAT; PER OUR MAINT PRACTICES AND STANDARD PRACTICES FOR THIS ACTION; OUR INTERP WAS THAT WE WERE NOT REQUIRED TO FLAG CTLS IN THE COCKPIT OR FLAG THE PULLEY ASSEMBLIES. SINCE THIS WORK WAS PERFORMED WE HAVE FOUND THAT THE MAINT PRACTICES; AS WRITTEN; DID IN FACT INTEND FOR FLAGGING OF CTLS AND COMPONENTS IN THIS INSTANCE.,A B757-200 DURING A STRUCTURAL REPAIR 2 PULLEY BRACKETS WERE REMOVED AND LEFT HANGING ON THE CTL CABLES WITH NO WRITE-UPS OR CTLS FLAGGED.,
484016,ASRS Database Online custom search,turnover,200005,Operator: Air Carrier | Make/Model: B737-300,Component: Elevator Tab | Problem: ,Function: Technician Technician | Human Factors: Troubleshooting ,,Contributing Factors: Company Policy; Human Factors; Manuals; Airspace Structure; Chart Or Publication; Aircraft | Primary Problem: Chart Or Publication,ON MAY/XA/00 AT XA00; I WAS ASSIGNED TO ACFT XYZ L ELEVATOR TAB CHANGE. A HINGE BRACKET WAS WORN AND NEEDED REPLACING. A NEW BRACKET WAS ORDERED; DRILLED AND INSTALLED. INSPECTION GAVE AN OK TO INSTALL THE TAB. THE TAB HAD WORN BEARINGS AND NEEDED REPLACING. THE TAB WAS REPLACED AS AN ASSEMBLY PER MAINT MANUAL 27-31-31 WHICH STATES EITHER A CASTELLATED OR NON CASTELLATED NUT. THE TAB INSTALLATION KIT ORDERED AT THE SAME TIME AS THE TAB DID NOT CONTAIN THE PROPER HARDWARE AS MANDATED BY AIRWORTHINESS DIRECTIVE XX-WWW WHICH HAD PREVIOUSLY BEEN COMPLIED WITH ON THIS ACFT. NEW HARDWARE WAS USED FROM BENCH STOCK. MAINT MANUAL 27-31-31 STATES NEW NUTS BE USED ON CTL ROD AFT ATTACH BOLTS. THE MAINT MANUAL SHOWS NO REF TO THIS AIRWORTHINESS DIRECTIVE WHICH INSTALLS A SELF-LOCKING CASTELLATED NUT. THE ACFT AND THE NUTS INSTALLED WERE THOUGHT TO BE AIRWORTHY. AN XB CARD (SHIFT TURNOVER) WAS THEN WRITTEN BY ME TO RIG TAB AND CLOSE UP AREA WHICH WAS ACCOMPLISHED BY SECOND SHIFT. INSPECTION VERIFIED SAFETIES AND RIG.,A B737-300 WAS DISPATCHED IN NON COMPLIANCE WITH A L ELEVATOR TAB INSTALLED PER THE MAINT MANUAL USING HARDWARE THAT INVALIDATED A PREVIOUS AIRWORTHINESS DIRECTIVE.,
487017,ASRS Database Online custom search,turnover,200009,Operator: Air Carrier | Make/Model: A300,Component: Turbine Engine | Problem: ,Function: Technician  | Human Factors:  ,,Contributing Factors: Environment - Non Weather Related; Human Factors; Aircraft; Chart Or Publication; Company Policy | Primary Problem: Company Policy,SINCE FEB/XA/00 THE COMPANY HAS INSTRUCTED ME TO COMPLETE THE CREW CHIEF WORK TURNOVER RPT AT THE END OF THE SHIFT. THERE IS NO CREW CHIEF ASSIGNED TO OUR AREA. THEREFORE; BEING THE HIGH SENIOR MECH; THE COMPANY HAS PLACED THIS DUTY ON ME. GPM SECTION X-AB; PAGE Z; PARAGRAPH YB; STATES THE CREW CHIEF OR MECH IN CHARGE SHOULD PREPARE A TURNOVER RPT UNLESS A SUPVR JOINTLY WORKS IN THE SAME AREA; THEN ONLY THE SUPVR IS REQUIRED TO MAKE OUT A TURNOVER RPT (ZZZ AND XXX BASE MAINT REQUIRES A CREW CHIEF AND PRODUCTION SUPVR TURNOVER). SINCE THE COMPANY WON'T ASSIGN A CREW CHIEF TO THIS AREA; THEY ARE DIRECTING ME TO FILL OUT THE TURNOVER; THEREFORE CAUSING ME TO VIOLATE THE GPM. THEY INSIST THAT A CREW CHIEF IS NOT REQUIRED TO BE ASSIGNED TO FILL OUT A TURNOVER IN ZZZ.,AN ENG SHOP TECHNICIAN RPTS BEING REQUIRED TO COMPLETE THE SHOP TURNOVER RPT AT THE END OF THE SHIFT; A VIOLATION OF THE GENERAL PROCS MANUAL.,
494343,ASRS Database Online custom search,shift_change,200012,Operator: Air Carrier | Make/Model: B737-300,Component: Cockpit Window | Problem: Failed,Function: Technician Technician | Human Factors: Time Pressure; Troubleshooting ,,Contributing Factors: Logbook Entry; Weather; Aircraft; Chart Or Publication; Environment - Non Weather Related; Human Factors | Primary Problem: Chart Or Publication,ON DEC/XA/00; ACR FLT XXX (LAX-ZZZ) ACFT TAIL XYZ (A B737-300) EXPERIENCED AN L-1 WINDOW SHATTERED ENRTE. UPON INSPECTION OF WINDOW IT WAS FOUND TO BE UNSVCABLE. L-1 WINDSCREEN REPLACEMENT BEGINS. 2 MAINT ASSIGNED; MYSELF AND ANOTHER TECHNICIAN. AFTER 4 HRS OF WORK TIME; THE OLD WINDOW WAS REMOVED AND I STAYED ON WINDOW REMOVE AND INSTALL WHILE OTHER TECHNICIAN WAS SNAPPED WITH SHIFT CHANGE. THE WINDOW WAS REPLACED AND SEALER WAS INSTALLED. A NEW WINDOW HEAT CONTROLLER ALSO WAS INSTALLED AND TESTED WITH NEW L-1 WINDOW. ALL CHKED NORMAL. PER MAINT MANUAL; THE ACFT WAS RETURNED TO SVC WITH A DEFERRAL ON SPD TAPE OVER NOT CURED SEALER. THE TEMP AT SEALER APPLICATION WAS APPROX 40 DEGS F. THE ACFT DEPARTED PDX BOUND FOR LAX AT APPROX XA40 (FERRY EQUIP REPOS). ON CLBOUT AT 15000 FT; A LOUD NOISE SUDDENLY CAME FROM UPPER PORTION OF L-1 WINDOW; ACCOMPANIED BY HIGH PITCHED AIR LEAK FROM AREA. AIR LEAK NOISE SILENCED WHEN PRESSURE DIFFERENTIAL REDUCED BELOW 3.5 PSID. RETURNED TO PDX. ON INSPECTION; IT WAS FOUND THAT THE PROTECTIVE SPD TAPE WAS LOOSE/MISSING AND WET SEALER WAS BLOWN OUT IN UPPER L CORNER OF L-1 WINDOW. THE WINDOW WAS RETORQUED AND RESEALED WITH PROTECTIVE TAPE; THEN RETURNED TO SVC. ACFT RETURNED TO REVENUE FLT SCHEDULE NEXT DAY WITH NO MORE TROUBLE WITH WINDOW AIR LEAK.,A B737-300 WAS DISPATCHED AFTER A #1 WINDSHIELD REPLACEMENT AND RETURNED TO THE FIELD DUE TO #1 WINDSHIELD PRESSURE LEAK CAUSED BY UNCURED SEALANT.,
494620,ASRS Database Online custom search,turnover,200012,Operator: Air Carrier | Make/Model: MD-83,Component: Main Gear Wheel | Problem: ,Function: Technician  | Human Factors: Time Pressure ,,Contributing Factors: Chart Or Publication; Human Factors; Logbook Entry; Aircraft; Manuals | Primary Problem: Human Factors,I WAS ASSIGNED TO RETRIEVE THE LOGBOOK AND CHK FOR TIRES AND BRAKES; TO NOTIFY THE CREW CHIEF OF POSSIBLE MINIMUM TOLERANCE EXCEEDANCE FOR THE OVERNIGHT INSPECTION. I FOUND THAT BRAKE #2 AND #4 WERE BELOW LIMITS BY MY MEASUREMENTS. I NOTIFIED MY CREW CHIEF AND ALSO MADE A MAINT DISCREPANCY ENTRY; IN THE FORM OF A WRITE-UP ON PAGE 27 OF THE 'A' CHK WORK PACKAGE. THE ACTING CREW CHIEF FOR THE SHIFT WAS PROVIDED A TURNOVER RPT ON THE WORKLOAD OF ALL OVERNIGHT ACFT; WHICH INCLUDED THESE 2 BRAKES. IF THE MECH ASSIGNED TO THE 'A' CHK INSPECTION DID NOT AGREE AND FOUND THE #2 AND #4 BRAKE TO BE WITHIN LIMITS; IT SHOULD HAVE BEEN RESOLVED IN WRITING. THIS DID NOT HAPPEN! THE ACTING CREW CHIEF WAS INVOLVED IN THE REMOVAL AND REPLACEMENT OF PAGE 27 WHERE THE MAINT DISCREPANCY ENTRY HAD BEEN. I BECAME AWARE OF THIS ON DEC/XA/00 AND REVIEWED THE WORK PACKAGE OF THIS ACFT. WHAT I FOUND DISTURBS ME. THE WORK PACKAGE HAD BEEN ALTERED. PAGE 27 WAS NOT THE SAME PAGE I HAD MADE MY MAINT DISCREPANCY ENTRY ON. I FOUND STAPLE HOLES THAT REVEALED THE STAPLE WAS REMOVED AND A NEW/DIFFERENT PAGE 27 WAS INSTALLED. I AM CONCERNED ABOUT ALL OF MY MAINT RECORDS TO DATE.,MD83. DURING A SCHEDULED CHK; A TECHNICIAN ENTERED A WRITE-UP IN THE CHK PAPERWORK ON #2 BRAKE WORN TO LIMITS AND ON COMPLETION OF THE CHK ON THE NEXT SHIFT WRITE-UPS ON #2 BRAKE AND #4 BRAKE WERE MISSING.,
495468,ASRS Database Online custom search,shift_change,200012,Operator: Air Carrier | Make/Model: B737-200,Component: Oxygen System/Pax | Problem: ,Function: Technician Lead Technician | Human Factors: Time Pressure; Troubleshooting ,,Contributing Factors: Aircraft; Chart Or Publication; Company Policy; Human Factors | Primary Problem: Human Factors,ON JOB CARD #WXBCV; PAX OXYGEN SYS OP AND CHK MASKS FOR ACFT XYZ; I HELPED COMPLETE AND STAMPED STEP 02 A THROUGH I AND J(1). UPON TRYING TO PERFORM STEP 02-J(2) I WROTE UP 'WRITE-UPS ALL DISCOLORED MASK BAGS AND HOSES FAILED.' I ORDERED NEW REPLACEMENT MASK AND LEFT BECAUSE OF SHIFT CHANGE. THIS WAS THE ONLY SHIFT I WORKED ON THIS CARD SO I WASN'T ABLE TO SEE THE JOB TO COMPLETION. I PERFORMED AND SIGNED THEIR WORK DEC/XA/99.,A TECHNICIAN WORKING THE PAX EMER OXYGEN ON A B737-200 DISCOVERED MANY FAILED HOSES AND BAGS AND SYS TEST FAILURE. TECHNICIAN BECAME CONCERNED ABOUT THE JOB TURNOVER AND WROTE UP THE FAILED TEST AND UNITS.,
501397,ASRS Database Online custom search,turnover,200102,Operator: Air Carrier | Make/Model: MD-88,Component: DC Battery | Problem: ,Function: Technician Technician | Human Factors: Time Pressure; Troubleshooting ,,Contributing Factors: Logbook Entry; Manuals; Aircraft; Chart Or Publication; Human Factors; Incorrect / Not Installed / Unavailable Part | Primary Problem: Human Factors,WORKING LAYOVER ON AN MD88 ACFT XYZ; FOUND CIRCUIT BREAKER FOR BATTERY CHARGER POPPED. CALLED ACR MAINT COORDINATOR AND CHKED MAINT MANUAL FOR QUICK REF OF INSTALLATION. COORDINATOR IN ACFT SAID IT WAS OK TO WIRE THE CHARGER THE WAY I DID. I INSTALLED CHARGER; IT SEEMED THERE WAS A SMALL CHARGE ON THE GAUGE WHEN I CHKED IT. I SIGNED IT OFF AS OK FOR SVC. THE CREW (PLTS) NOTIFIED ME THAT IT WAS NOT CHARGING ENOUGH. THE CIRCUIT BREAKER RESET OK. DAY SHIFT TURNOVER MECH HAD SHOED UP. WE DISCUSSED IT MAY BE WIRING PROBS. THE CREW ENTERED ANOTHER ITEM IN LOGBOOK ABOUT EMER PWR CHK NOT WORKING. THE DAY SHIFT MECH CHANGED SOME WIRING TO CHARGER AND CHANGED BATTERIES; AND RETURNED ACFT TO SVC. SHORTLY AFTER THE ACFT WAS IN XXX AND THE PLTS NOTICED SMOKE AND FUMES COMING FROM E&E COMPARTMENT AT THE GATE. XXX MECHS REPLACED BATTERY AND CHARGER. PLEASE KEEP IN MIND THAT WHILE THIS WAS HAPPENING; IT HAD BEEN AT DEP TIME AND LATER. CALLBACK CONVERSATION WITH RPTR REVEALED THE FOLLOWING INFO: THE RPTR STATED THE WIRING CHANGE REQUIRED BY THE MEL TO OPERATE WITH 1 BATTERY CHARGER IS A COMPLEX PROC AND WAS NOT DONE CORRECTLY. THE RPTR STATED EITHER THE WORK ACCOMPLISHED BY MYSELF OR THE FOLLOW-UP WORK BY MY RELIEF WAS INCORRECT.,AN MD88 WAS DISPATCHED IN NON COMPLIANCE WITH 1 BATTERY CHARGER DEFERRED INOP PER THE MEL BUT WIRED INCORRECTLY.,
503671,ASRS Database Online custom search,shift_change,200102,Operator: Air Carrier | Make/Model: Fokker 100,Component: Hydraulic System | Problem: Failed,Function: Technician Lead Technician | Human Factors: Troubleshooting ,,Contributing Factors: Company Policy; Manuals; Human Factors | Primary Problem: Company Policy,I WORK AT ACR X AT ZZZ AT THE SHOP. WE WORK ACFT CONTAINERS AND DO ON-CALL MAINT AROUND BASE. ALSO; WE RETURN EQUIP BACK TO THEIR SHOPS AND HANGARS. ON FEB/XA/01; WE WERE TOLD TO RETURN A HYD MULE BACK TO THE HANGARS. THEN WAS TOLD THE COMPANY WANTED A SAMPLE OF HYDROFLUID TAKEN. AFTER THAT CAME A SHIFT CHANGE -- WE WENT HOME. I LATER FOUND OUT A SAMPLE WAS TAKEN; AND THE UNIT WAS RETURNED BACK TO HANGARS FOR SVC. MY QUESTION IS THIS: IF THE COMPANY WAS TOLD THE UNIT OVERPRESSURIZED AT 3000 PSI CAUSING THE ACFT TO BLOW OUT 2 ENG PUMPS AND STEERING VALVES; WE HAVE A PROB. I HAVE 2 REPAIR ORDERS FOR THE HYDROUNIT FOR OVERPRESSURE. THE MECHS RAN THE UNIT IN OUR SHOP FOR OVER 1 HR AND HAD NO PROBS; SO THEY DID NOT CHANGE ANY PARTS LIKE THE FILTERS; YET MGMNT TOLD THEM TO TAKE A SAMPLE. A SAMPLE TAKES UP TO 90 DAYS TO GET RESULTS OF SAMPLE; YET OUR MGMNT RETURNS THIS UNIT BACK TO SVC WHEN THE UNIT MAY BE CONTAMINATED. ALSO; THE HYDROUNIT GAUGES ARE NOT CALIBRATED. SHOULD THEY BE CALIBRATED EVERY YR BECAUSE IT'S USED ON ACFT? ALSO; WHAT I THINK HAPPENED WAS THE MECHS AT THE HANGAR SET THE HYDROUNIT TO 3000 PSI ON MACH AND DID NOT CHK THE PRESSURE AT THE GAUGES ON THE ACFT ITSELF. I LATER HEARD THE PRESSURE IN THE ACFT WAS 3600 PSI. THE GAUGES IN THE HYDROUNIT MIGHT NOT BE SET RIGHT. DO WE HAVE PAPERWORK TO FIX A HYDROUNIT WHEN IT IS OR MAYBE CONTAMINATED AT ACR X.,ACR SUPVR RETURNED A HYD MULE TO SVC WITHOUT BEING PROPERLY CALIBRATED OR MAINTAINED.,
504348,ASRS Database Online custom search,shift_change,200102,Operator: Air Carrier | Make/Model: B737-400,Component: ILS/VOR | Problem: Failed,Function: Lead Technician Technician | Human Factors: Time Pressure ,,Contributing Factors: Aircraft; Chart Or Publication; Logbook Entry; Equipment / Tooling; Human Factors | Primary Problem: Human Factors,ACFT XYZ HAD A ROUTINE OVERNIGHT LAYOVER IN ZZZ ON FEB/TUE/01 WITH THE #1 ILS ON MEL. MYSELF AND ANOTHER TECHNICIAN; WHILE TROUBLESHOOTING THE #1 ILS; FOUND AN OPEN WIRE IN THE FREQ TUNING CIRCUIT FROM THE NAV CTL PANEL TO THE NAV RECEIVER. UNABLE TO LOCATE WHERE THE OPEN WIRE WAS BEFORE SHIFT CHANGE. I DECIDED WE SHOULD LEAVE THE SYS ON MEL SINCE IT WAS AN OPEN ITEM MEL AND HAD TIME REMAINING. NINE DAYS LATER A PLT WROTE UP THE #1 VOR SYS INOP ON SOME FREQS. MY ERROR WAS THAT WHILE FINDING A FREQ TUNING PROB WITH THE ILS; IT DID NOT DAWN ON ME AT THE TIME THAT THE VOR WOULD HAVE A TUNING PROB ALSO. ALTHOUGH THE VOR SYS HAD NO HISTORY IN THE PAST 60 DAYS AND OPS CHKED NORMAL WITH TIC [HAND-HELD VOR/ILS TESTER] TEST SET; ON LCL VORS AND THE TEST VOT; WHILE TROUBLESHOOTING THE ILS. THE ILS CAN BE MEL'ED; BUT THE ACFT CANNOT BE DISPATCHED WITH AN INOP VOR; WHICH I SHOULD HAVE REALIZED AT THE TIME AND GNDED THE ACFT UNTIL THE OPEN WIRE WAS REPAIRED. ACFT XYZ WAS RELEASED FOR FLT WITH THE #1 ILS ON MEL. THE VOR DISCREPANCY AROSE NINE DAYS LATER IN THE FORM OF A PLT WRITE-UP. AT THIS TIME XXX MAINT REPAIRED THE OPEN WIRE; FIXING THE #1 VOR AND #1 ILS SYS. THIS WAS ALL BROUGHT TO MY ATTN BY MAINT CTL IN ABC.,A B737-400 WAS DISPATCHED IN NON COMPLIANCE WITH THE #1 VOR NAV SYS INOP ON SOME FREQS. CAUSED BY DEFERRAL OF THE ILS SYS.,
506567,ASRS Database Online custom search,turnover,200103,Operator: Air Carrier | Make/Model: MD-80 Series (DC-9-80) Undifferentiated or Other Model,Component:  | Problem: ,Function: Technician Technician | Human Factors: Time Pressure; Troubleshooting ,,Contributing Factors: Aircraft; Human Factors; Company Policy; Chart Or Publication | Primary Problem: Chart Or Publication,SAFETY CONCERN: ON MAR/XA/01 EMPLOYEE #W AND #Y CLEANED AND REINSTALLED CEILING PANELS IN THE AFT CARGO BAY. THE ACFT WAS TAKEN TO THE HANGAR FOR A TURNOVER OF THE CLEANING OF THE FLOOR AND BELLY AREA. A SUPVR RETURNED THIS ACFT TO SVC WITHOUT THIS WORK BEING ACCOMPLISHED. THIS ACTION POSES A POSSIBLE CONTAMINATION RISK TO PAX AND RAMP WORKER.,A TECHNICIAN RPTS AN MD80 WAS DISPATCHED WITH THE AFT CARGO FLOOR AND LOWER BELLY INTERIOR NOT CLEANED PER THE JOB CARD.,
511447,ASRS Database Online custom search,turnover,200105,Operator: Air Carrier | Make/Model: ATR 72,Component: Oil Line | Problem: Improperly Operated; Failed,Function: Technician  | Human Factors: Time Pressure; Troubleshooting ,,Contributing Factors: Aircraft; Human Factors | Primary Problem: Human Factors,UPON COMING ON SHIFT; I WAS GIVEN VERBAL TURNOVER THAT ACFT R-HAND ENG REQUIRED OPS CHK OF 'A' IGNITER. THE ONLY REMAINING DISCREPANCY WAS THAT THE #2 ENG FIRE HANDLE WARNING WAS ILLUMINATED. I REMOVED THE FIRE LOOP CANNON PLUG FROM THE FIREWALL TO TROUBLESHOOT THE PROB. FOUND WATER IN THE CANNON PLUG; CLEANED IT AND RECONNECTED -- THE SYS OPS CHKED GOOD. I PERFORMED A SYS OPS CHK OF IGNITION SYS A AND B OF R-HAND ENG. THE SYS OPS CHKED GOOD. I CLOSED UP THE R-HAND ENG. I DON'T RECOLLECT AT THIS TIME SEEING A ROLL OF SAFETY WIRE BEFORE CLOSING THE ENG COWLS OR ANY LOOSE OIL LINES. I DO RECALL CLOSING THE AFT COWL. I KNOW I DIDN'T REMOVE THE MAINT STAND AND AM UNSURE IF I CLOSED THE FORWARD COWL. ALL WORK I PERFORMED WAS ON THE R-HAND SIDE OF THE ENG. SUPPLEMENTAL INFO FROM ACN 511446: STARTED PULLING IGNITION LEAD OUT; FOUND THAT IT WAS MISRTED AND WOULD TAKE DROPPING LOWER COWL TO CORRECT IT. REINSTALLED R-HAND IGNITER AND LEAD AND SAFETIED. CLRED LOWER COWL OF FOD AND WASHED. REINSTALLED LOWER COWL AND BOLTED AND SAFETIED THE BOLTS AND NUTS ON THE R SIDE. INSTALLED R-HAND OIL COOLER LINE AND TORQUED. INSTALLED 5 LOOPS AND SAFETIED. THEN INSTALLED ENG DRAIN LINES OIL ON THE R SIDE. THEN TURNED OVER WORK TO SECOND SHIFT. LEFT THE ACFT AND DID ACCOUNTABILITY CHK ON TOOLS.,AN ATR 72-200 INFLT DIVERTED AND SHUT DOWN THE R ENG DUE TO LOSS OF OIL PRESSURE AND QUANTITY CAUSED BY THE OIL COOLER LINE NOT SECURED.,
512918,ASRS Database Online custom search,turnover,200105,Operator: Air Carrier | Make/Model: B737-300,Component: Wing Trailing Edge | Problem: ,Function: Lead Technician Technician | Human Factors: Troubleshooting ,,Contributing Factors: Human Factors; Incorrect / Not Installed / Unavailable Part; Manuals; Airspace Structure; Aircraft | Primary Problem: Chart Or Publication,ON MAY/XA/01; AN ACR PLANNER HANDED ME A 'CD' [JOB CARD] #XXXXX; REPLACEMENT OF SPOILER AND BRAKE HYD LINES IN R AND L WINGS; THAT HAVING BEEN COMPLETED AND TURNED IN BY MECH AND ALL BLOCKS HAD BEEN STAMPED NEED THE LAST PAGE SIGNED OFF BY THE LEAD. A PAGE WAS ATTACHED FOR WORK CARRY-OVER AND TURNOVER. AS A RULE; WHEN THE MECH STAMPS OFF THE REGULAR BLOCKS ON THE 'CD' AS HAVING BEEN COMPLETED; THIS INCORPORATES ALL TURNOVER INFO ON ANY ATTACHED PAGES. BELIEVING ALL WORK HAD BEEN ACCOMPLISHED; I SIGNED OFF THE LAST PAGE TO COMPLETE THE PACKAGE BEFORE THE PLANNER PUT AWAY THE PAPERWORK. APPARENTLY AN ITEM IN THE PAGE WAS OVERLOOKED AND A TOP R WING PANEL WAS NOT SECURED. THE PANEL AND ATTACHED HYD LINES CAME OFF INFLT; DIRECTLY AFTER TKOF; CAUSING LOSS OF HYDS AND A RETURN TO GATE. REMOVING THE PANEL IS 1 STEP TO BE STAMPED ON THE 'CD' PAPERWORK; BUT THERE IS NO BLOCK TO SPECIFICALLY INSTALL THE PANEL. INSPECTION WAS OVERLOOKED IN THE PAGE. THE 'CD' SHOULD BE MODIFIED TO INCLUDE INSTALLATION OF ALL REMOVED PANELS AND EQUIP. BECAUSE THIS JOB GOES FROM SHIFT TO SHIFT OFTEN BEFORE COMPLETION CONTRIBUTES TO ITEMS BEING OVERLOOKED ON TURNOVERS. CALLBACK CONVERSATION WITH RPTR REVEALED THE FOLLOWING INFO: THE RPTR STATED THE COMPANY SYS ENGINEER AND JOB CARD WRITER HAVE CORRECTED AND REVISED THE JOB CARDS INVOLVED IN THIS INCIDENT. THE RPTR SAID JOB TURNOVER PROCS ARE UNDER REVIEW AND SOME CHANGES WILL BE MADE.,A B737-300 AFTER TKOF DECLARED AN EMER AND DIVERTED WITH LOSS OF HYD PRESSURE AND QUANTITY DUE TO DAMAGED LINES CAUSED BY A UNSECURED DEPARTING WING PANEL.,
516811,ASRS Database Online custom search,turnover,200107,Operator: Air Carrier | Make/Model: DC-9 10,Component: Nose Gear | Problem: ,Function: Technician Pilot Flying; Captain | Human Factors:  ,,Contributing Factors: Aircraft; Airspace Structure; Company Policy; Human Factors; Manuals; Chart Or Publication | Primary Problem: Chart Or Publication,ON JUN/XA/01; I WAS INSTRUCTED TO WORK ON THE NOSE LNDG GEAR REPLACEMENT ON ACFT. PREVIOUS SHIFT HAD COMPLETED UP TO WORK STEP XYA OF ACR WORK CARD NOSE LNDG GEAR REPLACEMENT. I COMPLIED WITH WORK STEPS XYZ TO XYC TO INCLUDE ATTACHING THE NOSE LNDG GEAR ACTIVATING CYLINDER; REINSTALLING NOSEWHEEL AND SVCING THE NOSE LNDG GEAR STRUT ALONG WITH LUBRICATION OF THE NOSE LNDG GEAR ASSEMBLY. WHEN DONE WITH THAT; I ASSISTED ANOTHER TECHNICIAN WITH THE CABLE RIG OF THE GND SENSE CTL CABLES AND THE NOSE LNDG GEAR STEERING SYS BY RUNNING FOR PARTS AND VERIFYING CABLE TENSION CHARTS AND WORK STEPS FROM THE MAINT MANUAL BECAUSE OF THE CONFINED WORK AREA IN THE NOSEWHEEL WELL AREA. ONCE THE GND SENSE AND THE NOSE LNDG GEAR STEERING SYS RIGGING WAS COMPLETED; I MOVED ON TO THE NOSE GEAR STEERING FUNCTIONAL CHK. BY THIS TIME IT WAS THE END OF MY WORK SHIFT AND I TURNED IT OVER TO THE NEXT SHIFT MECH VERBALLY AND WITH A WRITTEN TURNOVER. ALL THAT REMAINED WAS TO DO A LNDG GEAR RETRACT/EXTENSION FUNCTIONAL CHK AND RECONNECT THE GEAR DOORS. THE FOLLOWING DAY ON THE FIRST FLT OUT; THE PLT HAD PROBS RETRACTING THE LNDG GEAR AND WITH PRESSURIZING THE ACFT CABIN. IT WAS BROUGHT BACK AND THE GND SENSE SYS WAS RERIGGED AND A FUNCTIONAL CHK PERFORMED AGAIN. IN MY OPINION THE LNDG GEAR RETRACTION PROB NEVER SHOULD HAVE MADE IT PAST THE FUNCTIONAL CHKOUT AND THE RIGGING PROC FOR THE GND SHIFT/SENSE SYS IN THE ACFT MAINT MANUAL LEAVES TOO MUCH ROOM FOR ERROR. CALLBACK CONVERSATION WITH RPTR REVEALED THE FOLLOWING INFO: THE RPTR STATED THE MAINT MANUAL HAS NO CLR AND CONCISE PROC FOR REPLACING THE NOSE LNDG GEAR. THE RPTR SAID THE MANUAL SKIPS TO SEPARATE NOSE GEAR COMPONENTS AND CONTAINS ERRORS NEVER CORRECTED.,A DC9-10 AFTER TKOF RETURNED TO THE FIELD DUE TO UNABLE TO RETRACT THE NOSE LNDG GEAR. CAUSED BY CONFUSING AND ERROR PRONE MANUAL RIGGING AND TEST PROCS.,
518888,ASRS Database Online custom search,turnover,200107,Operator: Air Carrier | Make/Model: MD-80 Series (DC-9-80) Undifferentiated or Other Model,Component: Powerplant Fuel Control Unit | Problem: Improperly Operated,Function: Technician Technician | Human Factors: Troubleshooting; Time Pressure; Communication Breakdown ,,Contributing Factors: Company Policy; Human Factors; Logbook Entry; Airspace Structure; Aircraft; Environment - Non Weather Related | Primary Problem: Human Factors,THE FOLLOWING IS MY ACCOUNT OF THE MAINT THAT WAS PERFORMED ON ACFT XXX. ALSO INCLUDED IS THE INCIDENT RESULTING FROM ERROR IN THIS MAINT; AS WELL AS; WHAT FACTORS ATTRIBUTED TO THIS. IN CONCLUSION; I HAVE STATED WHAT STEPS I BELIEVE COULD PREVENT THIS FROM OCCURRING AGAIN. ACFT XXX WAS IN FOR OVERNIGHT MAINT WITH INSPECTIONS INVOLVING THE ENG SYNC AND AUTOTHROTTLE SYS. DURING TROUBLESHOOTING OF THESE SYS THE NIGHT SHIFT TECHNICIAN DISCOVERED THAT THE L THROTTLE WAS STICKING WHEN MOVED TO THE FULL FORWARD POS. HE TROUBLESHOT THIS PROB BY DISCONNECTING THE THROTTLE AT THE BELL CRANK IN THE AFT CARGO PIT; THE THROTTLE CABLES WHERE THEY ATTACH TO THE ENG XSHAFT; AND THE FUEL CTL UNIT. HE DISCOVERED THAT WITH THE THROTTLE DISCONNECTED FROM THE ENG XSHAFT; THE BINDING OF THE THROTTLE CEASED. THE ACFT WAS THEN REPOSITIONED TO THE HANGAR ON ONE ENG WITH THE L THROTTLE CABLE DISCONNECTED FROM THE ENG. A TURNOVER WAS GIVEN TO ME AT THIS POINT. AFTER READING THE TURNOVER; I PERSONALLY TALKED WITH THE NIGHT SHIFT TECHNICIAN ABOUT WHAT WAS LEFT DISCONNECTED. IN THE LOGBOOK WERE WRITE-UPS FOR THE THROTTLE CABLE BOLT AND NUT BEING REMOVED AT THE XSHAFT; AS WELL AS THE COTTER PIN FOR A BOLT ATTACHING THE THROTTLE CTL TUBE AT THE FUEL CTL UNIT. THIS IS THE POINT I BEGAN TROUBLESHOOTING. THE THROTTLE BINDING DISCREPANCY WAS CAUSED BY THE POS OF THE BRACKET THAT ATTACHES THE THROTTLE AND FUEL SHUTOFF CABLES TO THE ENG. THIS BRACKET IS SLOTTED. SIMPLY BY REPOSITIONING THIS BRACKET; THE BINDING DISCREPANCY WAS SOLVED. HOWEVER; REPOSITIONING THE BRACKET THREW OFF THE IDLE RIG AT THE XSHAFT. THE THROTTLE CABLE WAS RIGGED FOR IDLE ALONG WITH THE ENG SYNC FOLLOWED BY INSTALLING BOTH ENG PART PWR STOPS TO CHK THROTTLE KNOB SPLIT. ONCE THIS MAINT WAS COMPLETE; THE ITEMS INVOLVED IN THE RIGGING WERE SAFETIED AND INSPECTED BY A REQUIRED INSPECTION ITEM INSPECTOR. IN ADDITION; THE CARGO PIT WAS OPENED FOR THIS INSPECTOR SINCE ITEMS INVOLVING THE THROTTLE WERE TOUCHED BY THE PREVIOUS SHIFT. THIS WAS DONE FOR SAFETY PURPOSES REGARDLESS OF THE FACT THAT THERE WERE NO WRITE-UPS. AT THIS POINT; MAINT CTL CALLED AND INFORMED US THAT THE ACFT WAS NEEDED IMMEDIATELY FOR REVENUE FLT. WE HAD NOT COMPLETED ANY OF THE PAPERWORK AT THIS POINT. THE PAPERWORK WAS COMPLETED AND THE WRITE-UP ON THE COTTER PIN; WHICH WAS REMOVED FROM THE BOLT AT THE FUEL CTL UNIT; WAS READ AND MISINTERPED BY ME TO HAVE BEEN THE COTTER PIN REMOVED AT THE XSHAFT. THEREFORE; NO COTTER PIN WAS INSTALLED BY ME NOR INSPECTED FOR BY ME AT THE FUEL CTL UNIT. THE INCIDENT RESULTING FROM THIS MISINTERP WAS THE LOSS OF THROTTLE CTL INFLT. THIS LOSS OF CTL LED TO AN INFLT SHUTDOWN; EMER LNDG; AND THE DESTRUCTION OF AN ENG DUE TO OVERTEMPING AND THERMAL SHOCK. MISINTERPING THE EXACT WRITE-UP THAT WAS WRITTEN WAS THE PREDOMINANT CAUSE FO THIS INCIDENT. THERE WERE ALSO A NUMBER OF OTHER CONTRIBUTING FACTORS. AN OBVIOUS FACTOR WAS THE IMMEDIATE NEED FOR THE ACFT; WHICH WAS A CHANGE IN THIS ACFT'S STATUS. THE FACT THAT THERE WERE TOO MANY LOOSE ENDS AND UNDOCUMENTED MAINT AT THE TIME OF TURNOVER CREATED PROBS AS WELL. IN A SIT WHERE FURTHER TROUBLESHOOTING IS STILL REQUIRED AT TURNOVER TIME; ALL AREAS THAT HAVE BEEN LOOKED AT OR TOUCHED NEED TO BE COMPLETELY SECURED AND SIGNED OFF. MAINT PERSONNEL TAKING TURNOVERS IN A TROUBLESHOOTING SIT ARE FOCUSED ON SOLVING THE PROB. THIS PRACTICE RELIEVES THE BURDEN OF OVERLOOKING WHAT SOMEONE ELSE HAS OR HAS NOT DONE. IT WOULD ALSO BE HELPFUL AT TURNOVER TIME TO HAVE A LEAD PRESENT AND INVOLVED IN THE DECISION OF WHAT SHOULD BE TURNED OVER AND/OR WHAT SHOULD BE WRAPPED UP BY THE LEAVING SHIFT. A SIMPLE TURNOVER WITH LESS STRINGS ATTACHED IS ALWAYS BETTER AND LESS CONFUSING. IT WOULD TAKE A MINIMAL AMOUNT OF TIME FOR A TECHNICIAN TO CLEAN UP THE PROJECT TO A POINT THAT WOULD SIMPLIFY THE TURNOVER. THESE ARE STANDARD PRACTICES; WHICH IF FOLLOWED; WOULD MINIMIZE MISINTERPS IN THE FUTURE. DURING TROUBLESHOOTING; IT IS VERY EASY FOR A TECHNICIAN TO BECOME SO FOCUSED ON SEARCHING FOR THE PROB THAT HE MANAGES TO OPEN TOO MANY AREAS OF THE ACFT. HE MOVES ON IF HE DOES NOT FIND A PROB IN A CERTAIN AREA. THIS IS A COMMON OCCURRENCE AND IF DOCUMENTED THERE REALLY ISN'T ANYTHING WRONG WITH IT UNTIL TURNOVER TIME. IF THE TECHNICIAN IS PLANNING TO GIVE A TURNOVER; HE MUST CEASE THE TROUBLESHOOTING IN ADVANCE TO CLOSE AREAS AND PUT THINGS BACK TOGETHER COMPLETELY. A GOOD STANDARD PRACTICE IS TO PUT THINGS BACK TOGETHER COMPLETELY. IF YOU DO NOT HAVE THE TIME TO FINISH; OR THE ASSEMBLY IS NOT SPECIFICALLY OUTLINED IN THE MANUAL OR WORK CARD; DO NOT BEGIN THE ASSEMBLY. THIS SIMPLE PRACTICE WILL NOT ONLY PREVENT MISINTERPS; IT WILL PREVENT THE QUESTIONS THAT USUALLY ARISE AND CONSEQUENTLY LEAD TO THE DISASSEMBLY BACK TO THE STARTING POINT BY SOMEONE OTHER THAN THE ORIGINAL MECH.,AN MD80 MECH FORGETS TO SECURE THE FUEL CTL UNIT WITH THE REQUIRED COTTER PIN WHICH CREATES AN INFLT ENG SHUTDOWN AFTER THE ENG SUSTAINED AN OVERHEAT CONDITION; AFTER TKOF AND CRUISE; TOTALING THE ENG. ZZZ; US.,
520811,ASRS Database Online custom search,turnover,200108,Operator: Air Carrier | Make/Model: B737-300,Component: Indicating and Warning - Landing Gear | Problem: Failed,Function: Technician Technician | Human Factors: Troubleshooting; Time Pressure ,,Contributing Factors: Human Factors; Logbook Entry; Aircraft | Primary Problem: Human Factors,I WAS ASSIGNED TO ASSIST IN TROUBLESHOOTING A LNDG GEAR PROB ON A COMPANY B737-300. THE ACFT HAD ALREADY MADE 2 AIR TURNBACKS EARLIER IN THE DAY -- FIRST FOR AURAL WARNING AFTER TKOF; AND SECOND BECAUSE GEAR LEVER WOULDN'T MOVE OUT OF THE 'OFF' POS AFTER ROTATION. MY CREW DETERMINED THE CAUSE TO BE A FAULTY MAIN GEAR AIR SENSE PROX SWITCH. MY CO-WORKER REMOVED THE SENSOR AND SPLICED IN A NEW ONE; THEN I COMPLETED THE INSTALLATION BY MOUNTING THE SENSOR; WHILE HE BEGAN GIVING A 'TURNOVER' TO THE ONCOMING CREW. I HELPED SET THE SENSOR TO TARGET GAP PER THE ACFT MAINT MANUAL. WE THEN COMPLETED OUR DAY BY TURNING OVER THE SYS CHKOUT TO THE RELIEF CREW. THE FOLLOWING DAY I WAS INFORMED THAT THE ACFT HAD MADE A THIRD AIR TURNBACK ON ITS FIRST FLT ATTEMPT FOLLOWING OUR MAINT. INSPECTION REVEALED THAT I HAD IMPROPERLY MOUNTED THE NEW SENSOR. THE FACE WAS INADVERTENTLY POSITIONED 90 DEGS FROM THE TARGET. SOMEHOW I HAD STILL BEEN ABLE TO SET THE PROPER GAP -- BTWN THE TARGET AND THE SIDE OF THE SENSOR HOUSING! WHILE I WAS MOUNTING THE SENSOR THE PREVIOUS EVENING; I WAS CONVINCED THAT I WAS DOING IT CORRECTLY; SO DID NOT BOTHER TO LOOK CLOSELY AT THE ILLUSTRATION IN THE MAINT MANUAL. THIS HAD BEEN POOR JUDGEMENT -- ESPECIALLY SINCE I HAD NOT ACTUALLY OBSERVED THE REMOVAL OF THE SENSOR. I COULD IMMEDIATELY SEE MY MISTAKE; AND THAT THERE WAS AN ENTIRELY SEPARATE FLANGE AND SET OF MOUNTING HOLES ON THE SENSOR -- CLRLY NOT 'DUMMY PROOF!' OF COURSE; THIS MISTAKE WOULD HAVE BEEN CAUGHT PRIOR TO RETURNING THE ACFT TO SVC; HAD OUR RELIEF CREW PERFORMED THE SYS CHKOUT CORRECTLY PER THE ACFT MAINT MANUAL. APPARENTLY; THEY WERE ABLE TO RETRACT THE GEAR WITH THE ACFT ON JACKS; BUT THEY INADVERTENTLY USED THE GEAR LEVER SAFETY RELEASE TRIGGER; WHICH COMPLETELY BYPASSES THE AIR/GND SENSE SYS THAT THEY WERE SUPPOSED TO BE TESTING.,A B737-300 RETURNED TO THE FIELD 3 TIMES DUE TO GEAR GND SENSING PROBS. FIRST INCIDENT WAS AURAL WARNING; SECOND GEAR HANDLE WOULD NOT RELEASE; THIRD; GEAR HANDLE WOULD NOT RELEASE DUE TO SAFETY SENSOR INSTALLED WRONG.,
523087,ASRS Database Online custom search,turnover,200108,Operator: Air Carrier | Make/Model: B727-200,Component: Fan Bearing | Problem: ,Function: Technician Inspector | Human Factors: Troubleshooting; Time Pressure ,,Contributing Factors: Chart Or Publication; Human Factors; Manuals; Aircraft | Primary Problem: Human Factors,I WAS WORKING ACFT XYZ #1 ENG FAN CHANGE. AFTER DISASSEMBLY; THE INSPECTOR WROTE A N/R (NON ROUTINE WRITE-UP) CARD REQUIRING REPLACEMENT OF THE #1 BEARING. I ORDERED A BEARING FROM STORES USING WHAT I THOUGHT TO BE THE CORRECT PART NUMBER FROM THE FAN CHANGE TRAINING MANUAL. I FAILED TO VERIFY PART NUMBER AND EFFECTIVITY PER THE IPC. AT THE TIME OF TURNOVER TO THE NEXT SHIFT; THE BEARING WAS ENRTE FROM STORES. THE RELIEF CREW INSTALLED THE BEARING THAT I HAD ORDERED. ENG RECORDS DEPT SUBSEQUENTLY DISCOVERED THE DISCREPANCY; AT WHICH TIME THE ACFT WAS GNDED FOR REWORK OF THE #1 ENG #1 BEARING. I BELIEVE THIS PROB CAN BE PREVENTED IN THE FUTURE BY ELIMINATING PART NUMBERS FROM TRAINING MANUALS.,A JT8D-15 ENG HAD THE INCORRECT #1 BEARING INSTALLED DUE TO THE PART NUMBER BEING TAKEN FROM A TRAINING MANUAL.,
523530,ASRS Database Online custom search,turnover,200108,Operator: Air Carrier | Make/Model: B737-200,Component: Engine Control | Problem: Improperly Operated,Function: Lead Technician Captain; Pilot Flying | Human Factors: Troubleshooting ,,Contributing Factors: Airspace Structure; Company Policy; Human Factors; Incorrect / Not Installed / Unavailable Part; Manuals; Aircraft | Primary Problem: Human Factors,I WORK AS AN INSPECTOR IN ACFT MAINT FOR ACR X. I SIGNED FOR THE FINAL INSPECTION ON #1 ENG ON ACFT. AS WE HAVE DONE FOR MANY ENG CHANGES RECENTLY; MY MEMORY OF THIS ONE IS NOT VERY HELPFUL I DON'T REMEMBER THE FINAL ON THIS ACFT OTHER THAN BOTH ENGS WERE XFERRED FROM ANOTHER ACFT. A 'B' CHK WAS SCHEDULED FOR BOTH ENGS BEFORE INSTALLATION AND THERE WAS SOME QUESTION IF AND WHEN THE 'B' CHK WAS DONE -- AND THE THROTTLES RIGGED. THE FINAL INSPECTION WAS DONE BEFORE ALL THE WORK WAS DONE DUE TO BAD INFO FROM THE PRECEDING SHIFT. THE PROB COLD BE CTLED BY SEVERAL THINGS: BETTER SHIFT TURNOVER; INDIVIDUAL SIGNOFFS ON THE TASK DOCUMENT RATHER THAN GROUPING INSPECTOR SIGNOFFS ALTOGETHER; AND COTTER KEY AND CASTELLATED NUT ON THE THROTTLE LINKAGE.,A MAINT RPT ON A THROTTLE LINKAGE FAILURE THAT CAUSED AN INFLT ENG SHUTDOWN AND ACFT DIVERSION FROM ZZZ; US.,
524911,ASRS Database Online custom search,turnover,200109,Operator: Air Carrier | Make/Model: Fokker 100,Component: Fuselage Tail Cone | Problem: ,Function: Lead Technician ENGINEER | Human Factors: Time Pressure; Troubleshooting ,,Contributing Factors: Airspace Structure; Aircraft; Human Factors | Primary Problem: Human Factors,I WAS A LEAD MECHANIC ON JUNE/THU/01 ON ACFT X IN FOR A 'C' CHECK. A MECHANIC ON MY CREW WAS ASSIGNED TO REPLACE A CRACKED ANGLE ON THE PRESSURE (AFT) BULKHEAD. HE WAS WORKING OFF OF A JOB CARD AND A JOB CARD TURNOVER SHEET. WHEN IT WAS TIME TO INSTALL THE NEW PART; HE MADE ME AWARE OF THE FACT THAT TO INSTALL THE ANGLE WITH SOLID FASTENERS HE WOULD HAVE TO REMOVE COMPONENTS FOR ACCESS. I WENT TO THE 2ND SHIFT ENGINEER ON DUTY AND ASKED FOR AUTHORIZATION TO INSTALL CHERRY MAX FASTENERS. HE SAID THAT WE COULD NOT USE CHERRY MAX FOR THAT ANGLE. I THEN INFORMED MY DIRECT SUPERVISOR OF THE SIT. HE INFORMED ME TO STOP THE JOB UNTIL HE DID SOME RESEARCH. HE RETURNED LATER AND INSTRUCTED US TO INSTALL THE ANGLE WITH CHERRY MAX FASTENERS. THE MECHANIC DID THIS AND SHORT SIGNED THE JOB CARD AS INSTALLED CHERRY MAX FASTENERS PER SUPERVISORS INSTRUCTION. ON SEP/TUE/01 THE ACFT WAS BROUGHT IN FOR REPETITIVE INSPECTION AND THE ANGEL WAS REWORKED INSTALLING THE CORRECT FASTENERS. ON SEP/MON/01 THE AIRLINES QUALITY AND ASSURANCE DEPT CONTACTED ME TO QUESTION MY KNOWLEDGE AND RECOLLECTION OF THAT JOB. THEY INFORMED ME THAT I FAILED TO SEE THE ADDED DIRECTIVE NUMBER ON THE JOB CARD AND THAT THE DIRECTIVE SHOULD HAVE BEEN WITH THE WORK PACK. THE DIRECTIVE CALLED OUT AN ENGINEERING AUTHORITY THAT SPECIFIED THE FASTENERS THAT WERE TO BE INSTALLED. IF THIS PAPERWORK HAD BEEN WITH THE PACK THERE WOULD HAVE BEEN NO QUESTION AS TO HOW TO INSTALL THE PART. ALSO N SPEAKING WITH QUALITY AND ASSURANCE AND THE FAA REP I NOW KNOW THAT FOLLOWING VERBAL INSTRUCTION IS NOT A CORRECT SIGN OFF.,A FOKKER 100 WAS DISCOVERED TO HAVE A REPAIR TO THE AFT PRESSURE DOME ACCOMPLISHED USING SUBSTITUTE FASTENERS WITH NO DOCUMENTATION.,
527496,ASRS Database Online custom search,turnover,200110,Operator: Air Carrier | Make/Model: B777 Undifferentiated or Other Model,Component: Fan | Problem: ,Function: Technician Technician | Human Factors: Time Pressure; Troubleshooting ,,Contributing Factors: Airspace Structure; Chart Or Publication; Human Factors; Logbook Entry; Aircraft | Primary Problem: Chart Or Publication,I WAS ASSIGNED TO ACFT; #2 ENG. THE TURNOVER FROM THE NIGHT SHIFT AND MY CREW CHIEF WAS TO INSTALL THE AIR INTAKE SPINNER AND FAIRING; AND ANY OTHER ITEMS AND 'B' CHK CARDS THAT WERE LEFT OVER. I INSTALLED THE AIR INTAKE SPINNER AND FAIRING; AND TORQUED BOTH ITEMS TO THE PROPER TORQUE VALVES FROM THE MAINT MANUAL. THE AIR INTAKE SPINNER EXTENSION HAD BEEN INSTALLED ON THE NIGHT SHIFT. THE REASON FOR THE STATEMENT; IS THAT I HAD TO SIGN THE BLOCK ON THE 'B' CHK WORK CARD; THAT COVERS ALL 3 GPM PARTS. THE PERSON WHO INSTALLED THE EXTENSION DID NOT SIGN THE SAME BLOCK.,A TECHNICIAN RPTS DURING A B777 HVY CHK THE ENG JOB CARD FOR ENG CLOSE UP IS INADEQUATE TO RECORD ALL TECHNICIANS WORKING THE ENG.,
530724,ASRS Database Online custom search,shift_change,200110,Operator: Air Carrier | Make/Model: B737-300,Component: Spoiler System | Problem: ,Function: Inspector Technician | Human Factors: Time Pressure; Troubleshooting ,,Contributing Factors: Aircraft; Chart Or Publication; Human Factors | Primary Problem: Human Factors,RECENTLY IT HAS BEEN BROUGHT TO MY ATTN A PROB WHICH AROSE WITH ACFT X ON OCT/TUE/01/. ON THE ABOVE DATE THE SPOILER MITER WAS DUE FOR A TIME CHANGE. AT THAT TIME WAS DISCOVERED THAT R-HAND WING CABLES WSA1-2 AND WSA2-2 (SPOILER CTL) WERE WRAPPED AROUND EACH OTHER. THE PROB WAS RECTIFIED ON THAT DATE. ON MAY/THU/01; I ORIGINATED DISCREPANCIES FOR SPOILER CTL CABLES WSB2-1 CORRODED NR (NON-ROUTINE WRITE-UP) B235193; WSA1-4 CORRODE NR B235189; WSB1-4 CORRODED NR B235191; WSA2-4 CORRODED NR B235190; WSB2-4 CORRODED NR B235192. I INSPECTED THE FABRICATION AND PARTIAL INSTALLATION OF ALL THE CABLES. DUE TO SHIFT CHANGE I REFED THE SYS RIG; SAFETY WIRING OF THE TURN-BARRELS AFTER CONNECTION ON NR B235435 WHICH WAS ACCOMPLISHED BY A DIFFERENT INSPECTOR/MECH THAT DAY. THE CABLES FOUND CROSSED ON OCT/TUE/01 WERE NOT WRITTEN-UP BY ME FOR CORROSION; BUT WERE CONNECTED DOWNSTREAM IN THE SPOILER CTL SYS. WHEN I TURNED OVER THE JOB ON MAY/THU/01; NONE OF THE CABLES TENSIONED UP AND THE TURN-BARRELS WERE LOOSE AND MIGHT HAVE BEEN DISCONNECTED AGAIN DURING THE RIGGING PROCESS LATER IN THE DAY. NO DAMAGE TO THE CABLES OR ACFT STRUCTURE WAS FOUND ON OCT/TUE/01.,A B737-300 WAS DISPATCHED AND OPERATED IN NON COMPLIANCE FOR 6 MONTHS WITH THE R SPOILER CTL CABLES CROSSED.,
531572,ASRS Database Online custom search,turnover,200111,Operator: Air Carrier | Make/Model: B777-200,Component: Fan Reverser | Problem: Improperly Operated,Function: Inspector Technician | Human Factors: Troubleshooting; Time Pressure ,,Contributing Factors: Logbook Entry; Aircraft; Airspace Structure; Chart Or Publication; Human Factors | Primary Problem: Human Factors,ON THE EVENING OF NOV/XA/01; ACR X ACFT XXXX FLT XX ARRIVED AT ZZZ WITH A STATUS MESSAGE ON EICAS INDICATING A L ENG BLEED AIR PROB WHICH NEEDED TO BE CORRECTED PRIOR TO DEP THAT NIGHT I'M NOT QUITE SURE ALL THAT TRANSPIRED DURING THIS EVENT; BUT A DECISION WAS MADE FOR REMOVAL AND REPLACEMENT OF THE FAN AIR MODULATING VALVE (FAMV) ON THE LEFT ENG. DURING THE NIGHT OF NOV/XA/01 AT XA45 AT THE START OF MY SHIFT; I WAS ASSIGNED TO RELIEVE THE PRIOR SHIFT WHOSE ENDING TIME WAS XB00; AND WHOM WAS IN COURSE OF RECTIFYING THE PROB MENTIONED ABOVE. UNFORTUNATELY; PUTTING ME IN A SIT AFTER GATHERING MY TOOLS AND REACHING PLANE SIDE LEFT LITTLE OR NO TIME FOR AN ADEQUATE TURNOVER OF THE WORK IN PROGRESS BTWN THE ONGOING AND OFF GOING SHIFTS. AFTER THE REMOVAL AND REPLACEMENT VALVE WAS ACCOMPLISHED; THE MAINT MANUAL REQUIRED FOR AN ENG AIR OPS TEST. WHEREBY DUE TO THE TIME CONSTRAINTS NEEDED TO PERFORM AN OPS TEST OF THE BLEED SYS AND TO REDUCE ANY FURTHER DELAY WHICH WAS OCCURRING A DECISION WAS MADE TO RENDER THE NEW VALVE WHICH HAD BEEN INSTALLED INOP IN OPEN POS FOR FLT PER THE MEL FOR DISPATCH. I AND MY PARTNER THEN PROCEEDED TO PERFORM THE STEPS NEEDED PER THE MEL TO RENDER THE VALVE INOP FLT. ONE OF THE REQUIREMENTS WHICH NEEDED TO BE DONE PRIOR OPENING THE THRUST REVERSER TO GAIN ACCESS TO THE VALVE LOCATED ON THE INSIDE R THRUST REVERSER HALF; WAS TO DEACTIVATE THE THRUST REVERSER AT THE ISOLATION SHUTOFF VALVE LOCATED THROUGH AN ACCESS PANEL ON THE OUTBOARD SIDE OF THE L ENG PYLON 15 FT AGL. WE INSTALLED THE BYPASS PIN WHICH HAD A RED STREAMER ATTACHED TO IT THROUGH THE VALVE AND HUNG THE STREAMER OUT THE ACCESS PANEL. ONCE WE HAD OPEN COWLS AND GAINED ACCESS TO FAN AIR MODULATING VALVE; OUR FOCUS AND ATTN WAS DIRECTED TO PROPERLY SECURING THE VALVE IN OPEN POS FOR FLT PER THE MEL. ONCE I FELT SECURE THAT I AND MY PARTNER HAD PROPERLY SECURED THE VALVE IN THE OPEN POS; WE THEN SHIFTED OUR FOCUS AND ATTN ON PROPERLY LATCHING AND SECURING THE COWLS WHICH WE HAD OPEN TO GAIN ACCESS TO THE FAN AIR MODULATING VALVE. THE ACFT WAS RELEASED AND DEPARTED ZZZ TO ZZZ1 BTWN XC30 AND XD00. AT THE ENDING OF MY SHIFT; ABOUT XI55; MY PARTNER WAS FORTUNATE ENOUGH TO RECALL TO ME WE MAY HAVE INADVERTENTLY; AND BY NO DELIBERATE ACTION BY ME OR HIM; MISTAKENLY FORGOT TO REMOVE THE BYPASS PIN IN THE ISOLATION SHUTOFF VALVE FROM THE L ENG REVERSER SYS BEFORE WE DISPATCHED THE ACFT. I HAD COME TO THE HARSH REALIZATION I HAD INADVERTENTLY AND NOT DELIBERATELY DISPATCHED THE ACFT ILLEGALLY FOR FLT PER MEL. I IMMEDIATELY INFORMED MY SUPVR OF THE INFRACTION WHICH HAD OCCURRED WHEN I BECAME AWARE MYSELF. BY THIS TIME THE ACFT HAD ARRIVED AT ZZZ. WE THEN CHKED IN THE COMPUTER FOR ANY DISCREPANCIES RELATING TO THIS UNEVENTFUL SIT. WE WERE ABLE TO SEE THAT THE L THRUST REVERSER FAILED TO DEPLOY UPON LNDG AND THE ACCESS PANEL HAD BEEN DAMAGED ALONG WITH THE FACT THE BYPASS PIN WAS STILL INSTALLED IN ISOLATION SHUTOFF VALVE WITH THE STREAMER HANGING OUT. TAKE; FOR INSTANCE; I HAD NO CTL OVER LIGHTING CONDITIONS SURROUNDING THE ACFT; AND THAT IT WAS NIGHT WHEN THIS SIT OCCURRED NOR THE UNNEEDED PRESSURE AND STRESS MGMNT AND GND OPS; OH AND NOT TO FORGET THE PLT WHO TOO WAS ANXIOUS FOR A TIMELY DISPATCH. ANOTHER FACTOR WAS THE STREAMER ATTACHED TO THE BYPASS PIN IN THE VALVE WAS NOT VISIBLE FROM THE GND AT EYE LEVEL HT -- YOU NEEDED TO LOOK UP AT LEAST 13 FT TO SEE IT HANGING OUT THE ACCESS PANEL ON THE PYLON.,A B777-200 WAS DISPATCHED IN NON COMPLIANCE WITH THE L REVERSER LOCK PIN INSTALLED FOR MAINT AND NOT REMOVED.,
532131,ASRS Database Online custom search,turnover,200112,Operator: Air Carrier | Make/Model: B757-200,Component: Waste Water Disposal System | Problem: ,Function: Technician Technician | Human Factors: Communication Breakdown; Time Pressure ,,Contributing Factors: Logbook Entry; Human Factors; Aircraft; Company Policy; Environment - Non Weather Related | Primary Problem: Human Factors,MECH X AND MYSELF WERE ASSIGNED TO CLR 3 DISCREPANCIES ON ACFT XXX. IN THE PROCESS OF PLACARDING THE MID LAVATORY INOP DUE TO AN EXTERNAL LEAK; WE WERE PULLED OFF OF THE ACFT TO AVOID PAID LUNCHES. XA55 HRS; 2 OTHER MECHS WERE ASSIGNED TO FINISH THE JOB WITHOUT THE BENEFIT OF A WRITTEN OR VERBAL TURNOVER. WITH LESS THAN 5 MINS TO GET BACK TO THE BREAK-ROOM BEFORE THE PAID LUNCHES WOULD TAKE EFFECT; WE WERE RUSHED OFF THE JOB. SUBSEQUENTLY THE ACFT LEFT THE GATE WITHOUT A LAVATORY CLAMP INSTALLED ON THE SVC PORT OR AN INOP STICKER AT THE SVC PANEL. WHEN MECHS Y AND Z RETURNED FROM THE ACFT WE INQUIRED ABOUT THE MEL COMPLIANCE. THEY WERE UNAWARE THAT THE COMPLIANCE HAD NOT BEEN MET. AT THIS TIME WE ALL APCHED THE SUPVR ON DUTY AND REQUESTED THAT THE ACFT BE BROUGHT BACK TO THE GATE SO WE COULD COMPLY WITH THE MEL. SUPVR IGNORED THESE REQUESTS AND STATED THE PLANE WAS OFF THE GATE AND THAT HE WOULD PHONE THE DOWN-LINE STATION ZZZ1 TO FINISH THE COMPLIANCE.,A B757-200 WAS DISPATCHED IN NON COMPLIANCE WITH THE MID LAVATORY DEFERRED DUE TO EXTERNAL LEAKAGE. MEL SPECIAL PROCS WERE NOT ACCOMPLISHED.,
534338,ASRS Database Online custom search,turnover,200201,Operator: Air Carrier | Make/Model: MD-88,Component: Aircraft Auto Temperature System | Problem: ,Function: Technician  | Human Factors: Time Pressure; Troubleshooting ,,Contributing Factors: Logbook Entry; Chart Or Publication; Weather; Aircraft; Airspace Structure; Human Factors | Primary Problem: Human Factors,ACFT X ARRIVED APPROX XA00 JAN/SAT/02. MAINT WAS COMPLETE APPROX XD00 ON JAN/MON/02. MAINT WAS PERFORMED BY AT LEAST 12 TECHNICIANS WITH SEVERAL DISCREPANCIES FOUND IN THE 48 SECTION IN THE AIR CONDITIONING SYS. THERE WERE SEVERAL TIMES WHEN NO VERBAL TURNOVER WAS GIVEN AT THE ACFT BY THE TECHNICIANS WHO PERFORMED THE WORK DUE TO INCLEMENT WX. THE DUCT BURNOUT WAS STARTED BY SECOND SHIFT AND WAS NOT ABLE TO BE COMPLETED BY THEM DUE TO NO RUN-UP AREA BEING AVAILABLE SINCE DEICE OPS WERE IN EFFECT. I WAS ASSIGNED TO THE ACFT AT XA00 ON JAN/MON/02 TO COMPLETE JOB CARD DUCT BURNOUT. DURING MAINT; STRESS WAS HIGH FROM THE START DUE TO RAMP CONDITIONS. FROM PUSHOUT VIA JET TUG; WE STARTED SLIDING ON THE ICE. IN THE RUN-UP HOLE WE SLID DURING THE HIGH PWR ENG RUN PORTION OF THE DUCT BURNOUT. WE COMPLETED JOB CARD AND RETURNED TO THE GATE TO FINISH UP MAINT. I PERFORMED THE CLOSE-UP PORTION OF MAINT PER MAINT MANUAL 21-20-02-2. I DID LINE 43 AND REMOVED THE CAPS AND PLUGS FROM THE ANTICIPATOR AND THERMOSTAT. I READ 'REMOVE CAPS;' WHICH WAS ON LINE 44; BUT SKIPPED IT THINKING I HAD ALREADY PERFORMED THAT STEP AND WENT ON THE LINE 47. WHILE ACFT WAS IN FLT; THEY HAD A MECHANICAL PROB ALONG WITH AN ODOR IN THE CABIN. THEY DIVERTED TO ZZZ1 AND OXYGEN WAS DEPLOYED. THEY MADE AN EMER LNDG AND EVACED THE PAX ON THE RWY. THE ACFT WAS MAINT FERRIED TO ZZZ2; WHERE IT WAS DISCOVERED THAT I DID NOT REMOVE THE PLUGS FROM THE L AND R AUGMENTATION VALVE 'T' FITTINGS (LINE 44). I FEEL THAT IF A SPACE WERE IN BTWN LINES 43 AND 44 AND THESE 2 LINES REFED A FIGURE; I MIGHT NOT HAVE SKIPPED THAT LINE.,AN MD88 WAS DISPATCHED IN NON COMPLIANCE WITH AN ENG BLEED COMPONENT SENSE LINE CAPPED OFF CAUSING A SMOKE IN THE CABIN EMER AND DIVERSION.,
534904,ASRS Database Online custom search,turnover,200201,Operator: Air Carrier | Make/Model: A300,Component: APU | Problem: ,Function: Technician MAINT OPS | Human Factors: Time Pressure ,,Contributing Factors: Human Factors; Aircraft; Incorrect / Not Installed / Unavailable Part; Logbook Entry | Primary Problem: Human Factors,ACFT X'S APU WAS REPLACED ON LATE NIGHT SHIFT AND I TOOK A TURNOVER ON JAN/SUN/02. THE APU EXHAUST MUFFLER BELLOWS IS DETERIORATED. THE BELLOWS COUPLES THE APU EXHAUST TO THE EXHAUST DUCT. THE APU CHANGE WORK CARD WAS STOPPED AT THE STEP WHERE THE EXHAUST BELLOWS IS CONNECTED. THE REMAINING STEPS ARE OPEN INCLUDING THE FINAL INSPECTION RII. I WAS ADVISED BY MAINT OPS TO ENTER IN THE FMR THAT THE WORK CARD WASN'T COMPLETED. I DID WHAT HE REQUESTED. I DISCUSSED THIS WITH OVHL QUALITY ASSURANCE AND OVHL TECHNICIAN FOREMAN. THEY AGREE THIS WASN'T PROPER. BASICALLY; THE ACFT HAS A MAJOR COMPONENT REPLACED AND THE PAPERWORK WASN'T COMPLETED AND COULD BECOME A SAFETY HAZARD IF ANYONE TRIED TO START THE APU. THE MODIFICATION DISAGREED AND THE ACFT ROUTING WAS CHANGED AND STILL HAS NOT BEEN REPAIRED AND THE PAPERWORK IS STILL INCOMPLETE.,AN AIRBUS 300 TECHNICIAN RPTS REPLACING AN APU BUT NOT COMPLETING THE LAST 2 JOB CARD STEPS. MAINT CTLR DEFERRED THE APU INOP PER MEL.,
537866,ASRS Database Online custom search,shift_change,200202,Operator: Air Carrier | Make/Model: B757-200,Component:  | Problem: ,Function: Technician Technician | Human Factors: Communication Breakdown ,,Contributing Factors: Human Factors; Logbook Entry; Company Policy; Chart Or Publication; Aircraft | Primary Problem: Human Factors,DURING THE EVENING OF FEB/FRI/02; MYSELF AND 2 CO-WORKERS WERE DOING A SCHEDULED CHK ON A COMPANY B757. OTHER WORK FOR THIS ACFT INCLUDED A PRIORITY DISCREPANCY AND 2 INBOUND LOGBOOK WRITE-UPS. WHILE I WAS OUTSIDE ASSISTING IN THE WALKAROUND; PERSONNEL WERE REMOVING THE 700+ LBS WORTH OF FLY-AWAY KIT FROM THE AFT CARGO. DURING THE UPDATE AND SIGNOFF OF WORK PERFORMED IN THE LOGBOOK; A SHIFT CHANGE WAS OCCURRING AND A THIRD PARTY ON THE DAY SHIFT TOLD US A SIGNOFF OF A FLY-AWAY KIT IS MADE ONLY WHEN IT'S INSTALLED; NOT REMOVED. THIS MISCOM OF WHO IS RESPONSIBLE FOR SIGNING THIS WORK; OR WHETHER AN ENTRY SHOULD BE MADE IN THE LOGBOOK RESULTED IN THAT ACFT BEING GIVEN AN AIRWORTHINESS RELEASE LATER THAT MORNING WITH AN OPEN WRITE-UP. THAT ACFT LEFT ZZZ AND WAS LATER GNDED IN ZZZ1 BY THE FLC BECAUSE THE ACFT DIDN'T 'FLY RIGHT.' IT WAS NOSE HVY.,A B757-200 WAS DISPATCHED IN NON COMPLIANCE WITH INACCURATE WT AND BAL FIGURES RESULTING IN THE ACFT FLYING NOSE HVY.,
541287,ASRS Database Online custom search,turnover,200203,Operator: Air Carrier | Make/Model: B757-200,Component:  | Problem: ,Function: Lead Technician Inspector | Human Factors: Time Pressure; Troubleshooting ,,Contributing Factors: Logbook Entry; Aircraft; Human Factors | Primary Problem: Human Factors,DURING A REPAIR OF LIGHTNING DAMAGE ON ACFT; A STATIC PORT NEEDED TO BE REPLACED BECAUSE IT WAS SUSPECTED TO BE DAMAGED BY LIGHTNING. SUBSEQUENT INSPECTION SHOWED PORT TO BE OK AND WAS REINSTALLED. MEASURING OF INSTALLED PORT FAILED TO MEET REQUIREMENTS OF REPAIR PROC. AS LISTED IN MMOV 34-11-03 PAGE 404 ITEM D 8-11 AND SRM 51-10-03 ITEM 2 ITEMS I AND J; PORT REQUIRED TO BE SHAVED. WE CARRIED FORWARD ITEM REFING THE LISTED MMOV'S AND SRM'S TO BE SHAVED AND SMOOTHED ACCORDINGLY. WE REINSTALLED THE PLUGS IN THEIR ORIGINAL HOLES. THE CREW WHO HAD REMOVED THEM TAGGED THEM ACCORDINGLY; BUT THE TURNOVER AND PAPERWORK DID NOT REFLECT THAT THE ORIGINALS WERE REINSTALLED. THERE HAD BEEN A WRITE-UP ON SWAPPING THE PORTS BUT IT MIGHT NOT HAVE BEEN UPDATED. I WAS THE LEAD AND DID THE CARRY FORWARD PAPERWORK ONLY.,A B757-200 DURING A LIGHTNING STRIKE CHK WAS FOUND TO HAVE STATIC PORT DAMAGE AND THE PAPERWORK DID NOT REFLECT THE ORIGINAL STATIC PORTS WERE REWORKED AND REINSTALLED.,
542318,ASRS Database Online custom search,turnover,200203,Operator: Air Carrier | Make/Model: B737-300,Component: Pax Seat | Problem: Malfunctioning,Function: Technician; Maint Ctlr Technician | Human Factors: Time Pressure ,,Contributing Factors: Chart Or Publication; Human Factors; Incorrect / Not Installed / Unavailable Part; Aircraft; Logbook Entry | Primary Problem: Human Factors,MAINT WAS ALREADY IN WORK ON THIS AS TURNOVER OCCURRED IN MAINT CTL. CONTRACT MAINT CALLED AND WAS NOT HAVING ANY LUCK FIXING SEAT ROW 5XXX. SEAT LOOSE IN TRACK. I CHOSE TO USE MEL 25-6 FOR THE WHOLE SEAT ASSEMBLY. I LEARNED AFTER ACFT DEP THAT THIS WAS INCORRECT. THIS IS MY ERROR. I THEN MADE ARRANGEMENTS FOR SAN CONTRACT MAINT TO FIX AND CLR THE MEL.,A B737-300 WAS DISPATCHED IN NON COMPLIANCE WITH SEAT ASSEMBLY 5XXX LOOSE IN THE TRACKS AND DEFERRED IN CONFLICT WITH THE MEL.,
542813,ASRS Database Online custom search,shift_change,200203,Operator: Air Carrier | Make/Model: B757 Undifferentiated or Other Model,Component: Cowling | Problem: ,Function: Technician Technician | Human Factors: Troubleshooting ,,Contributing Factors: Aircraft; Weather; Manuals; Human Factors; Equipment / Tooling | Primary Problem: Human Factors,I ACCOMPLISHED A REPAIR OF THE SOUND DEADENING MATERIAL ON THE #2 ENG IN ACCORDANCE WITH SRM 54-00-01-2. WHEN I APPLIED THE PATCH MATERIAL; I APPLIED THE HEAT GUN IN ACCORDANCE WITH SRM DUE TO BELOW MINIMUM OUTSIDE AIR TEMP. THE PATCH HAD SET UP BUT WAS TACKY. I PROCEEDED TO ACCOMPLISH WORK ON OUR OTHER OVERNIGHT ACFT. I THEN RETURNED TO THE JOB AND THE PATCH WAS STILL TACKY TO TOUCH. I AGAIN APPLIED HEAT GUN WHICH DID NOT HELP PATCH GET ANY HARDER. BEFORE GOING TO OTHER ACFT/WORKLOAD; I WILL FILL OUT A WRITE-UP MADE BY TECHNICIAN FOR RECHK TO CHK REPAIR AT LEAST 1 HR BEFORE SHIFT CHANGE TO CHK IF PATCH HAS SET UP PROPERLY.,A B757-200 WAS DISPATCHED IN NON COMPLIANCE WITH AN INCOMPLETE REPAIR ACCOMPLISHED TO THE R ENG NOSE COWL.,
555347,ASRS Database Online custom search,turnover,200207,Operator: Air Carrier | Make/Model: Fokker 100,Component: Brake System | Problem: ,Function: Technician Technician | Human Factors: Time Pressure; Troubleshooting ,,Contributing Factors: Aircraft; Human Factors | Primary Problem: Human Factors,I WAS ASSIGNED THE JOB OF COMPLETING THE ADJUSTMENTS IF NEEDED ON THE R NORMAL BRAKE CTL VALVE OF ACFT X. I RECEIVED AN ORAL TURNOVER BRIEFING FROM MECH X THAT DID THE REPLACEMENT OF THE VALVE; AND WHAT HAD TO BE DONE TO COMPLETE THE TASK. HE TOLD US THAT THE SCATTER SHIELD WAS UNFASTENED AND MOVED AFT TO GAIN ACCESS TO THE VALVE. I CHKED AND INSPECTED THE STOPS ON THE VALVE AND THEN PROCEEDED TO THE COCKPIT WHERE I WORKED WITH ANOTHER MECH FOR SEVERAL HRS ADJUSTING THE BRAKE TENSION SPRING IN FRONT OF THE CAPT'S R RUDDER PEDAL. AFTER ALL THE ADJUSTMENTS WERE ACCOMPLISHED; WE CLOSED THE LNDG GEAR DOORS; REMOVED TEST EQUIP; AND WERE PUSHED OUT OF THE HANGAR. WE TAXIED THE ACFT AROUND TO OPERATIONALLY CHK THE BRAKES. THE ACFT BRAKES CHKED GOOD. THEN WE WERE INSTRUCTED TO TAXI THE ACFT TO THE GATE. WE WERE AT THE GATE WHEN THE ACFT LOGBOOK AND PAPERWORK WERE BROUGHT TO US; AND AT THAT TIME; I SIGNED OFF THE OPEN ITEMS. ON ITS FIRST FLT; THE ACFT CALLED WITH A PROB THAT THE LNDG GEAR WOULD NOT GO INTO THE WHEEL WELLS. THE ACFT WAS TAKEN OTS AND TAXIED TO THE HANGAR. UPON INSPECTION OF THE LNDG GEAR AND WHEEL WELLS; IT WAS NOTICED THAT THE SCATTER SHIELD WAS MISSING FROM THE R WHEEL WELL; AND AT THAT TIME I REALIZED THAT I DID NOT FASTEN THE SCATTER SHIELD IN PLACE BEFORE THE LNDG GEAR DOORS WERE CLOSED. I BELIEVE THE LOOSE SCATTER SHIELD MAY HAVE BEEN THE CAUSE OF THE PROB.,A FOKKER 100 WAS DISPATCHED IN NON COMPLIANCE WITH THE R MAIN GEAR WHEEL WELL SCATTER SHIELD NOT SECURED AFTER A BRAKE VALVE REPLACEMENT.,
556055,ASRS Database Online custom search,shift_change,200208,Operator: Air Carrier | Make/Model: B737-700,Component: FMS/FMC | Problem: ,Function: Lead Technician Technician | Human Factors: Time Pressure ,,Contributing Factors: Logbook Entry; Incorrect / Not Installed / Unavailable Part; Human Factors; Aircraft | Primary Problem: Human Factors,CTL DISPLAY UNIT WAS REMOVED FOR ANOTHER ACFT CLOSE TO SHIFT CHANGE. LOGBOOK ENTRY FOR REMOVAL OF CTL DISPLAY UNIT WAS NOT ENTERED. TEST LRU WAS INSTALLED FOR FUNCTIONAL CHK AND ACFT WAS DISPATCHED WITH TEST LRU. HOW THE PROB AROSE: NO SPARE PART. CONTRIBUTING FACTORS: SHORTAGE OF TIME AT SHIFT CHANGE. HOW IT WAS DISCOVERED: NO PROPER PAPERWORK FOUND.,A B737-700 WAS DISPATCHED IN NON COMPLIANCE WITH A CTL DISPLAY TEST UNIT INSTALLED; ORIGINAL UNIT ROBBED FOR ANOTHER ACFT. NO LOG WRITE-UP MADE FOR ROBBED PART.,
556650,ASRS Database Online custom search,"shift_change, turnover",200208,Operator: Air Carrier | Make/Model: B737-700,Component: Fuselage Skin | Problem: ,Function: Technician Lead Technician | Human Factors: Troubleshooting ,,Contributing Factors: Human Factors; Aircraft | Primary Problem: Human Factors,ACFT X WAS WORKED FOR ACARS MODIFICATION USING ACFT CHANGE ORDER PAPERWORK. IN THE PROCESS OF INSTALLING THE 2 ANTENNA DOUBLERS FOR THE ANTENNA I WAS WORKING THE RIVET GUN ON TOP OF THE ACFT FUSELAGE SKIN. A TECHNICIAN WAS INSIDE THE CABIN BUCKING THE RIVETS. THE RIVET BUCK TAILS WERE BUCKED TOO FLAT. THIS CAUSED THE ACFT SKIN TO COUPLE AND CREATE DAMAGE. AS THE INSTALLATION WAS COMPLETED ON MY SHIFT; THE SHIFT INSPECTOR CALLED THE WORK OK. AT ABOUT XA00 I INSTALLED THE COVER PLATES AND SEALED THE EDGES. AT SHIFT CHANGE TIME; THE OTHER TECHNICIAN MADE TURNOVER AND LEFT. I FINISHED SEAMS AND CLEAN-UP AND COMPLETED MECH PAPERWORK. NEXT SHIFT INSPECTION LOOKED AT DOUBLER INSTALLATION AND CALLED THE DOUBLERS NO GOOD. A SHEET METAL REPAIR WAS MADE; AND WAS CLASSED AS ACFT DAMAGE DUE TO DOUBLER INSTALLATION.,A B737-700 INCURRED UPPER FUSELAGE SKIN DAMAGE DUE TO IMPROPER RIVET INSTALLATION CAUSED BY LACK OF COM AND SKILL.,
558457,ASRS Database Online custom search,turnover,200208,Operator: Air Carrier | Make/Model: B737-300,Component: Altimeter | Problem: Improperly Operated; Malfunctioning,Function: Lead Technician Technician | Human Factors: Troubleshooting ,,Contributing Factors: Company Policy; Logbook Entry; Human Factors; Aircraft | Primary Problem: Human Factors,ORIGINAL DISCREPANCY WAS A STANDBY ATTITUDE INDICATOR INOP. MYSELF AND ANOTHER TECHNICIAN STARTED WORKING THE PROB AT THE START OF LATE NIGHT SHIFT. AFTERNOON SHIFT HAD WORKED THE PROB THE SHIFT BEFORE. THEY HAD REMOVED THE PHASE ADAPTER IN LOWER NOSE COMPARTMENT AND THE P2-1 PANEL IN THE COCKPIT TO FACILITATE TROUBLESHOOTING; ALL OF WHICH WAS PROPERLY DOCUMENTED IN THE TURNOVER RPT. WE REPAIRED THE PROB WITH THE STANDBY ATTITUDE INDICATOR. I REINSTALLED THE PHASE ADAPTER AND ANOTHER TECHNICIAN REPLACED THE P2-1 PANEL. I SIGNED OFF THE LOGBOOK AND TURNOVER RPT; THAT ALL ITEMS HAD BEEN C/W AND OPS CHKED. LATER THAT DAY; PLT WROTE UP 'STANDBY AIRSPD ALTIMETER APPEARS INOP.' CORRECTIVE ACTION WAS 'RECONNECTED LINES ON INDICATOR.' THE TECHNICIAN WHO REINSTALLED THE P2-1 PANEL SAID HE DID NOT SPECIFICALLY RECALL RECONNECTING THE PLT/STATIC LINES TO THE INDICATOR. THERE ARE MANY GAUGES ON THE P2-1 PANEL AND MAYBE IN A HURRY TO COMPLETE THE JOB HE MISSED THE HOSES. I DO NOT KNOW FOR SURE IF HE DID OR DIDN'T CONNECT THE HOSES; BUT IT APPEARS THAT WAY. SO I REALLY HAVE NO OTHER HUMAN PERFORMANCE CONSIDERATIONS TO ADD. I HAVE WORKED MANY YRS WITH THIS TECHNICIAN. HE IS ONE OF THE BEST TECHNICIANS I HAVE HAD THE CHANCE TO WORK WITH. I WOULD HAVE NO PROB SIGNING OFF ANY WORK ACCOMPLISHED BY HIM; NOW OR IN THE FUTURE.,B737-300 MECH DID NOT RECONNECT THE STATIC SYS TO THE STANDBY AIRSPD AND STANDBY ALTIMETER AFTER STANDBY ATTITUDE REPLACEMENT.,
559057,ASRS Database Online custom search,shift_change,200209,Operator: Air Carrier | Make/Model: Dash 8-100,Component: DC Battery | Problem: ,Function: Lead Technician Technician | Human Factors: Troubleshooting ,,Contributing Factors: Aircraft; Airspace Structure; Human Factors | Primary Problem: Human Factors,ON SEP/SAT/02; I WITNESSED ONE OF MY NEW HIRE MECHS INSTALLING A SET OF ACFT BATTERIES IMPROPERLY. INSTEAD OF USING .032 INCH SAFETY WIRE; THE MECH WAS USING COPPER BREAKAWAY WIRE TO SAFETY THE WING NUTS THAT SECURED THE BATTERIES TO THE BATTERY TRAY. WHILE INSTRUCTING HER THAT WE ONLY USE THE COPPER WIRE ON THE CONNECTORS; SHE INFORMED ME THAT SHE HAD USED THE COPPER WIRE IN THE SAME MANNER THE WK BEFORE ON A DIFFERENT ACFT. AT THAT TIME I INFORMED MY IMMEDIATE SUPVR WHO; IN TURN; CONTACTED OUR MAINT CTL TO TRACK DOWN THAT ACFT IN QUESTION TO HAVE IT INSPECTED. SINCE IT WAS OUR SHIFT CHANGE; HE SAID THAT HE WOULD FOLLOW IT THROUGH AND LET ME KNOW WHAT HAPPENED IN THE MORNING. UPON ARR TO WORK SUNDAY MORNING SEP/SUN/02; THE SUPVR INFORMED ME THAT THE COPPER SAFETY WIRE WAS IN FACT INSTALLED BUT NOW CORRECTED; AND THAT THE AUX BATTERY CONNECTOR NEEDED TO BE RESECURED WITH COPPER SAFETY WIRE.,A DEHAVILLAND DASH 8-100 WAS DISPATCHED IN NON COMPLIANCE WITH THE MAIN SHIP'S BATTERY AND AUX BATTERY TRAY HOLD DOWN WING NUTS BEING INCORRECTLY SAFETIED.,
560123,ASRS Database Online custom search,turnover,200209,Operator: Air Carrier | Make/Model: B767-200,Component: Fuselage Attachment | Problem: ,Function: Technician Technician | Human Factors: Time Pressure; Troubleshooting ,,Contributing Factors: Human Factors; Logbook Entry; Aircraft; Chart Or Publication; Company Policy; Equipment / Tooling | Primary Problem: Human Factors,DURING THE REPAIR OF MAIN LNDG GEAR SUPPORT BEAM FITTING; BOREING FIXTURE WAS INSTALLED; INDICATED; SECURED IN POS; AND INITIAL CUT IN BORE WAS MADE. ALL STEPS WERE DOCUMENTED AND SIGNED FOR. THE BOREING MOTOR FAILED AT END OF CUT; ALSO END OF SHIFT. SMALL TOOL REPAIR WAS SUMMONED AND JOB WAS TURNED OVER TO NEXT SHIFT. NEXT DAY WE RETURNED TO WORK AND BORE APPEARED TO BE AS WE HAD LEFT IT; ONLY A COUPLE OF SIZES LARGER; AND NO DOCUMENTATION. WE PROCEEDED ENLARGING THE BORE TO MAX DIAMETER TO REMOVE CORROSION AND SPOT-FACED THE FORWARD AND AFT FACES; WHICH WERE EXCESSIVELY OUT OF SQUARE. WE COMPLETED SPOT-FACING; DOCUMENTED BORE AND SPOT-FACE WORK PER SVC INSTRUCTION. WE SUBSEQUENTLY LEARNED THE BOREING FIXTURE HAD BEEN REMOVED AND NOT PROPERLY REINSTALLED DURING THE REPAIR OF THE AIR MOTOR. FURTHER CONVERSATION REVEALED THAT THE INITIAL CUT AFTER REMOUNTING FIXTURE WAS ECCENTRIC AND DID NOT CLEAN UP BORE WITH .036 LARGER DIAMETER. THIS CONFIRMED SUSPICION THAT BORE WAS MISALIGNED AND THEREFORE NOT REPAIRED PER SVC INSTRUCTION AS WE HAD SIGNED FOR 2 DAYS EARLIER. I AM CONVINCED THAT THE HOLE IS MISALIGNED; BUT I AM HAVING TROUBLE CONVINCING MGMNT SINCE THE SUPPORT LINK AND ATTACHING PARTS ASSEMBLED OK. I ALSO MADE VERBAL TURNOVER TO NEXT SHIFT CREW CHIEF AND REQUESTED HE INSURE HIS PEOPLE DOCUMENT WHAT WORK THEY DID.,A B767-200 R MAIN LNDG GEAR SUPPORT BEAM FITTING WAS IMPROPERLY REPAIRED DUE TO TOOLING ERROR. ACFT WAS RELEASED FOR SVC IN NON COMPLIANCE.,
560168,ASRS Database Online custom search,shift_change,200209,Operator: Air Carrier | Make/Model: B737-500,Component: FCU (Flight Control Unit) | Problem: ,Function: Technician Lead Technician | Human Factors: Time Pressure; Troubleshooting ,,Contributing Factors: Aircraft; Airspace Structure; Logbook Entry; Incorrect / Not Installed / Unavailable Part; Human Factors; Company Policy; Chart Or Publication | Primary Problem: Human Factors,ACFT X HAD AN INOP #1 NAV CTL PANEL. DUTY CTR SENT ME TO ROB ACFT Y FOR #1 NAV CTL PANEL. HAVING JUST RECENTLY REOPENED A STOCK OF ROBBED PARTS TAGS; I STOPPED BY THE OFFICE; GRABBED ONE AND PROCEEDED TO COMPLETE ALL THE PAPERWORK TO COMPLETE THE JOB; EXCEPT A SERVICEABLE PARTS TAG. I FOUND OUT LATER AT SHIFT CHANGE; ONE IS REQUIRED. SEP/WED/02; I GOT TO WORK; CALLED DUTY CTR TO VERIFY THE NEED OF A SERVICEABLE TAG. FIRST CTLR SAID; 'NO;' WE DO IT ALL THE TIME. I CHKED WITH THE LEAD CTLR NEXT. HE SAID 'YES.' I INFORMED HIM OF THE MISTAKE. HE REFERRED ME TO QC SUPVR; WHO REFERRED ME TO A RECEIVING INSPECTOR. I EXPLAINED THE SIT AGAIN AND ASKED HIM TO PRINT A TAG SO I COULD TELECOM THE REMOVABLE INSTALLATION INFO FOR THE UNIT AND HE INSISTED WE JUST MAKE IT SERVICEABLE IN THE COMPUTER. AT THIS POINT I THOUGHT THAT A SERVICEABLE TAG SHOULD BE PRINTED AND FILLED OUT; NOT JUST A TAG NUMBER ISSUED IN THE COMPUTER. I CAN ONLY ATTRIBUTE THIS MISTAKE TO MY ACTIONS BECAUSE ULTIMATELY; I AM RESPONSIBLE. I SIMPLY HAD THE ROB PARTS TAG IN MIND AND NEGLECTED TO REMEMBER THE SERVICEABLE TAG. FUTURE INCIDENCES COULD BE AVOIDED BY DUTY CTR IF THEY HAD A QUICK REF GUIDE FOR PAPERWORK; THAT HAD A TABLE FOR ALL REQUIRED AND ASSOCIATED PAPERWORK FOR THIS AND OTHER KINDS OF MAINT ACTION. APPROPRIATE MAINT MANUAL PROCS WERE FOLLOWED IN INSTALLATION AND FOR HEADS UP DISPLAY UPGRADE.,A B737-500 WAS DISPATCHED IN NON COMPLIANCE WITH REMOVED NAV CTL PANEL PARTS TAG NOT COMPLETED AND PART NOT TAGGED.,
562636,ASRS Database Online custom search,turnover,200210,Operator: Air Carrier | Make/Model: B757 Undifferentiated or Other Model,Component: Engine Pressure Ratio Indicat | Problem: Malfunctioning,Function: Lead Technician Technician | Human Factors: Troubleshooting; Communication Breakdown ,,Contributing Factors: Aircraft; Human Factors; Logbook Entry | Primary Problem: Human Factors,CREW RPTED; ON CLBOUT; R ENG OVERHEAT EICAS AND WARNING CAME ON. R BLEED SWITCHED OFF; PWR REDUCED LIGHT WENT OUT. CONTINUED WITH BLEED OFF. I PERFORMED R ENG HIGH PWR RUN FOR APPROX 5 MINS AT TKOF PWR. NO DISCREPANCIES NOTED WITH OR WITHOUT ENG BLEEDS. OK FOR CONTINUED SVC. AFTER SIGNING THE LOGBOOK; MAINT CTL REQUESTED THE FOLLOWING ACTION: CONTINUE T/S OF THIS WRITE-UP BY A LEAK CHK OF THE PNEUMATIC DUCTING; CTL AIR TUBING IN THE NACELLE AREA OF THE R ENG. THE TECHNICIAN THAT RECEIVED THE TURNOVER FROM ME FOUND A LEAK ON HIGH PWR 6 DUCT BTWN HPSOV AND TOP OF ENG. IT WAS IN MY JUDGEMENT THAT THE ACFT DID NOT HAVE A LEAK IN THE HIGH PWR DUCTING BECAUSE I WOULD HAVE BEEN ABLE TO DUPLICATE THE FAULT AT THE HIGH PWR ENG RUN. I MADE THE MISTAKE OF SIGNING THE LOGBOOK WITHOUT PERFORMING A ROUTINE GENERAL VISUAL INSPECTION OR PERFORMING AN IDLE LEAK CHK ON THE HIGH PWR DUCTING.,A B757-200 WITH A RPT OF AN ENG OVERHEAT WARNING; WAS IMPROPERLY SIGNED OFF WITH A HIGH PWR RUN BUT WITHOUT A PNEUMATIC DUCT LEAK CHK.,
567564,ASRS Database Online custom search,turnover,200211,Operator: Air Carrier | Make/Model: MD-80 Series (DC-9-80) Undifferentiated or Other Model,Component: Other Documentation | Problem: ,Function: Technician Lead Technician | Human Factors:  ,,Contributing Factors: Logbook Entry; Chart Or Publication; Aircraft; Airspace Structure; Human Factors | Primary Problem: Human Factors,CEILING PANELS IN FORWARD CARGO ACFT X SIGNED OFF AS INSTALLED ON PATTERN CARD X NOV/MON/02. MORNING OF NOV/WED/02 COMING INTO SHIFT IN THE MORNING; CEILING PANELS 5160C AND 5161C; 5162C WERE OPENED. NO LOG ENTRY OR NOTES ON TURNOVER.,AN MD80 TECHNICIAN RPTS TECHNICIANS OPENING PANELS ON COMPLETED AND INSPECTED JOBS WITH NO WRITE-UPS MADE FOR CLOSE UP OR INSPECTION.,
570723,ASRS Database Online custom search,turnover,200212,Operator: Air Carrier | Make/Model: B727-200,Component: Main Gear Door | Problem: Failed,Function: Technician Technician | Human Factors: Troubleshooting ,,Contributing Factors: Aircraft; Human Factors | Primary Problem: Human Factors,I RECEIVED TURNOVER FROM PREVIOUS SHIFT. THE FLAP TRACK INSPECTION WAS COMPLETE AND WE NEEDED TO REINSTALL THE FLYING DOOR AND FINISH INSTALLING THE FLAP TRACK FAIRING. WHILE INSTALLING THE FLYING DOOR WE HAD DIFFICULTY POSITIONING THE LINKAGE ON THE DOOR ATTACH POINT WITH LINKAGE OVER THE DRAG BRACE. SEVERAL TIMES WE HAD REPOSITIONED THE DOOR FOR BETTER ACCESS TO INSTALL FAIRING HARDWARE. WE HAD FINISHED THE TASK AND RETURNED THE ACFT TO SVC. I WAS TOLD THAT SOMETIME AFTER TKOF THE FLYING DOOR DEPARTED THE ACFT; UNKNOWN TO THE CREW; AND THEY CONTINUED TO THEIR DEST. UPON ARR IT WAS DISCOVERED MISSING. AFTER REVIEWING THE JOB WE FIRST QUESTIONED THE FORWARD ATTACH FITTING AS BEING AT FAULT. WE ALSO FEEL THERE IS A SLIGHT POSSIBILITY; DURING THE REPOSITIONING OF THE ATTACH LINKAGE IT COULD HAVE BEEN INSTALLED BELOW THE DRAG BRACE. PREVENTION: CONTINUED INSPECTIONS OF FORWARD ATTACH FITTINGS. I BELIEVE WE CAN HAVE BETTER ACCOUNTABILITY FOR THE FLYING DOOR IF THERE WAS A SEPARATE SIGN OFF DETAILING IT. NOTE: THERE IS NO DOOR INDICATION SWITCH FOR THE FLYING DOOR.,A B727-200 WAS DISPATCHED IN NON COMPLIANCE WITH THE R MAIN GEAR FLYING DOOR INSTALLED INCORRECTLY. DOOR DEPARTED ACFT AFTER TKOF.,
574343,ASRS Database Online custom search,"shift_change, turnover",200301,Operator: Air Carrier | Make/Model: B737-400,Component: Stabilizer Fairing | Problem: Failed,Function: Technician Technician | Human Factors: Troubleshooting ,,Contributing Factors: Human Factors; Airspace Structure; Chart Or Publication; Aircraft; Environment - Non Weather Related | Primary Problem: Human Factors,RAGS WERE FOUND IN JACKSCREW NOT REMOVED BY MECHANIC; PLT RPT; UNABLE TO TRIM TO ZERO DEGS. MY SHIFT ON THE DATE OF 1/THU/03 BEGAN WITH A TREMENDOUS WORKLOAD TO ACCOMPLISH IN A SHORT AMOUNT OF TIME; INCLUDING TWO SLIDING SEALS ON TWO DIFFERENT ACFT; BOTH WITH LATE ARRIVALS. THE 1ST ACFT ARRIVED AT APPROX XA:00 PM AT GATE. MECH #2 AND MYSELF STARTED WORKING ON ACFT #1 FIRST. WE WORKED AS PER OUR NORMAL ROUTINE WITH HIM BEING ON THE OUTSIDE PREPPING (REMOVAL OF ACCESS PANELS; ETC); WHILE I PULLED AND TAGGED CIRCUIT BREAKERS AND OPENED THE TAIL CONE DOOR. I TEMPORARILY PUT RAGS ON JACKSCREW TO PROTECT MYSELF AND AVOID POSSIBLE DAMAGE TO JACK SCREW. AT THIS TIME WE FOUND DAMAGE TO THE SPAR AND SHEETMETAL WAS CALLED TO EVALUATE IT. SHEETMETAL REQUIRED ENGINEERING ASSISTANCE. AT THIS TIME WE INSTALLED THE SLIDING SEAL TEMPORARILY AND BACK DRILLED SEAL PER MM 53-31-31. MECH #2 REMOVED THE PINS FROM LINKS AND WE WENT TO THE HANGAR TO RIVET THE ASSEMBLY TOGETHER. WHILE WAITING ON ENGINEERING EVALUATION WE WERE UNABLE TO INSTALL THE SEAL ASSEMBLY. AT THIS POINT WE LEFT THIS ACFT AND COMPLETED A SLIDING SEAL ASSEMBLY ON ANOTHER ACFT AT A DIFFERENT GATE. WE WENT BACK TO ACFT #1 AND MET SHEETMETAL AND ENGINEERING. IT WAS DECIDED TO TAKE THE ACFT TO THE HANGAR. AT THIS TIME WE WERE ASSIGNED A LAV WATER FAUCET PROB ON ACFT #1. WE DOCUMENTED WORK COMPLETED ON THE SEAL ASSEMBLY ON MIG-100 AND MIG-2A; AND MIG-2C CORRECTED THE LAV WATER FAUCET PROBLEM AND REMAINED BY ACFT #1. NEXT SHIFT NEVER SHOWED UP FOR A TURNOVER. WE DID NOT DOCUMENT USE OF RAGS ON THE JACKSCREW BECAUSE THE RAGS COULD BE SEEN EASILY WHEN ENTERING TAIL COMPARTMENT TO FINISH THE JOB. WE HAVE ALWAYS ENTERED THE TAIL COMPARTMENT TO COMPLETE THE INSTALLATION OF ATTACHING HARDWARE. WE DID NOT KNOW IT WAS POSSIBLE TO COMPLETE THE INSTALLATION OF THE SLIDING SEAL FROM OUTSIDE THE ACFT. ALL OF THE 80-100 SLIDING SEAL ASSEMBLIES THAT I HAVE HELPED REPLACE IN THE LAST 3 YRS ARE POSSIBLY BECAUSE OF MANUFACTURING/ENGINEERING DEFECT FROM BOEING. WE HAVE REPLACED A SLIDING SEAL ASSEMBLY ON AN ACFT 6 MONTHS OUT OF MANUFACTURING. THESE SEALS HAVE A VERY HIGH FAILURE RATE. I CANNOT EXPLAIN THIS; BUT DURING THE PAST 3 YRS ONLY ONE B737-200 REQUIRED LOWER SEAL REPLACEMENT. ALSO; DURING THE LAST 3 YRS I (WE) HAVE ONLY DONE TWO TURNOVERS FOR SEAL REPLACEMENT. CALLBACK CONVERSATION WITH RPTR REVEALED THE FOLLOWING INFO: THE RPTR STATED THE SLIDING SEAL ASSEMBLY WAS FABRICATED AND READY FOR INSTALLATION; BUT NO NEXT SHIFT RELIEF SHOWED UP. THE RPTR SAID THE SHEET METAL SYSTEMS ENGINEER ADVISED TO TAKE THE AIRPLANE OUT OF SVC TO REPAIR THE SHEET METAL GOUGE. THE RPTR STATED ALL DOORS AND COMPARTMENTS WERE THEN CLOSED TO ALLOW THE AIRPLANE TO BE TAXIED TO THE HANGAR. THE RPTR SAID THERE WAS NO VERBAL TURNOVER AT SHIFT CHANGE AND THE SLIDING SEAL JOB CARD WAS COMPLETE TO THE STEPS FOR INSTALLATION. THE RPTR STATED NO CARD WAS INITIATED TO REMOVE THE RAGS AND CLEANUP THE COMPARTMENT. THE RPTR SAID THE JOB CARD FOR INSTALLATION OF THE SLIDING SEAL INDICATED CLEARLY THAT ENTRY INTO THE JACKSCREW COMPARTMENT WAS NECESSARY. THE RPTR STATED THE NEXT SHIFT TECHNICIAN DID NOT ENTER THE COMPARTMENT; BUT REPLACED THE SEAL FROM THE EXTERIOR OF THE ACFT. THE RPTR SAID A STATEMENT AT THE END OF THE JOB CARD READS; 'RESTORE THE AIRPLANE TO NORMAL.' THE RPTR STATED THE SLIDING SEAL IS NOT A REQUIRED INSPECTION ITEM. CALLBACK FROM ACN 574342: THE RPTR STATED THE RAGS WERE PLACED ON THE JACKSCREW TO PREVENT DRILL SHAVINGS AND DIRT FROM STICKING TO THE GREASED JACKSCREW. THE RPTR SAID NO CARD WAS WRITTEN UP TO REMOVE THE RAGS AND CLEAN THE COMPARTMENT AFTER THE SLIDING SEAL REPLACEMENT. THE RPTR STATED IT WAS BELIEVED THE NEXT SHIFT TECHNICIAN WOULD REPLACE THE SEAL FROM THE INTERIOR OF THE JACKSCREW COMPARTMENT AND CLEAN THE AREA AFTER THE JOB WAS COMPLETED. THE RPTR SAID NO VERBAL TURNOVER WAS GIVEN AS THE NEXT SHIFT TECHNICIAN WAS NOT AVAILABLE; BUT THE JOB CARD WAS COMPLETE UP TO THE INSTALLATION WORK.,A B737-400 PLT RPTS UNABLE TO TRIM HORIZONTAL STABILIZER TO 0 DEGS. MAINT DISCOVERED CLEANING RAGS INTERFERING WITH JACKSCREW.,
574833,ASRS Database Online custom search,turnover,200302,Operator: Air Carrier | Make/Model: MD-80 Series (DC-9-80) Undifferentiated or Other Model,Component: Oxygen System/Pax | Problem: Improperly Operated,Function: Technician Technician | Human Factors: Time Pressure; Troubleshooting ,,Contributing Factors: Human Factors; Company Policy; Environment - Non Weather Related; Logbook Entry; Chart Or Publication; Aircraft | Primary Problem: Human Factors,I WAS ASSIGNED TO WORK AN OVERNIGHT SVC CHK. THE ACFT HAD A LOGBOOK WRITE-UP; PAX INTERCOM SYS POPPING CIRCUIT BREAKER. SWING SHIFT AVIONICS WAS ALREADY TROUBLE-SHOOTING THE PROB. TURNOVER TO GRAVE SHIFT WAS TO REMOVE AND REPLACE 3 PAX SVC UNITS. AT ABOUT XA30; AVIONICS ARRIVED WITH THE 3 NEW PAX SVC UNITS. I WAS ASKED TO XFER OXYGEN GENERATORS. WHEN MY WORK WAS ACCOMPLISHED; AVIONICS FINISHED INSTALLING THE NEW PAX SVC UNITS. I DID NOT THINK OF CALLING FOR INSPECTION. AVIONICS SIGNED THE LOGBOOK WRITE-UP. IT WAS AFTER XC00; AND THE ACFT WAS SCHEDULED FOR A FLT. I SIGNED THE SVC CHK IN THE LOGBOOK. AFTER ACFT MADE 3 TRIPS AND STOPPED AT ZZZ1 FOR A HVY MAINT CHK. THE INSPECTION DEPT AT ZZZ1 WAS NOTIFIED TO CHK THE MAINT IN QUESTION AND GENERATE A LINE NON-ROUTINE WORK CARD.,AN MD80 WAS DISPATCHED IN NON COMPLIANCE WITH 3 PAX SVC UNITS REPLACED INCLUDING OXYGEN CANISTERS WITHOUT THE REQUIRED INSPECTION.,
574969,ASRS Database Online custom search,turnover,200302,Operator: Air Carrier | Make/Model: B737 Undifferentiated or Other Model,Component: Indicating and Warning - Fuel System | Problem: ,Function: Technician Lead Technician | Human Factors: Time Pressure ,,Contributing Factors: Company Policy; Airspace Structure; Aircraft; Environment - Non Weather Related; Manuals; Human Factors | Primary Problem: Human Factors,ON FEB/TUE/03; I WAS ASSIGNED TO WORK ON AN ACR X B737. THE FIRST TIME I WENT TO THE ACFT; AROUND XA30 THAT NIGHT WITH MY LEAD MR X AND THE FOREMAN MR Y; THE FUEL HAD BEEN RUNNING OUT OF THE DRIP STICK ABOUT MID WING ON THE L SIDE. AFTER TRYING FOR A FEW MINS TO RESET THE FUEL STICK; THE DECISION WAS MADE TO DEFUEL THE WING PAST THE PANEL TO STOP THE FUEL LEAK. THE FUELERS ARRIVED AND ACCOMPLISHED THE DEFUELING OP WHICH STOPPED THE FUEL FROM LEAKING. WE TRIED REMOVING THE DRIP STICK OUT OF THE RETAINER AS THE MAINT MANUAL DESCRIBED WE SHOULD BE ABLE TO DO; AND IN THE PROCESS FOUND ONE OF THE RETAINER SCREWS DAMAGED. WE WERE ABLE TO REMOVE THE SCREW BUT THERE WAS TOO MUCH RESISTANCE WHEN WE TRIED TO REMOVE THE DRIP STICK SO INSTEAD OF FORCING THE STICK OUT; THE DECISION WAS MADE TO REMOVE THE PANEL TO GAIN ACCESS TO THE BACK OF THE STICK. AT ABOUT THE SAME TIME OUR WORKLOAD INCREASED AND WE WERE PULLED FROM THE JOB. BEFORE I LEFT THE AREA; THE FLT CREW WAS INFORMED OF THE SIT. LATER ON THAT NIGHT; APPROX XD00; I WAS AGAIN SENT UP TO THE ACFT TO REPAIR THE LEAK. SINCE MY LEAD MR X WAS NOT ABLE TO GO WITH ME AND SINCE I WAS NOT QUALIFIED BY ACR X TO SIGN THEIR LOGBOOK; MR Z (ANOTHER LEAD MECH WHO IS QUALIFIED) WAS TASKED TO WORK WITH ME. I TRANSFERRED AS MUCH FUEL AS I COULD TO THE R WING WHICH WOULD ENSURE THAT THE FUEL LOAD WOULD BE BELOW THE ACCESS PANEL. AT THE START OF THE PANEL REMOVAL; I INFORMED THE LEAD AND THE FOREMAN THAT ONE OF THE PANEL RETAINING SCREWS WAS DAMAGED AND THAT I DIDN'T KNOW IF WE WERE GOING TO BE ABLE TO REMOVE IT. AFTER SEVERAL ATTEMPTS; WE WERE SUCCESSFUL AND WE REMOVED THE PANEL. AT THIS POINT BECAUSE OF THE WX; MR Z AND I TOOK THE PANEL OVER TO THE WORK AREA AND I REPLACED 2 OF THE O-RINGS. THE FLT CREW WAS INFORMED THAT THE ACFT HAD TO BE PWRED DOWN AND AT THAT TIME THE ACFT PWR WAS TURNED OFF AND THE EXTERNAL PWR ON THE JETWAY TURNED OFF AS WELL. BY NOW THE SHIFT WAS COMING TO A CLOSE AND A TURNOVER WAS GIVEN TO MR Y; MR Z; AND THE NEXT SHIFT LEAD MECH (MR A). ALL OF THE HARDWARE WAS GATHERED AND PUT WITH THE PANEL. AT THIS POINT WE WERE STILL MISSING THE 2 SCREWS THAT WERE FOUND DAMAGED ON REMOVAL OF THE DIPSTICK AND PANEL. THE JOB WAS NOW GIVEN TO THE NEXT SHIFT LEAD AND I LEFT THE AREA. EVIDENTLY THE JOB WAS NEVER FINISHED AND BY MORNING THE FUEL PANEL HAD NOT BEEN REINSTALLED. THIS LEFT AN OPEN FUEL TANK EXPOSED TO THE WX AS WELL AS FUEL VAPORS BEING ALLOWED TO ESCAPE THE TANK.,A TECHNICIAN RPTS A B737 FUEL TANK PANEL WAS REMOVED TO REPAIR A LEAKING DRIP STICK. SAFETY CONDITIONS IGNORED WITH OPEN PARTIALLY FILLED TANK AND NO WARNINGS POSTED.,
575418,ASRS Database Online custom search,turnover,200303,Operator: Air Carrier | Make/Model: B737-500,Component:  | Problem: ,Function: Lead Technician Technician | Human Factors: Troubleshooting ,,Contributing Factors: Aircraft; Manuals; Human Factors; Environment - Non Weather Related; Company Policy; Chart Or Publication | Primary Problem: Human Factors,I WAS TOLD BY MY SUPVR AT XA39 TO ASSIST A FELLOW MECH REMOVE A FUEL PANEL CONTAINING A DRIP STICK ON THE L WING. THE PANEL WAS REMOVED; AND STICK REPACKED. AT THE END OF THE STICK REPACK; IT WAS APCHING MY QUITTING TIME; SO WE CALLED THE SUPVR. THE SUPVR TOLD US TO GIVE THE 'TURNOVER' TO THE INCOMING LEAD MECH; WHO WAS STANDING BY ME. THE 'TURNOVER' WAS GIVEN TO HIM BY US; AND THE SUPVR. THE NEXT DAY; THE PANEL WAS STILL NOT INSTALLED. THIS PROB COULD HAVE BEEN AVERTED IF THE PANEL HAD BEEN REINSTALLED AS DIRECTED BY THE SUPVR TO THE INCOMING MECH.,A B737-500 UNDERWING FUEL TANK ACCESS PANEL WITH DIPSTICK FITTINGS WAS NOT REINSTALLED IMMEDIATELY AFTER PARTS WERE RECEIVED. TANK REMAINED OPEN FOR 2 SHIFTS.,
576333,ASRS Database Online custom search,turnover,200303,Operator: Air Carrier | Make/Model: B767-300 and 300 ER,Component: Generator Drive | Problem: ,Function: Lead Technician Technician | Human Factors: Troubleshooting ,,Contributing Factors: Human Factors; Aircraft; Manuals | Primary Problem: Human Factors,THE B767 ACFT CAME INTO THE MAINT STA WITH THE R ENG IDG INOP. THE IDG (INTEGRATED DRIVE GENERATOR) REPLACEMENT PART WAS NOT AVAILABLE BY THE END OF MY SHIFT. SUBSEQUENTLY; THE IDG WAS INSTALLED THE NEXT DAY PRIOR TO MY SHIFT. MY TURNOVER TO ME AND THE ONCOMING CREW WAS THAT THE IDG NEEDS CHKOUT DURING AN ENG RUN. THE IDG WAS LEAK CHKED AND OPERATIONALLY CHKED WITH NO TROUBLE FOUND. THE REPLACEMENT IDG ITEM WAS SIGNED OFF IN THE ACFT LOGBOOK. ALL INDICATIONS WERE NORMAL DURING THE MAINT RUN. WHILE CHKING THE COMPUTER TO SEE IF THE IDG REPLACEMENT WAS A 'GOOD FIX;' I SAW A LOGBOOK ENTRY THAT THE IDG WAS FOUND INOP AGAIN 2 DAYS LATER. THE CORRECTIVE ACTION WAS TO PROPERLY CONFIGURE THE IDG SHAFT FOR A PRATT AND WHITNEY ENG. BEFORE THE IDG REPLACEMENT WAS ORIGINALLY SIGNED OFF; THERE WAS NO INDICATION THAT ANYTHING WAS IMPROPERLY INSTALLED ON THE IDG. THE ENG WAS RUN FOR 45 MINS.,A B767-300 WAS DISPATCHED IN NON COMPLIANCE WITH #2 ENG INTEGRATED DRIVE GENERATOR REPLACED; BUT NOT CONFIGURED; FOR A PRATT AND WHITNEY ENG.,
576749,ASRS Database Online custom search,turnover,200303,Operator: Air Carrier | Make/Model: B757-200,Component: Throttle/Power Lever | Problem: ,Function: Technician  | Human Factors: Troubleshooting ,,Contributing Factors: Weather; Aircraft; Human Factors | Primary Problem: Human Factors,L ENG ACFT X DISCREPANCY TEXT; L AND R THRUST LEVERS STIFF AND DIFFICULT TO MOVE FORWARD THRUST. PER REQUEST OF MY SUPVR; I REMOVED THE LOWER TORQUE BOX PER MAINT MANUAL 76-11-10-004-001 PARAGRAPH E IN ORDER TO DETERMINE THE CONDITION OF THE THROTTLE CABLE LINKAGE AND FFG (FUEL FLOW GOVERNOR) LEVER ASSEMBLY. REINSTALLED TORQUE BOX PER MAINT MANUAL 76-11-10-404-015. FOUND ROTARY LEVER WITHIN LIMITS PER AMM 73-21-01. AT THAT POINT; NOTED THROTTLE LEVER TRAVEL FELT STIFF EVEN WHEN DISCONNECTED. UPDATED TEXT; PROVIDED TURNOVER TO MY SUPVR AND AN ASSIGNED MECH; STATING THE LEVERS FELT STIFF EVEN WHEN DISCONNECTED. THE MECH ASKED DID I RECONNECT THE BOX. I SAID 'YES; BUT THE LEVERS STILL BIND WHEN PUSHED AT THE SAME TIME.' LATER THAT EVENING WHILE DRIVING HOME; I CALLED SUPVR XD20 AM; AND ASKED IF THEY HAD ORDERED A CABLE; AND A TELEFLEX ASSEMBLY. HE SAID; 'DON'T WORRY ABOUT IT BECAUSE WHATEVER YOU DID FIXED IT.' I SAID; 'WHAT?' I SAID 'ALL I DID WAS TAKE THE BOX OFF AND PUT IT BACK ON.' SUPVR SAID; 'WELL THEY'RE GOOD WITH IT; (TECHNICIANS) AND THEY ARE GOING TO SIGN IT OFF.' I SAID 'PER WHAT? ME TAKING IT OFF AND PUTTING IT BACK ON.' SUPVR SAID 'TECHNICIANS ARE GOING TO CLEAN SOME STUFF UP AND I TOLD THEM TO CHK EVERYTHING OUT.' IT WAS LATER DISCOVERED; UPON ENG START UP (AT THE HANGAR); AN UNCOMMANDED RAPID ACCELERATION OCCURRED. SUBSEQUENT TROUBLESHOOTING REVEALED THAT THE LOWER CTL BOX WAS MISALIGNED AND IMPROPERLY INSTALLED ON THE L ENG.,DURING A L ENG TEST RUN ON A B757-200 TECHNICIANS EXPERIENCED RAPID UNCOMMANDED ACCELERATION. FOUND LOWER CTL BOX IMPROPERLY INSTALLED AND MISALIGNED.,
577901,ASRS Database Online custom search,turnover,200303,Operator: Air Carrier | Make/Model: B737-200,Component: Longeron/Stringer | Problem: ,Function: Technician Technician | Human Factors: Communication Breakdown; Time Pressure ,,Contributing Factors: Company Policy; Aircraft; Airspace Structure; Chart Or Publication; Human Factors; Logbook Entry | Primary Problem: Human Factors,RECEIVED A TURNOVER FROM A MECH ON SECOND SHIFT FOR REPAIR IN THE FORWARD CARGO BAY. 2 SHIFTS HAD WORKED THE REPAIR. THE TURNOVER WAS PREDRILLED PARTS THAT NEEDED TO BE TRIMMED AND DRILLED TO FULL SIZE. I TRIMMED THE PARTS AND DRILLED THEM UP TO SIZE; ALODINED THE PARTS AND PRIMED THE PARTS; AND THEN STARTED TO INSTALL THEM. DURING THE RUSH; I FORGOT TO GET AN INSPECTOR TO INSPECT THE PARTS THAT I HAD ALREADY BEGAN TO INSTALL. DURING MY TURNOVER; DAY SHIFT; I REALIZED THAT NONE OF THE PAPERWORK FOR THE REPAIR HAD BEEN DONE. IT WAS BROUGHT TO MY ATTN BY THE DAY SHIFT MECHS. I BELIEVE THAT THE COMPANY NEEDS TO SPEND MORE TIME ON THE PAPERWORK PROCS FOR ACR X AIRLINES WITH ITS NEW MECHS. SUPPLEMENTAL INFO FROM ACN 576577: I NOTICED THAT THE STRINGER REPAIR HAD BEEN PARTLY INSTALLED; BUT HAD NO SIGNOFFS FOR DAMAGE REMOVAL OR TREAT AND PRIME. THE PARTS WERE MADE AND DRILLED (FABRICATED) WITHOUT ANY SIGNOFF EITHER. I CAN'T BELIEVE THERE WERE NO SIGNOFFS. WHEN I CONFRONTED MY TURNOVER GUY; HE SAID THAT WAS THE WAY HE WAS TOLD TO DO IT IN THE NEW HIRE TRAINING CLASS. I HAD TO REMOVE THE REPAIR AND CLEAN UP THE PARTS AND GET THE DAMAGE REMOVAL SIGNOFF.,A B737-200 UNDERGOING A FUSELAGE STRINGER REPAIR WAS WORKED FOR 6 SHIFTS WITH NO PROGRESSIVE SIGNOFFS ON WORK ACCOMPLISHED.,
578080,ASRS Database Online custom search,shift_change,200303,Operator: Personal | Make/Model: ,Component: Propeller Spinner | Problem: Failed,Function: Inspector Technician | Human Factors: Troubleshooting; Communication Breakdown; Time Pressure ,,Contributing Factors: Aircraft; Airspace Structure; Chart Or Publication; Human Factors; Logbook Entry | Primary Problem: Human Factors,ANNUAL INSPECTION WAS PERFORMED ON C150 SERIAL NUMBER X; ACFT X. DURING THE INSPECTION; THE PROP SPINNER WAS NOT REMOVED AND THE SECURITY OF THE SPINNER RETAINING BULKHEAD MISSED. THE PROP WAS INSPECTED AND DRESSED FOR NICKS AND MINOR SCRATCHES ACCORDINGLY. A GENERIC CHKLIST WAS USED FOR THE INSPECTION PER FAR PART 43 APPENDIX D. SINCE THE PROP WAS DRESSED FOR NICKS; IT WAS ASSUMED THAT THE PROP WAS INSPECTED. THIS HAPPENED DURING SHIFT CHANGE AND NEXT DAY WAS NOT FOLLOWED THROUGH. THE CHKMARK WAS COMPLETED PER CHKLIST FOR THE DRESSING OF THE PROP. HUMAN FACTORS INVOLVED; LATE DAY RUSH; STRESS FROM PERSONAL PROBS AT HOME. TO PREVENT FURTHER PROBS; NEW TYPE CHKLIST ADOPTED; DETAILING TASKS OF FURTHER PROP INSPECTIONS. OTHER FACTORS INVOLVED WERE: UNQUALIFIED OWNER OPERATOR DOING OWN UNAPPROVED MAINT ON THIS ACFT. VARIOUS BUYERS PERFORMING PRE-BUY INSPECTIONS ON THIS ACFT AND REMOVING PANELS UNAUTH AFTER ANNUAL INSPECTION WAS COMPLETE. AT THE TIME OF THE INCIDENT; THE ENG DEVELOPED ROUGH RUNNING CONDITIONS AND LANDED AT THE NEAREST ARPT WITH NO EVENT. INSPECTION REVEALED A LOOSE SPINNER. SPINNER AND BULKHEAD WAS REPLACED; PROP NICK DRESSED AND RETURNED AIRWORTHY. FURTHER CONCLUSIONS: ACFT AGING AND CLOSER INSPECTIONS ADOPTED. REVISED PAPER. CALLBACK CONVERSATION WITH RPTR REVEALED THE FOLLOWING INFO: THE RPTR STATED THE PROP HAD BEEN DRESSED FOR NICKS AND IT WAS ASSUMED THE SPINNER AND SPINNER BULKHEAD INSPECTION HAD BEEN ACCOMPLISHED. THE RPTR SAID WHILE A GENERIC CHKLIST WAS USED THE SPINNER AND SPINNER BULKHEAD WERE NOT INSPECTED AND WERE RELEASED FOR SVC. THE RPTR SAID THE AIRPLANE WAS FLOWN AND DIVERTED TO THE NEAREST ARPT FOR ROUGH ENG OP. THE RPTR STATED REVISED PAPERWORK AND INSPECTION PROCS ARE NOW IN PLACE TO PREVENT MISSED INSPECTIONS. THE RPTR SAID THE FAA HAS NOT BEEN INVOLVED WITH THIS INCIDENT.,A C150 FLOWN AFTER ANNUAL INSPECTION EXHIBITED A ROUGH RUNNING ENG. DIVERTED. CRACK FOUND IN SPINNER BULKHEAD. PROP AND SPINNER INSPECTION NOT COMPLETED DURING ANNUAL INSPECTION.,
579504,ASRS Database Online custom search,turnover,200304,Operator: Air Carrier | Make/Model: MD-82,Component: Landing Gear Indicating System | Problem: ,Function: Technician Technician | Human Factors: Time Pressure; Troubleshooting ,,Contributing Factors: Chart Or Publication; Human Factors; Logbook Entry; Airspace Structure; Manuals; Aircraft | Primary Problem: Human Factors,ON MY WORK SHIFT; I WAS PERFORMING L-HAND MAIN GEAR STRUT REPACK PER MAINT MANUAL 32-11-02. I WAS NOT GOING TO GET IT COMPLETED ON MY WORK SHIFT. WHILE WRITING MY SHIFT TURNOVER AND DOCUMENT IN THE LOGBOOK; I MISSED A STEP IN THE MAINT MANUAL TO PERFORM ADJUSTMENT/TEST WT ON WHEEL PROX SENSOR TEST (MAINT MANUAL 32-60-05 PAGE 201). THE ACFT WAS DISPATCHED BACK INTO SVC AFTER THE MAINT AND INCURRED DISCREPANCIES. A MAINT CREW WAS DISPATCHED TO TROUBLESHOOT THE DISCREPANCIES AND FOUND L-HAND MAIN LNDG GEAR PROX SENSOR WAS OUT OF ADJUSTMENT. THE MAINT CREW ADJUSTED PROX SENSOR AND PERFORMED THE TEST. NO OTHER DISCREPANCIES NOTED.,AN MD82 WAS DISPATCHED IN NON COMPLIANCE WITH A LNDG GEAR MAINT MANUAL PROC INADVERTENTLY OMITTED. CAUSED BY GEAR PROX SENSOR NOT ADJUSTED.,
581715,ASRS Database Online custom search,shift_change,200305,Operator: Air Carrier | Make/Model: B737-300,Component:  | Problem: Malfunctioning,Function: Lead Technician Technician | Human Factors: Time Pressure; Troubleshooting ,,Contributing Factors: Human Factors; Aircraft; Logbook Entry | Primary Problem: Human Factors,ACFT CAME OVER TO THE HANGAR AFTER ITS 2ND AIR RETURN. IT ARRIVED RIGHT AFTER SHIFT CHANGE. WE OPENED THE ENG COWL AND #2 REVERSER COWL TO TROUBLESHOOT A OVERHEAT PROB. AFTER CHKING THE FIRE LOOP WE DETERMINED IT WASN'T THEM. THEN WE PRESSURIZED THE SYS USING APU BLEED WHILE HOLDING OPEN THE PRSOV VALVE -- NO LEAKS WERE DETECTED. ABOUT THAT TIME MR X CAME OVER AND STARTED LOOKING. HE THEN ASKED ME (IN HUMOR) IF THAT DUCT WAS SUPPOSED TO BE LOOSE LIKE THAT. I SAID PROBABLY NOT. I WENT TO THE ENG SHOP TO FIND THE BOLTS; GASKET; AND SAFETY WIRE TOOL. TOOK THE LOOSE CLAMP (SHOWN IN THE PICTURE) TO MAKE IT EASIER TO ATTACH THE DUCT TO THE CASE. AFTER I GOT EVERYTHING WE NEEDED; I INSTALLED THE DUCT; SAFETY WIRED THE BOLTS; INSTALLED THE CLAMP PER MAINT MANUAL.,A B737-300 RETURNED TO THE GATE TWICE FOR #2 ENG OVERHEAT WARNING. FOUND ENG CASE TO PNEUMATIC DUCT ELBOW LOOSE AND LEAKING.,
583678,ASRS Database Online custom search,turnover,200306,Operator: Air Carrier | Make/Model: B747 Undifferentiated or Other Model,Component: FADEC / TCC | Problem: Malfunctioning,Function: Technician Technician | Human Factors: Time Pressure; Troubleshooting ,,Contributing Factors: Human Factors; Manuals; Aircraft; Chart Or Publication | Primary Problem: Human Factors,JUN/MON/03; ACFT TURNED BACK TO CARGO RAMP AFTER RPTING SMOKE IN COCKPIT. SMOKE WAS TRACED TO CAPT'S ANNUNCIATOR PANEL (ALREADY ON MEL). PANEL WAS SHIPPED TO ZZZ AND REPLACED. OLD PANEL HAD ONE ANNUNCIATOR PUSHED IN; POSSIBLY SHORTING; CAUSING THE SMOKE; ALL WIRING WAS BLACK ON THIS SWITCH. AT SHIFT TURNOVER WE WERE TOLD A NEW PANEL WAS INSTALLED BUT A GREEN; 'FD/PFD' LIGHT WAS ON. IT APPEARED THAT THE LIGHT WAS OF GREAT CONCERN. WE BEGAN THE TROUBLESHOOTING; USING THE OVERHEAD SWITCHING PANEL. WE FOUND THE 'FD/PMS' (FLT DIRECTOR/PWR MGMNT SYS) LIGHT WOULD COME ON IF CAPT OR FO FLT DIRECTORS WERE SELECTED TO A1 OR C3. ACCORDING TO THE COCKPIT OPERATING MANUAL THE LIGHT INDICATES PMS IS CTLING THE PITCH OF THE ACFT; PROVIDED THE AUTOPLT AND AUTOTHROTTLE ARE ENGAGED. WE CONTINUED TROUBLESHOOTING. WE SWAPPED ALL AUTOPLT PITCH AND ROLL COMPUTERS; NO HELP. WE FOUND AIPA SYS AND C SYS SHARED SOME COMPONENTS; CADC'S PMS SYS. WE SWAPPED CADC'S; NO HELP. REMOVING PWR FROM PMS SYS; NO HELP. WE FELT THE LIGHT REMAINING ON COULD BE A RESULT OF THE PREVIOUS PART SHORTING IN COCKPIT. WE FOUND PULLING THE PMS COUPLER RESULTED; IN THE LIGHT GOING OUT. AT THIS POINT; WE BELIEVED THE COUPLER HAD SHORTED INTERNALLY TURNING THE LIGHT ON; EVEN THOUGH PWR WAS REMOVED FROM THE SYS; AS PREVIOUSLY MENTIONED. WE TRIED TO GET A NEW PMS COUPLER; NONE STOCKED. SO WE FOUND THAT OUR MEL BOOK HAD THE BEST SOLUTION MEL 34-38A. WE CONTACTED MAINT FOR APPROVAL TO REMOVE SWITCHING UNIT AND COLLAR CIRCUIT BREAKERS. THEY APPROVED. I FAILED TO COMPLETELY READ THE MEL. HAD I REFERRED TO THE MAINT MANUAL; I WOULD HAVE SEEN PULLING THE SWITCHING UNIT IS NOT ALLOWED. BY NOT READING THE MAINT MANUAL I PUT THE AUTOPLTS IN AN UNUSABLE POS; THIS WAS UNINTENTIONAL. HAD THE MEL DDG FOR 34-38A BEEN MORE SPECIFIC AS IN 'SWITCHING UNIT/COUPLER NOT REMOVABLE' INSTEAD OF REFER TO MAINT MANUAL; MAYBE THIS WOULD NOT HAVE HAPPENED.,A B747-200 WAS DISPATCHED IN NON COMPLIANCE WITH THE AUTOPLT SWITCHING UNIT REMOVED AND DEFERRED IN CONFLICT WITH THE MAINT MANUAL AND THE MEL.,
583860,ASRS Database Online custom search,turnover,200306,Operator: Air Carrier | Make/Model: MD-80 Series (DC-9-80) Undifferentiated or Other Model,Component:  | Problem: ,Function: Technician  | Human Factors: Time Pressure ,,Contributing Factors: Aircraft; Airspace Structure; Chart Or Publication; Human Factors; Logbook Entry | Primary Problem: Human Factors,I WAS TROUBLESHOOTING THE DRAIN VALVE PWR CIRCUIT BREAKER (B1-842) POPPING WHEN 'SYS PRESSURIZED.' I FOUND THE CIRCUIT BREAKER WAS POPPING WHEN THE SELECTOR SWITCH WAS POSITIONED TO DRAIN. MY TROUBLESHOOTING LED ME TO WIRE M637022 BTWN P1-652 AND 53-292-2. MY SHIFT ENDED BEFORE I COMPLETED THE REPAIR. P1-652 AND 53-292 WERE NOT RECONNECTED. I GAVE A TURNOVER BELIEVING WORK WOULD CONTINUE ON PROB. WHEN I RETURNED TO WORK THE FOLLOWING WEEK; I INQUIRED ABOUT THE FIX ON THE DRAIN VALVE. NO ONE KNEW ABOUT THE FIX. TUESDAY I LEARNED THE WRITE-UP HAD BEEN LOST AND THAT A SUPVR SIGNED OFF THE DUPLICATE. WHEN I ASKED HIM HOW HE FIXED THE PROB HE SAID THEY PRESSURIZED THE SYS AND FOUND NO PROB. HE WAS UNSURE IF ANYONE HAD RECONNECTED P1-652 AND 53-292-2; OR IF ANY REPAIRS HAD BEEN DONE. HE BELIEVED THE SYS WAS WORKING PROPERLY AT THE TIME HE SIGNED THE CARD.,AN MD80 WAS DISPATCHED IN NON COMPLIANCE WITH THE FORWARD DRAIN VALVE WIRING DISCONNECTED FOR TROUBLESHOOTING BUT NOT RECONNECTED.,
586298,ASRS Database Online custom search,shift_change,200306,Operator: Air Carrier | Make/Model: A300,Component: Aircraft Documentation | Problem: Improperly Operated,Function: Technician Technician | Human Factors: Troubleshooting ,,Contributing Factors: Aircraft; Airspace Structure; Manuals; Human Factors; Company Policy; Chart Or Publication | Primary Problem: Human Factors,ON ACFT X I WAS ASSIGNED TO DO A NOSE LNDG GEAR SWING AFTER A NIGHT SHIFT CHANGED THE SHOCK ABSORBER. MY PARTNER AND I SIGNED OFF THE ITEM AND WERE NOT AWARE THAT IT WAS AN RII (REQUIRED INSPECTION ITEM). THE GPM (GENERAL PROC MANUAL) STATES 'AN RII IS REQUIRED WHEN INSTALLATION/RIG OF ANY COMPONENT OR ACTUATOR THAT AFFECTS EXTENSION; RETRACTION; OR LOCKING.' WE DID NOT CONSIDER THE SHOCK ABSORBER AS AFFECTING EXTENSION; RETRACTION; OR LOCKING.,AN AIRBUS 300 WAS DISPATCHED IN NON COMPLIANCE WITH THE NOSE GEAR SHOCK ABSORBER REPLACED AND NO FAA REQUIRED INSPECTION PERFORMED.,
588237,ASRS Database Online custom search,turnover,200307,Operator: Air Carrier | Make/Model: B737-300,Component: Horizontal Stabilizer Trim | Problem: ,Function: Technician MAINT CTLR | Human Factors: Time Pressure; Troubleshooting ,,Contributing Factors: Environment - Non Weather Related; Logbook Entry; Human Factors; Aircraft | Primary Problem: Human Factors,I WAS WORKING A DAY TRADE AND WENT ON A DOWN-LINE TO ZZZ FOR AN AUTOPLT PROB. IN CHANGING THE AUTOPLT STABILIZER TRIM MOTOR; I COULD NOT REMEMBER IF THE REAR MOUNT BOLT WAS FULLY TIGHTENED. I CONTACTED MAINT CTL ABOUT THIS AND WAS TOLD TO HOLD OFF ON A RPT UNTIL WE CHKED THIS OUT. HE CALLED AS I WAS STANDING THERE AND THEY WERE DOING THE SHIFT TURNOVER AND I FIGURED ALL WAS WELL. APPROX XA00; I GOT A CALL FROM MY FOREMAN SAYING ACFT DID NOT COME THROUGH HERE YESTERDAY; SO I WENT UP TO MAINT CTL. UPON ENTERING; FOREMAN SAID HE WANTED TO 'TALK' TO ME AND I TOLD HIM I NEVER SAID I DID THIS IN ZZZ. I TOLD HIM WHERE AND WHEN WE WORKED ON IT AND HE HAD ME CALL AND TALK TO A LINE GUY. THEY WILL MAKE SURE IT IS TIGHT.,A B737-300 WAS DISPATCHED IN NON COMPLIANCE WITH THE AUTOPLT STABILIZER TRIM SERVO AFT INBOARD BOLT TORQUE IN QUESTION.,
591137,ASRS Database Online custom search,shift_change,200308,Operator: Air Carrier | Make/Model: B767-300 and 300 ER,Component: Turbine Assembly | Problem: ,Function: Technician Technician | Human Factors: Troubleshooting ,,Contributing Factors: Environment - Non Weather Related; Airspace Structure; Aircraft; Human Factors; Manuals; Logbook Entry | Primary Problem: Human Factors,PROB -- I INSTALLED A RING SEAL IN THE TURBINE REAR FRAME. THIS RING SEAL IS NOT PART OF THE CONFIGN ON THAT ENG. FACTORS -- I WAS COMPLETING THE JOB FOR ANOTHER TECHNICIAN. THERE WAS A SHIFT CHANGE. THE PAPERWORK I WAS WORKING OFF HAD THE INCORRECT MANUAL REF. INEXPERIENCE -- THIS WAS THE FIRST TIME I HAD PERFORMED THIS TASK. A NEW RING SEAL WAS AT THE JOB SITE. THE CORRECT ILLUSTRATED PARTS CATALOG WAS ATTACHED TO THE BOX THAT HELD THE NEW RING SEAL AND NUTS. THE NUTS WERE USED DURING THE REPAIR. I MISTAKENLY THOUGHT I SAW THE RING SEAL ON THE ILLUSTRATED PARTS CATALOG WORK WAS PERFORMED AWAY FROM MY NORMAL WORK ENVIRONMENT. THE PROB WAS FOUND WHEN DAY SHIFT SPOTTED AN OPEN PACKAGE I HAD LEFT. THE PACKAGE BELONGED TO THE RING SEAL. AFTER CONFIRMING WITH ME THAT I INSTALLED THE RING SEAL; THE STEPS TO DISCLOSE THIS PROB WERE SET IN MOTION. THE ACFT WAS LOCATED; AND THE SEAL WAS REMOVED.,A B767-300 ENG HAD A TURBINE REAR FRAME RING SEAL INSTALLED THAT WAS NOT THE CORRECT CONFIGN FOR THIS ENG. SEAL WAS TO BE OMITTED.,
595374,ASRS Database Online custom search,turnover,200310,Operator: Air Carrier | Make/Model: A320,Component: Electrical Wiring & Connectors | Problem: ,Function: Lead Technician Technician | Human Factors: Communication Breakdown; Time Pressure ,,Contributing Factors: Logbook Entry; Environment - Non Weather Related; Aircraft; Chart Or Publication; Human Factors | Primary Problem: Human Factors,ACFT WAS IN A DELAY. THE #2 ENG STARTER HAD A CHRONIC PROB AND WAS DEFERRED. THE DAY SHIFT TECHNICIANS FOUND A BARE WIRE GNDING TO ENG; CAUSING THE INTERMITTENT OP OF THE STARTER VALVE. DURING THE TURNOVER; MUCH OF THE INFO ABOUT WHAT HAD BEEN DONE AND WHAT WAS LEFT TO DO WAS MISINTERPED. THIS LED TO THE PAPERWORK NOT BEING WRITTEN UP AND SIGNED OFF PROPERLY. THE INTERIM REPAIR WAS MISSED IN THE PAPERWORK AS WAS THE DEFERRAL. WHEN THE ONCOMING MECHS TOOK OVER; THEY ASSUMED THAT THE REPAIR WAS DONE AND THEY CLOSED COWLS AND DISPATCHED THE ACFT. AS THE LEAD; I WAS LED TO BELIEVE THAT THE REPAIR HAD BEEN MADE AND EVERYTHING WAS GOOD TO GO. THE NEXT DAY; I WAS INFORMED OTHERWISE. THE PAPERWORK AT THIS FACILITY IS GETTING SLOPPY. TURNOVERS ARE NON EXISTENT AND TOO MUCH IS SLIPPING THROUGH THE CRACKS. COMBINED WITH MGR WHO HAS NO LEADERSHIP; THIS PROB WILL ONLY GET WORSE.,AN AIRBUS 320 WAS DISPATCHED IN NON COMPLIANCE WITH AN INTERIM REPAIR TO THE R ENG STARTER VALVE WIRING. INTERIM REPAIR NOT DEFERRED OR ENTERED IN LOGBOOK.,
598131,ASRS Database Online custom search,turnover,200309,Operator: Air Carrier | Make/Model: MD-80 Series (DC-9-80) Undifferentiated or Other Model,Component: Nose Gear | Problem: ,Function: Technician Technician | Human Factors: Troubleshooting; Communication Breakdown ,,Contributing Factors: Aircraft; Human Factors; Incorrect / Not Installed / Unavailable Part; Logbook Entry | Primary Problem: Human Factors,ON OCT/FRI/03; MR X AND I WERE ASSIGNED TO WORK ACFT X. WHEN WE LOOKED AT THE PAPERWORK CARD; THE JOB WAS SIGNED OFF UP TO STEP 7 CLRNC TO INSTALL; SIGNED BY QUALITY ASSURANCE. WHEN WE STARTED INSTALLING THE DRAG BRACE; WE NOTICED ONE OF THE TAPER PINS WAS CORRODED. WE BROUGHT THIS TO THE ATTN OF OUR CREW CHIEF; MR. Y. HE PULLED THE PART UP ON THE IPC AND ORDERED A TAPER PIN. WHEN WE GOT THE PIN; WE NOTICED IT WAS DIFFERENT THAN THE CORRODED PIN. WE BROUGHT THIS TO THE ATTN OF SUPVR MR Z. WE DISCUSSED THE SIT. IT WAS AGREED UPON TO TAKE THE CORRODED BOLT TO THE GEAR SHOP TO SEE IF WE COULD GET A PIN. MR Y AND I TALKED TO THE TECHNICAL CREW CHIEF OF THE GEAR SHOP. HE SAID THAT WE CANNOT INSTALL JUST 1 PIN. WE ASKED IF THE SHOP COULD MAKE A PIN TO FIT. MR Y AND THE TECHNICIAN AND I WENT TO TALK TO THE MACHINIST WHO MAKES THE PINS. THE MACHINIST LOOKED TO SEE IF HE HAD A PIN THAT COULD BE MACHINED DOWN TO THE SIZE WE NEEDED. HE DID NOT HAVE A PIN TO DO THIS. THE TECHNICIAN EXPLAINED THAT ORDERING A PIN FROM IPC WOULD NOT HAVE WORKED ANYWAY. DUE TO THE FACT THAT THE PINS ARE A MACHINED PART AND ARE MADE SPECIFICALLY FOR EACH HOLE; THEY ARE ALL DIFFERENT FROM EACH OTHER. EVEN ON THE SAME DRAG BRACE; BOTH HOLES ARE DIFFERENT. THIS LEFT US WITH ONLY ONE CHOICE -- TO CHANGE OUT THE WHOLE DRAG BRACE ASSEMBLY. AFTER SEVERAL HRS; THE DRAG BRACE ASSEMBLY SHOWED UP AT STORES TOWARDS THE END OF SHIFT. AFTER HEARING WHAT THE TECHNICIAN HAD TO SAY ABOUT THE PINS; MR X AND I HUNG THE DRAG BRACE AND PUT THE PINS IN PLACE SO THE NEXT SHIFT WOULD NOT MIX THEM UP. THE AFT SHIFT CAME IN AND HAD A MEETING TO GO TO. MR XY; A CREW CHIEF ON SECOND SHIFT; ASKED IF I WOULD GIVE HIM A TURNOVER BECAUSE THE MECHS WERE IN A MEETING. MR XY AND I WALKED OVER TO ACFT WHERE I STARTED TO GIVE HIM A TURNOVER. I TOLD HIM ABOUT THE EVENTS OF THE DAY AND EXPLAINED WHY THE PART WAS HUNG DUE TO THE FACT THAT THE PINS HAD TO GO INTO THE HOLE THEY WERE DESIGNED FOR -- SO THE MECHS TAKING OVER THE JOB WOULD NOT MIX THEM UP; AND HE AGREED. I ALSO SHOWED MR XY WHERE THE WASHERS AND NUTS FOR THE TAPER PINS WERE SO HE COULD SHOW THE MECHS DOING THIS JOB. WE ALSO TALKED ABOUT FINISHING UP THE JOB WHEREAS THE REASON FOR THE NUTS AND WASHERS WERE NOT INSTALLED WAS BECAUSE THE DRAG BRACE HAD TO COME IN AND OUT SEVERAL TIMES TO SHIM THE DRAG BRACE ASSEMBLY. I ALSO STATED TO HIM THAT THE L-HAND SWITCH WAS IN PLACE; BUT NEEDED TO BE CHKED IN STEP 7C ON CARD. THIS PIECE WOULD ALSO COME IN AND OUT TO SHIM THE DRAG BRACE. MR XY WAS WRITING NOTES AS WE HAD OUR DISCUSSION; SO I ASSUMED HE WROTE DOWN EVERYTHING I SAID. NOT ONLY DID I GIVE HIM A VERBAL TURNOVER; BUT ALSO A VISUAL TURNOVER. ON OCT/SUN/03; MR XY CALLED ME AT HOME. WHEN HE CALLED; HE ASKED ME TO GIVE HIM THE TURNOVER AGAIN. AFTER I GAVE HIM THE TURNOVER; HE PROCEEDED TO SAY 'OH; YOU DID TELL ME ABOUT THE TAPER PINS.' THEN HE SAID; 'I GUESS I'LL TAKE THE FALL.' I THEN ASKED WHAT HAPPENED AND HE PROCEEDED TO TELL ME ABOUT THE ACFT IN CHICAGO AND THE TAPER PINS. WE THEN TALKED ABOUT THE MECHS AND QUALITY ASSURANCE WHO WORKED THE JOB.,AN MD80 WAS DISPATCHED IN NON COMPLIANCE WITH A NOSE GEAR DRAG LINK ASSEMBLY INCORRECTLY INSTALLED. CAUSED BY FAILURE TO FOLLOW SHIFT TURNOVER.,
602230,ASRS Database Online custom search,turnover,200312,Operator: Air Carrier | Make/Model: A300,Component: Trailing Edge Flap | Problem: ,Function: Technician Lead Technician | Human Factors: Time Pressure; Troubleshooting ,,Contributing Factors: Company Policy; Human Factors; Aircraft; Logbook Entry | Primary Problem: Company Policy,ON OR ABOUT DEC/SAT/03; I OBSERVED A REPAIR IN PROGRESS TO THE R-HAND INBOARD FLAP ON AN AIRBUS A300-600. I ASKED THE MECH ABOUT SOME BENT RIBS ON THE NEW RIB 7 BEING INSTALLED. HE STATED THAT HE WAS UNAWARE OF THIS CONDITION AND THAT HE WAS CONTINUING THE MATCH DRILLING PER HIS TURNOVER RPT. AT THIS POINT WE SOUGHT FURTHER ADVICE FROM OUR CREW CHIEF. AFTER SOME DISCUSSION; A NON ROUTINE REPAIR FORM WAS GENERATED ON THE DAMAGE. ON DEC/WED/03; I CONTACTED THE SAME CREW CHIEF AND INQUIRED ABOUT RIB 7. I WAS INFORMED THAT THE DAMAGE HAD BEEN STRAIGHTENED AND THAT THE REPAIR WAS CONTINUING. I INFORMED THE CREW CHIEF THAT STRAIGHTENING DENTS ON A MACHINED PART IS GENERALLY UNACCEPTABLE AND HE INDICATED HIS CONCURRENCE. ON DEC/THU/03; I AGAIN CONTACTED THE SAME CREW CHIEF AND SPECIFICALLY ASKED ABOUT NDT INSPECTION AND/OR ENGINEERING APPROVAL. I WAS INFORMED THAT MGMNT WAS AWARE OF THE SIT AND THAT THE REPAIR CONTINUED WITHOUT INSPECTION OR ENGINEERING APPROVAL. ON DEC/SAT/93 AIRBUS A300 WAS RELEASED TO CONTINUE PAX SVC.,AN AIRBUS 300; R INBOARD FLAP WAS REPAIRED IMPROPERLY. A MACHINED PART ON THE FLAP RIB WAS DENTED AND OUT OF REPAIR LIMITS PER THE STRUCTURAL REPAIR MANUAL.,
625745,ASRS Database Online custom search,turnover,200407,Operator: Air Carrier | Make/Model: Dash 8-400,Component: Main Gear Door | Problem: ,Function: Technician Lead Technician | Human Factors: Time Pressure; Troubleshooting ,,Contributing Factors: Human Factors; Aircraft; Chart Or Publication; Logbook Entry | Primary Problem: Human Factors,BY XA30 WE HAD THE PLANE IN THE HANGAR AND WENT TO BREAK. AFTER BREAK; THE AVIONICS MECHS STARTED WORKING ON THEIR ENGINEERING ORDER WORK. A MECH STARTED WORKING THE FLAP PROB; ANOTHER MECH WORKED ON THE HYD LINES ON THE L-HAND MAIN LNDG GEAR ACTUATOR; AND ANOTHER MECH HELPED ME WITH THE DAILY. AFTER COMPLETING THE DAILY; I WORKED ON THE L-HAND MAIN LNDG GEAR DOOR SEAL. THE COPIED FORM OF THE DEFERRED ITEM FOR THE L-HAND MAIN LNDG GEAR DOOR SEAL MENTIONED THAT A PART OF THE SEAL WAS HANGING DOWN AND THAT THE MECH PULLED THE PART THAT WAS HANGING OFF THE DOOR AND PLACED IT ON A DEFERRED ITEM DUE TO NO TIME TO CHANGE IT. AFTER INVESTIGATING THE SEALS ON THE MAIN LNDG GEAR DOOR; I FOUND ONLY 1 SEAL THAT HAD A SMALL PIECE ABOUT 2 1/2 - 3 INCHES LONG MISSING. AFTER GETTING THE CORRECT BULB TYPE SEAL THAT WAS NEEDED TO REPLACE THE OLD ONE (CVR49); I REMOVED THE ATTACHING HARDWARE (ABOUT 27 BOLTS; WASHERS AND NUTS; ALONG WITH THE RETAINER; AND THE OLD SEAL) AND THEN INSTALLED THE NEW SEAL; AND RE-INSTALLED THE ATTACH HARDWARE. WHEN I COMPLETED THE SEAL REPLACEMENT; I WENT TO THE LEAD IS OFFICE TO GET THE PAPERWORK TO SIGN OFF THE SEAL CHANGE. I DIDN'T KNOW EXACTLY HOW TO SIGN OFF THE DEFERRED ITEM; SO I ASKED MY SUPVR TO HELP ME. (I AM NEW TO WORKING THE LINE MAINT DEPT (11 DAYS). I WORKED ON THE HVY CHK THE WHOLE TIME I WORKED FOR ACR X.) HE HELPED ME RE-OPEN THE DEFERRED ITEM IN THE ACFT LOGBOOK. THIS WAS SORT OF HARD SINCE THE COMPANY JUST REVISED THE LOGBOOK. THEN MY SUPVR LEFT FOR SOME REASON; NOT HELPING ME FILL OUT THE SIGNOFF. FROM PAST EXPERIENCE OF WORKING ON THE DASH 8-200; I BELIEVED THERE WAS NO TASK REF FOR LNDG GEAR SEALS; SO I USED A CLR AND PRECISE SIGNOFF JUST AS STATED AT THE BEGINNING OF THIS PARAGRAPH AND THEN WENT TO LUNCH. AFTER LUNCH I CHKED WITH THE MECH THAT WAS WORKING ON THE LNDG GEAR ACTUATOR LINES. HE SHOWED ME HOW THEY MEASURE A SPECIFIC GAP ON THE FITTING TO MAKE SURE IT IS ON THE CORRECT WAY. THEN MY LEAD CAME OUT TO WHERE WE WERE AND MENTIONED THAT THERE WAS A PROC FOR THE SEAL CHANGE AND THOUGHT IT WOULD NEED A FIT AND FARE CHK; SO I WENT TO THE MANUAL AND CHKED TO SEE IF THERE WAS A TASK FOR THE PROC. SURE ENOUGH THERE WAS. I READ IT QUICKLY. IT SAID; EVERYTHING THAT I HAD DONE WHEN CHANGING THE SEAL; BUT SAID AT THE END OF THE PROC; STEPS THAT IT NEEDED AN AERODYNAMIC SMOOTHNESS CHK PER THE SRM. SO; I WENT AND LOOKED THAT UP AND FOUND THAT IT MENTIONED THAT THIS WAS IN AN AREA THAT WAS KNOWN AS A NON-CRITICAL AREA AND GAVE A GAP DIMENSION THAT WAS PRETTY LARGE. I WENT BACK TO THE LOGBOOK AND ADDED THE DASH Q-400 ATA REF TO MY SIGNOFF. SINCE I HAD TO PERFORM AN AERODYNAMIC SMOOTHNESS CHK; THIS MEANT THAT I NEEDED TO SWING THE GEAR. SO ANOTHER MECH AND I GOT THE JACKS WE NEEDED AND ALSO THE HYD MULE. WHEN WE GOT THE ACFT READY TO BE JACKED; I FOUND OUT; BY AVIONICS; THAT WE WOULD HAVE TO WAIT UNTIL THEY WERE DONE WITH THEIR ENGINEERING ORDER WORK. THE MECH THAT WORKED THE MAIN LNDG GEAR ACTUATOR LINES ALSO NEEDED TO SWING THE GEAR IN ORDER TO LEAK CHK THE HYD LINES. I THEN WENT ON BREAK. AFTER BREAK; MY LEAD CAME OVER TO THE ACFT AND MENTIONED TO ME THAT I SHOULD 'EIE' (ENTERED IN ERROR) MY ENTIRE STATEMENT THAT I SIGNED ON THE LOGBOOK. I THOUGHT THIS WAS STRANGE BECAUSE I DID CHANGE THE SEAL AND FOLLOWED THE CORRECT PROCS AND ALL I HAD LEFT TO DO WAS TO SWING THE GEAR; WHICH I WAS READY TO DO. AFTER A WHILE; I CHKED ON AVIONICS TO SEE HOW THINGS WERE GOING. THEY WERE STILL HARD AT IT. LATER; MY LEAD CAME OVER AND MENTIONED THAT AVIONICS WAS NOT GOING TO BE DONE TONIGHT AND THAT THE PLANE WAS NOT GOING TO MAKE IT UP FOR THE MORNING AND ALSO THAT I WAS GOING TO BE GIVING DAY SHIFT THE TURN ON THE PLANE. BEFORE I COULD FIGURE ANYTHING ELSE OUT; DAY SHIFT SHOWED UP. SO I GAVE THEM A COMPLETE (VERBAL) TURNOVER ON THE PLANE. AVIONICS WAS WORKING ON SOME ENGINEERING ORDERS AND THAT THE PLANE NEEDED A GEAR SWING TO LEAK CHK THE HYD LINES ON THE L-HAND MAIN LNDG GEAR ACTUATOR AND TO DO AN AERODYNAMIC SMOOTHNESS CHK ON THE L-HAND MAIN LNDG GEAR FORWARD DOOR SEAL. RPT LISTED ABOVE. THEY MENTIONED THAT I DID NOT MARK THE RII BOX IN THE SIGNOFF AND THAT I; MYSELF; DID NOT SWING THE GEAR. I TOLD THEM THAT I DIDN'T MARK THE SIGNOFF WITH AN RII OR THE N RII BOX; AND FOR THE SWINGING OF THE GEAR; I TURNED THAT OVER TO DAYS; WHICH I HEARD THEY DID COMPLETE. THE SUPVRS ALSO MENTIONED THAT THE GEAR SWING WAS AN RII ITEM AND THAT AN INSPECTOR DID NOT SEE THE GEAR SWING. THE LEAD FOR THIS PLANE WAS THE SAME LEAD I HAD ON ACFT X. HE TOLD ME THAT HE WAS SORRY BECAUSE HE DROPPED THE BALL ON THE PAPERWORK FOR ACFT X. LATER THAT NIGHT; AROUND LUNCH TIME; THE SUPVR MENTIONED THAT THE MGR OF QUALITY CTL WANTED TO TALK TO ME IN THE MORNING. I TOLD HIM EVERYTHING AS MENTIONED IN THIS RPT.,A DHC8-400 WAS DISPATCHED IN NON COMPLIANCE WITH A MAIN LNDG GEAR SEAL REPLACED. ACFT WAS REQUIRED TO BE JACKED WITH INSPECTOR PRESENT TO SATISFY FAA CRITICAL ITEM INSPECTION.,
626384,ASRS Database Online custom search,shift_change,200407,Operator: Air Carrier | Make/Model: MD-88,Component: Nose Gear Wheel | Problem: ,Function: Technician Ramp | Human Factors: Time Pressure; Troubleshooting ,,Contributing Factors: Logbook Entry; Human Factors; Environment - Non Weather Related; Aircraft | Primary Problem: Human Factors,WHILE FINISHING A DOUBLE NOSEWHEEL ASSEMBLY CHANGE ON AN MD80; A CHK OF THE TIRE PRESSURES WAS MISSED. THIS RESULTED IN A FLT DELAY AT THE NEXT MAINT STATION FOR BOTH TIRES BEING FLAT. FLAT TIRES WERE FOUND BY RAMP AGENTS IN ZZZ. THE TIRE CHANGES WERE BEING COMPLETED NEAR SHIFT CHANGE AND MAINT EQUIP WAS BEING RETURNED TO STORAGE AREAS. I ALSO RECEIVED 2 PHONE CALLS WHILE IN THE PROCESS OF COMPLETING TIRE REPLACEMENTS.,AN MD88 WAS DISPATCHED IN NON COMPLIANCE AFTER 2 NOSE TIRES WERE REPLACED; BUT TIRE PRESSURES NOT CHKED. TIRES FOUND FLAT AT NEXT STATION.,
628475,ASRS Database Online custom search,turnover,200408,Operator: Air Carrier | Make/Model: B737-500,Component: Wing Skin | Problem: ,Function: Inspector Systems Engineer | Human Factors: Troubleshooting ,,Contributing Factors: Aircraft; Human Factors; Company Policy; Chart Or Publication; Airspace Structure | Primary Problem: Chart Or Publication,ON AUG/WED/04; I WAS WORKING ACFT X ON L-HAND WING WHEN I FOUND CORROSION ON UPPER SURFACE OF WING BELOW OVERWING EXIT. I CONTACTED QUALITY CTL AND ENGINEERING ABOUT THE PROB. QUALITY CTL WROTE UP NRC. ENGINEERING SAID TO BLEND UNTIL CORROSION WAS REMOVED. ONCE CORROSION WAS REMOVED ENGINEERING AND QUALITY CTL DETERMINED THAT THE BLENDED AREA WAS OUT OF LIMITS. AT THAT TIME I WAS ON HOLD UNTIL ENGINEERING CAME BACK WITH A REVISED REPAIR. I THEN FILLED OUT A MAINT FORM TELLING WHAT I HAD DONE. ON THE MAINT FORM I FAILED TO WRITE DOWN THAT I BLENDED ON SOME FASTENERS. I DIDN'T THINK IT WAS IMPORTANT SINCE WE NEEDED TO OPEN THE WING TANKS AND PREPARE FOR A REPAIR AND DAYSHIFT WAS INFORMED AT TURNOVER ABOUT THE FASTENERS BY MY SUPVR AND QUALITY CTL. IN THE FUTURE; WE NEED TO DOCUMENT MORE INFO AND HAVE BETTER COM.,A B737-500 DURING A 'B' CHK UPPER WING FASTENERS WERE FOUND CORRODED AND WRITTEN UP BY AN INSPECTOR. ENGINEERING WROTE UP A REPAIR THAT WAS IN CONFLICT WITH THE INSPECTOR'S WRITE-UP.,
628880,ASRS Database Online custom search,shift_change,200408,Operator: Air Carrier | Make/Model: B737 Undifferentiated or Other Model,Component: Brake System | Problem: ,Function: Technician Technician | Human Factors: Troubleshooting ,,Contributing Factors: Aircraft; Manuals; Logbook Entry; Airspace Structure; Chart Or Publication; Environment - Non Weather Related; Human Factors | Primary Problem: Chart Or Publication,I WAS ASSIGNED ACFT X TO ACCOMPLISH AN A-CHK. I MEASURED THE BRAKES AS PER THE MAINT MANUAL. I MEASURED THE FORWARD PIN ON ALL THE BRAKES. THE #1 BRAKE WAS MEASURED AT 5/32 INCH. I WAS TOLD BY A FELLOW MECH THAT THE ACFT HAD AN AUDIT ACCOMPLISHED ON IT AND THE AUDITOR HAD DAY SHIFT CHANGE THE BRAKE BECAUSE THE AFT PIN WAS 4/32 INCH. THEY WERE TOLD BY THE AUDITOR THAT YOU ARE REQUIRED TO CHK ALL OF THE PINS. THIS IS CONTRARY TO THE MAINT MANUAL; ACFT MAINT/LCL CTLR RESPONSE AND THE 'TR' (SEE ATTACHED) WHICH STATES MEASURE 1 PIN.,A TECHNICIAN WORKING A B737-800 A-CHK HAD CONFUSING INFO ON METHOD OF BRAKE WEAR PIN MEASUREMENT. MANUAL STATES CHK 1 PIN ONLY.,
630943,ASRS Database Online custom search,turnover,200408,Operator: Air Carrier | Make/Model: B737-500,Component: Hydraulic System Lines; Connectors; Fittings | Problem: ,Function: Technician Technician | Human Factors: Troubleshooting ,,Contributing Factors: Manuals; Human Factors; Aircraft; Chart Or Publication; Incorrect / Not Installed / Unavailable Part | Primary Problem: Chart Or Publication,REPLACED STANDBY HYDRAULIC MODULE IN MLG WHEEL WELL PER MAINT MANUAL ON AUG/FRI/2004. ON SEPT/FRI/2004; HYDRAULIC LINE FOR REVERSE WAS FOUND NOT HOOKED UP TO MODULE. MAINT MANUAL DOES NOT REFERENCE A PLUG TO BE REMOVED OR AN ADAPTER TO BE INSTALLED ON THE STANDBY HYDRAULIC MODULE FOR REVERSER LINE TO BE CONNECTED. MAINT MANUAL DOES NOT REFERENCE AN OPERATIONAL TEST OF THE REVERSERS UPON COMPLETION OF STANDBY HYDRAULIC MODULE REPLACEMENT. HAD EITHER ITEM BEEN STATED IN THE MAINT MANUAL; I BELIEVE THE ERROR WOULD NOT HAVE TAKEN PLACE. SUPPLEMENTAL INFO FROM ACN 630803: ACCOMPLISHED LEAK CHECK OF MODULE AFTER UNIT REPLACED. ACCOMPLISHED OPERATIONAL TEST OF STANDBY MODULE. TEST PASSED REFERENCE MAINT MANUAL. REFERENCE ILLUSTRATED PARTS CATALOG. THIS JOB WAS ACCOMPLISHED AFTER A TURNOVER FROM PREVIOUS CREW; WHICH HAD ALREADY CHANGED MODULE; BUT NEW MODULE WAS BAD (CRACKED) SAME PLACE ORIGINAL WAS. WE CONTINUED ON WITH NEW PART. CALLBACK CONVERSATION WITH RPTR ACN 630943 REVEALED THE FOLLOWING INFO: THE RPTR STATED THE REVERSER LINE THAT SHOULD HAVE BEEN ATTACHED TO THE STANDBY HYDRAULIC POWER UNIT WAS DISCONNECTED BY ANOTHER SHIFT DURING THE MODULE REMOVAL AND PUSHED BACK BEHIND THE 'B' PUMPS OUT OF SIGHT. THE RPTR SAID THE STANDBY HYDRAULIC PWR UNIT WAS INSTALLED PER THE MAINT MANUAL AND TESTED OK FOR SERVICE. THE RPTR STATED THE MANUAL DOES NOT CALL OUT THE INSTALLATION OF THE ADAPTER FOR THE REVERSER LINE. THE RPTR SAID THE REVERSER WAS NOT ON THE OPERATIONAL TEST IN THE MAINT MANUAL. THE RPTR STATED THE ILLUSTRATED PARTS CATALOG PICTORIAL VIEW OF THE STANDBY HYDRAULIC MODULE SHOWS THE REVERSER PORT HAVING A PLUG INSTALLED NOT AN ADAPTER FITTING FOR A LINE CONNECTION. THE RPTR SAID THE REVERSER LINE ADAPTER FITTINGS AND 'O' RING SEALS WERE TO BE INCLUDED WITH THE UNIT RECEIVED FROM STORES BUT WERE NOT WITH THE MODULE.,A B737-500 WAS DISPATCHED IN NON COMPLIANCE WITH A REVERSER LINE NOT CONNECTED TO THE STANDBY HYDRAULIC POWER MODULE.,
634403,ASRS Database Online custom search,turnover,200410,Operator: Air Carrier | Make/Model: B737-400,Component: Exterior Pax/Crew Door | Problem: Malfunctioning,Function: Inspector Technician | Human Factors: Troubleshooting; Time Pressure ,,Contributing Factors: Aircraft; Chart Or Publication; Logbook Entry; Human Factors | Primary Problem: Human Factors,PREVIOUS SHIFT STARTED THE TROUBLESHOOTING AND REPAIR WORK; DURING WHICH THEY REPLACED THE SNUBBER. PREVIOUS SHIFT INSPECTION WAS NOT NOTIFIED BY THE TECHNICIANS OF THE RII REQUIREMENT AND TURNED IT OVER TO NEXT SHIFT; THE FIRST INSPECTOR AVAILABLE FOR ANY ASSISTANCE WAS LEAD INSPECTOR; MR X. I WAS CURRENTLY AT THE LINE FOR AN ACFT CALLOUT THERE. UPON MY RETURN; MR X ASKED IF I WOULD TAKE OVER ON ACFT X AND PROCEEDED TO GIVE ME A VERBAL TURNOVER ON WHAT HE SAW WHILE OPERATING THE DOOR. WHEN THE TECHNICIANS GOT TO WHAT THEY FELT WAS THE PROB; THEY CAME INTO THE OFFICE AND SAID THEY FOUND THE UPPER HINGE BOLT (7) (REF MAINT MANUAL 52-11-00 PAGE 404; FIGURE 401; SHEET 3) WAS LOOSE AND WHEN THEY TIGHTENED IT UP THE DOOR OP IMPROVED; SO WITH THE EXCEPTION OF THE SNUBBER CHANGE THAT PREVIOUS SHIFT DID; NEXT SHIFT CONCENTRATED ON THE UPPER HINGE AND SINCE PREVIOUS SHIFT MISSED THE RII FOR THE SNUBBER I LOOKED IT OVER AND FOUND IT WAS INSTALLED INCORRECTLY AND HAD THE NEXT SHIFT TECHNICIAN INSTALL IT IN ACCORDANCE WITH MAINT MANUAL 52-11-71; ONCE THAT WAS DONE; THE TECHNICIAN WAS HOLDING THE LOWER HINGE SEAL OPEN AS I LOOKED OVER THEIR INSTALL AND THE FLEXIBLE COSMETIC COVERING PULLED LOOSE FROM THE SEAL PLATE WHICH HE RE-SECURED. AT THE TIME OF THE FINAL LOOK OVER THERE WAS NO OBVIOUS SIGNS OF DAMAGE OR PROBS IN OP WITH L1 DOOR. CALLBACK CONVERSATION WITH RPTR REVEALED THE FOLLOWING INFO: THE RPTR STATED THIS DOOR REPAIR WENT ON FOR SEVERAL SHIFTS AND THE FIRST PROB WAS A PREVIOUS TECHNICIAN INSTALLED THE DOOR SNUBBER INCORRECTLY AND THIS REQUIRED REMOVAL AND CORRECT REINSTALLATION. THE DOOR WAS RIGGED AND INSPECTED AND THE AIRPLANE WAS RELEASED FOR SVC. THE RPTR DOES NOT RECALL INSPECTING THE LOWER DOOR SEAL.,B737-400 WAS DISPATCHED AFTER REPAIR TO DOOR 1L FOR 'HARD TO CLOSE' RPT. AIRPLANE RETURNED TO THE FIELD WITH DOOR 1L PRESSURE LEAK.,
634532,ASRS Database Online custom search,turnover,200410,Operator: Air Carrier | Make/Model: B737-800,Component: Indicating and Warning - Lighting Systems | Problem: Malfunctioning,Function: Lead Technician Maint Ctlr | Human Factors: Communication Breakdown; Troubleshooting ,,Contributing Factors: Aircraft; Airspace Structure; Chart Or Publication; Human Factors; Manuals | Primary Problem: Chart Or Publication,I RECEIVED A TURNOVER FROM THE NIGHT SHIFT FROM ACFT X. THE CREW HAD SENT A RPT ON A MAINT ITEM CONCERNING THE FO'S SYS ANNUNCIATOR LIGHTS; COMMONLY KNOWN AS THE 'SIX PACK.' AT THE TIME OF THE TURNOVER I WAS TOLD BY THE MECH THAT HE HAD DETERMINED THAT THE ANNUNCIATOR LIGHT ASSEMBLY WOULD NEED TO BE REPLACED; BUT THERE ISN'T ANY REMOVAL AND REPLACEMENT PROCS IN THE MAINT MANUAL. HE FURTHER STATED THAT HE HAD CONTACTED TECHNICAL SVC AND WAS GIVEN THE GUIDANCE; 'JUST INSTALL IT.' I CALLED MY MGR AND ASKED THAT HE CONTACT WHOMEVER TO GET A PROC TO ACCOMPLISH THE REPLACEMENT AND ANY OPS CHK REQUIRED. SHORTLY HE WAS IN CONTACT WITH THE TECHNICAL PUBS WHO REFERRED HIM TO GPM 2-01 PARAGRAPH C2. I BELIEVED THAT THE GUIDANCE WAS STILL NOT PROPER FOR THE REPLACEMENT OF THIS ASSEMBLY AND REQUESTED FURTHER INSTRUCTIONS. WE WERE THEN DIRECTED TO USE THE PROC IN MAINT MANUAL 33-18-00-02; MASTER DIM AND TEST LIGHTS; MAINT PRACTICES. THE SECTION IS A GENERIC DESCRIPTION FOR REMOVING AND REPLACING OF VARIOUS LIGHTS; MODULES; AND ASSEMBLIES. THERE ISN'T ANY SPECIFIC REMOVAL AND REPLACEMENT FOR THE SYS ANNUNCIATOR LIGHT ASSEMBLY; NOR A TASK SPECIFIC INSTALLATION TEST OTHER THAN THE LIGHT TEST FOR THE COCKPIT. THE SYS ANNUNCIATOR LIGHTS HAVE 2 LOCATIONS IN THE FLT DECK; ONE FOR EACH PLT; AND THE ANNUNCIATIONS DISPLAYED ARE DIFFERENT FOR EACH PLT. THESE LIGHTS ANNUNCIATE CRITICAL DISPATCH ITEMS; AND THERE HAVE BEEN MANY GND INTERRUPTS BECAUSE OF A LIGHT COMING ON AFTER GATE DEP. IS THE GENERIC LIGHT TEST THE PROPER TEST AFTER REPLACEMENT OF THE LIGHT ASSEMBLY? SHOULD THERE BE A TASK SPECIFIC REMOVAL AND REPLACEMENT FOR THIS ASSEMBLY? ALSO; WHEN THE FIELD CONTACTS TECHNICAL SVC ON ISSUES SUCH AS THIS ITEM; THE GUIDANCE SHOULD BE SOMETHING OTHER THAN JUST INSTALL IT; OR CITING A SECTION OF THE GPM.,A B737-800 LEAD TECHNICIAN RPTS DIFFICULTY FINDING A PROC FOR REPLACEMENT AND TEST OF THE R MASTER CAUTION ANNUNCIATOR LIGHT ASSEMBLY.,
636850,ASRS Database Online custom search,turnover,200410,Operator: Air Carrier | Make/Model: B737-300,Component: Leading Edge Slat | Problem: ,Function: Technician Technician | Human Factors: Time Pressure ,,Contributing Factors: Company Policy; Chart Or Publication; Aircraft; Human Factors; Manuals; Logbook Entry | Primary Problem: Human Factors,ON MAR/WED/04 I INSPECTED WORK ON THE CARD. THE CARD INDICATED THERE WERE 3 CRACKS ON SLAT AFT EDGE. THE 3 CRACKS WERE STOP-DRILLED AND NDT WAS ACCOMPLISHED. I VERIFIED THE STOP-DRILLED CRACKS PER MANUAL REF. THE MANUAL REF WAS IN THE CORRECT AREA FOR A SLAT REPAIR. A TURNOVER ON THE WRITE-UP BY THE PRODUCTION SUPVR INDICATED THAT HE PROGRAMMED THE SLAT FOR FUTURE REPAIR AND FOR REPEATED INSPECTIONS AS PER THE MANUAL. ON OCT/WED/04 (FAR RAMP INSPECTION); DISCOVERED THAT ACFT ABC; A B737-300; OPERATED IN REVENUE SVC WITH A TEMPORARY REPAIR TO THE #3 SLAT OUTER LOWER SKIN. THIS IS NOT AUTHORIZED BY THE BOEING SRM. THIS REPAIR TO THE SLAT HAS BEEN PREVIOUSLY ACCOMPLISHED AND ENDORSED BY THE ENGINEERING DEPT AT THIS ACR. SUPPLEMENTAL INFO FROM ACN 636380: I WAS NOTIFIED RECENTLY BY OUR ACR QUALITY ASSURANCE THAT AN FAA INSPECTOR FOUND A DISCREPANCY RELATED TO A SIGNOFF I MADE ON A #3 SLAT ON ACFT ABC. I'VE APCHED OUR ENGINEERING DEPT ABOUT THIS REPAIR SEVERAL TIMES AND HAVE GOTTEN SEVERAL DIFFERENT ANSWERS. MY STOP-DRILLING OF THESE CRACKS WAS DONE WITH THE KNOWLEDGE OF SRM AND ENGINEERING ON THAT DATE. CALLBACK CONVERSATION WITH RPTR ACN 636850 REVEALED THE FOLLOWING INFO: THE RPTR DESCRIBED THE REPAIR ON THE SLAT ACCOMPLISHED PER THE SRM. THE SRM REFERS TO THE LOWER RIVET LINE ON THE #3 SLAT FOR REPAIR OF CRACKS COMING FROM THE RIVET HOLE TO THE SLAT EDGE. THE REPAIR WAS TO DRILL OUT THE RIVET AND STOP-DRILL THE CRACK AND INSTALL ANOTHER RIVET. THE RPTR STATES THE SHOP MISSED THE LIMITS ON THIS REPAIR THAT IT IS NOT PERMITTED 5.5 INCHES FROM EITHER END OF THE SLAT AND 6 INCHES INBOARD AND OUTBOARD OF THE ACTUATOR ROD END CONNECTION. THIS IS PRECISELY WHERE THE REPAIRS WERE ACCOMPLISHED. CALLBACK CONVERSATION WITH RPTR ACN 636380 REVEALED THE FOLLOWING INFO: THE RPTR SAID THE REPAIR WAS A COMMON SHOP PRACTICE BELIEVED TO BE ACCOMPLISHED PER THE SRM AND VERBALLY APPROVED BY ENGINEERING. THE REPAIR OF THE LOWER SLAT RIVET CRACKS WERE REPAIRED BY DRILLING OUT THE RIVET AND STOP-DRILLING THE CRACK THEN REPLACING THE RIVET. THE SRM LIMITS OF THE REPAIR WERE NOT KNOWN TO THE RPTR AS EVERYTHING WAS VERBAL INSTRUCTIONS AND NOTHING IN WRITING. THE RPTR SAID A READING OF THE SRM WOULD HAVE PREVENTED THE IMPROPER REPAIR.,A B737-300 #3 SLAT REPAIR WAS DISCOVERED BY AN FAA SAFETY INSPECTOR TO BE IN CONFLICT WITH THE SRM LIMITS.,
640821,ASRS Database Online custom search,shift_change,200412,Operator: Air Carrier | Make/Model: B737-700,Component:  | Problem: ,Function: Lead Technician Technician | Human Factors: Time Pressure; Troubleshooting ,,Contributing Factors: Chart Or Publication; Logbook Entry; Human Factors; Aircraft; Company Policy | Primary Problem: Human Factors,WERE ADVISED EARLY THAT ACFT WAS ARRIVING WITH DUAL BLEED TRIP AND THAT ACFT WOULD BE LATE. #1 ENG HAD HISTORY OF BLEED TRIPS AND WERE ADVISED THAT WE WOULD NOT WORK THE ITEM. SO ACFT PROCEEDED TO LOCK OUT THE BLEED VALVE (PRSOV). INSTEAD WE LOCKED OUT THE HIGH STAGE VALVE. WE RAN THE ENGS TO MAKE SURE NO OTHER BLEED TRIPS APPEARED. AT THE TIME #1 ENG BLEED VALVE WAS OFF. NO PROBS WERE NOTED AND THE PLANE WAS MOVED TO ANOTHER LINE AND A DIFFERENT GATE. THE CONTRIBUTING FACTORS WERE BAD WX AND A SHIFT CHANGE GOING ON; SO TRYING TO BE EXPEDIENT; WE MADE THE MISTAKE OF LOCKING OUT THE WRONG VALVE. ALSO; OUR FAIL SAFE ENG RUN SHOULD HAVE CAUGHT THE MISTAKE AND WE MISSED THAT AS WELL.,A B737-700 WITH HISTORY OF #1 BLEED OVERHEAT TRIPS HAD THE PRESSURE REGULATOR SHUTOFF VALVE DEFERRED AS INOP PER THE MEL. DISPATCHED WITH THE WRONG VALVE LOCKED OUT.,
647037,ASRS Database Online custom search,turnover,200502,Operator: Air Carrier | Make/Model: B767-400 and 400 ER,Component: Fuel Booster Pump | Problem: ,Function: Technician Technician | Human Factors: Time Pressure; Troubleshooting ,,Contributing Factors: Manuals; Human Factors; Aircraft; Chart Or Publication; Environment - Non Weather Related; Logbook Entry | Primary Problem: Human Factors,RECEIVED TURNOVER FROM PREVIOUS SHIFT REF A MAINT CARRYOVER ITEM REGARDING A FUEL IMBAL CONDITION WITH AN ASSOCIATED FUEL CONFIGN LIGHT IN COCKPIT. AT THIS POINT; THE L CTR FUEL BOOST PUMP WAS REMOVED AND A REPLACEMENT PUMP WAS PREPARED FOR INSTALLATION. THE PUMP THAT I INSTALLED WAS NOT THE CORRECT EFFECTIVITY FOR THE SUBJECT ACFT BECAUSE IT HAD NOT BEEN MODIFIED. NO EXPLANATION FOR WHY THIS PUMP WAS ORDERED/DELIVERED TO THE ACFT SINCE PREVIOUS SHIFT PERSONNEL SAID THEY USED THE MANUFACTURER'S PART NUMBER OFF THE REMOVED UNIT WHEN THEY ORDERED THE REPLACEMENT FROM THE SUPPLIER. TO PREVENT FUTURE OCCURRENCES; I SUGGEST THAT EVERY AMT MAKE A CONSCIOUS EFFORT TO ENSURE CORRECT EFFECTIVITY OF REPLACEMENT PARTS REGARDLESS OF MANPOWER OR TIME CONSTRAINTS; WX; TURNOVER; OR ANY OTHER DIVERSION FROM THE JOB AT HAND. ALSO THINK THAT A REVIEW OF OUR PART PROCUREMENT PROCESS BE REVIEWED INTERNALLY.,A B767-400 HAD THE L CTR TANK FUEL BOOST PUMP REPLACED PER THE MAINT MANUAL. PAPERWORK AUDIT REVEALED INCORRECT PUMP INSTALLED.,
648887,ASRS Database Online custom search,"shift_change, turnover",200502,Operator: Air Carrier | Make/Model: B737-300,Component: FDR | Problem: ,Function: Technician Inspector | Human Factors: Troubleshooting; Time Pressure ,,Contributing Factors: Aircraft; Chart Or Publication; Environment - Non Weather Related; Human Factors | Primary Problem: Human Factors,I WAS ASSISTING 2 OTHER MECHS DOING THE WHEELCHAIR ACFT CHANGE ORDER AND HELPED SECURE THE UPPER ATTACH POINT ON THE NEW STOWAGE UNIT. IN ORDER TO ACCOMPLISH THE ADJUSTING AND SECURING OF THE UPPER ATTACH ROD; THE FDR WAS REMOVED MOMENTARILY. AFTER COMPLETING THE INSTALLATION OF THE ROD; THE FDR WAS RE-SEATED IN THE RACK BUT NOT SECURED. IT WAS THE END OF OUR SHIFT AND I WAS TOLD THAT SOMEONE ELSE WOULD FINISH THE JOB. I WAS RUSHING TO CLEAN UP AND PUNCH OUT ON TIME AND COMPLETELY FORGOT TO DOCUMENT THE R&R OF THE FDR. WHOMEVER FINISHED THE JOB FAILED TO NOTICE THAT THE FDR WASN'T SECURED AND THE ACFT FLEW TO ZZZ AND BACK BEFORE IT WAS SECURED. I KNEW THAT I WAS SUPPOSED TO DOCUMENT THE MOVING OF THE FDR BUT LOST MY TRAIN OF THOUGHT DURING THE CONFUSION OF THE SHIFT CHANGE/TURNOVER PROCESS.,A B737-300 WAS RELEASED FOR SVC WITH THE FDR NOT SECURED IN THE MOUNTING RACK. R&R'ED DURING MODIFICATION WORK.,
657909,ASRS Database Online custom search,shift_change,200505,Operator: Air Carrier | Make/Model: B737-300,Component: Pylon Fasteners & Latches | Problem: ,Function: Lead Technician Technician | Human Factors: Time Pressure; Troubleshooting ,,Contributing Factors: Logbook Entry; Aircraft; Manuals; Chart Or Publication; Environment - Non Weather Related; Human Factors | Primary Problem: Human Factors,ON SAT/MAY/05; I WAS THE UPGRADE LEAD. AT SHIFT CHANGE; I WAS INFORMED THAT ACFT X HAD A FASTENER MISSING FROM THE STRUT ACCESS PANEL ABOVE #2 ENG. THE PREVIOUS SHIFT MECH TOLD ME THAT HE HAD SECURED THE PANEL AND TAPED OVER THE HOLE FOR THE MISSING FASTENER PER OUR PROCS. I WAS ASKED TO DO THE CARRY FORWARD ON THE ITEM. I DID SO USING THE MAINT PROCS REF. I LATER LEARNED THAT THE PANEL WAS FOUND MISSING WITH THE ARR OF ACFT X IN ZZZ1. I RESEARCHED THE SRM FOR THE MISSING FASTENER REQUIREMENTS AND BELIEVE I SHOULD HAVE USED THE REPAIR MANUAL AS MY CARRY FORWARD REF.,A B737-300 HAD A R ENG STRUT ACCESS PANEL FASTENER MISSING. ITEM DEFERRED WITH INCORRECT REF AND PROCS. PANEL DEPARTED ACFT INFLT.,
657980,ASRS Database Online custom search,shift_change,200505,Operator: Air Carrier | Make/Model: MD-80 Series (DC-9-80) Undifferentiated or Other Model,Component: Oil Filter | Problem: Malfunctioning,Function: Technician Technician | Human Factors: Time Pressure; Troubleshooting ,,Contributing Factors: Chart Or Publication; Human Factors; Aircraft; Logbook Entry | Primary Problem: Human Factors,SIGNED FOR ANOTHER MECH'S WORK. OTHER MECH CHANGED OIL FILTER. WHILE IT WAS IN AREA; WE RAN ENG TO LEAK CHK WHICH PRODUCED NO LEAKS. I SIGNED FOR WORK IN LOG. LATER; ENG SHUTDOWN INFLT DUE TO LOSS OF OIL IN #1 ENG. REAFFIRM MY RESPONSIBILITY TO ONLY SIGN FOR WORK I ACTUALLY PERFORM. FIRST SHIFT BACK ON DUTY AFTER VACATION. SHIFT CHANGE IS EQUAL TO LONG DAY (ALMOST 24 HRS UP). ALSO; I HAVE SEEN AND WORKED WITH OTHER MECH AND TRUSTED HIS WORK.,AN MD80 TECHNICIAN SIGNED FOR AN OIL FILTER CHANGED BY ANOTHER TECHNICIAN. ENG LATER SHUT DOWN INFLT FOR LOSS OF OIL.,
661284,ASRS Database Online custom search,shift_change,200506,Operator: Air Carrier | Make/Model: DC-9 50,Component: Other Documentation | Problem: ,Function: Technician Technician | Human Factors:  ,,Contributing Factors: Aircraft; Chart Or Publication; Human Factors; Manuals | Primary Problem: Human Factors,ACFT X LOG #X HAD AN INOP STANDBY HORIZON (RED FLAG). PREVIOUS MECH #X REPLACED FAULTY INDICATOR AND THEN MECH #Y CONFIRMED INDICATOR CHKS GOOD IN ACCORDANCE WITH MANUAL; BUT DISCOVERED VOLTAGE READING AT INDICATOR TO BE '60 VAC.' WIRING DIAGRAM STATES SHOULD BE 120 VAC. HE CHKS ANOTHER ACFT AND FOUND SAME 60 VAC. I TOOK OVER AT SHIFT CHANGE AND CONFIRMED 60 VAC ALSO ON ANOTHER ACFT. AFTER CONSULTING WITH OTHER TECHNICIANS; I WAS COMFORTABLE THAT 60 VAC IS NORMAL AND 120 VAC IS A MISPRINT. UPON FURTHER REVIEW; I THINK THAT A BETTER ACTION ON MY PART WOULD HAVE BEEN TO CONTACT ENGINEERING AND HAVE AN ENGINEERING AUTH WRITTEN TO CORRECT THE DRAWING; EVEN THOUGH THE STANDBY HORIZON PASSED ALL FUNCTIONAL TESTS. I'M CONFIDENT THAT THE DISCREPANCY WAS CORRECTED; IT'S JUST THAT I SHOULD HAVE FOLLOWED IT UP ONE MORE STEP.,A DC9-50 STANDBY HORIZON INDICATOR WAS REPLACED AND CHKED OK BUT VOLTAGE TO INDICATOR WAS 60 VOLTS AC. WIRE DIAGRAM INDICATES 120 VOLTS AC INPUT.,
664968,ASRS Database Online custom search,turnover,200506,Operator: Air Carrier | Make/Model: B757-200,Component: Exterior Pax/Crew Door | Problem: ,Function: Technician Technician | Human Factors:  ,,Contributing Factors: Logbook Entry; Chart Or Publication; Aircraft; Human Factors | Primary Problem: Human Factors,ON JUN/XA/05 I WAS ASSIGNED WITH MR X TO TROUBLESHOOT AND REPAIR PLT LOG RPT (L1 DOOR HARD TO OPEN). WE FOUND AN EXTERNAL FUSELAGE HINGE ACCESS PANEL REMOVED BUT THERE WAS NO DOCUMENTATION OF THIS OR ANY OTHER TROUBLESHOOTING IN THE LOGBOOK OR ANY TECHNICIAN'S NON ROUTINE WRITE-UP. A PART WAS ORDERED FOR THE DOOR BUT DURING OUR TROUBLESHOOTING IT DID NOT APPEAR THAT THIS PART WAS DEFECTIVE. THE DOOR OP DID NOT FEEL ABNORMAL TO OUR EXPERIENCE WITH OTHER B757 ENTRY DOORS. WE SOLICITED THE HELP AND OPINION OF OTHER MECHS AND BOTH CREW CHIEFS AS TO THE OP OF THE DOOR AND THEY ALL FELT IT WAS OPERATING NORMALLY. WE THEN LUBED THE DOOR. THE ONLY ITEM WE COULD FIND WAS THE PIN INDICATOR ON THE DAMPENING SNUBBER EXTENDED. WE TALKED TO TECHNICAL SVCS AND AGREED THAT THE SNUBBER WOULD IN NO WAY IMPEDE THE OP OF THE OPENING OF THE DOOR AND THAT THEY WOULD PUT AN ITEM IN TO HAVE THE PART REPLACED. THIS WAS THE FIRST WRITE-UP ON THE DOOR AND THERE WAS NO PRIOR HISTORY OF THE PROBS WITH IT. SINCE IN OUR TROUBLESHOOTING WE FOUND NO STRUCTURAL OR MECHANICAL PROBS; NO DAMAGED LINKAGES OR BINDING AND NO PROB WITH THE PART THAT WAS ORDERED; AND SINCE THE DOOR OP WAS NORMAL NOT ONLY TO MYSELF AND MR X; BUT TO OTHER MECHS AND CREW CHIEFS; WE FELT CONFIDENT WITH OUR FINDINGS AND LUBRICATED THE DOOR. BY SUBMITTING THIS LETTER; I WISH TO RPT MY FINDINGS. CONTRIBUTING FACTORS: SUPVR TURNOVER SHEET WAS NOT AVAILABLE AT THE HANGAR; AND THE LINE MECH DID NOT DOCUMENT HIS FINDINGS OR TROUBLESHOOTING.,A B757-200 PLT RPT ON L #1 DOOR WAS WORKED. TECHNICIANS COULD FIND NO FAULT WITH TESTS AND FOUND ALL NORMAL.,
664986,ASRS Database Online custom search,turnover,200507,Operator: Air Carrier | Make/Model: A300,Component: Fuselage Panel | Problem: ,Function: Technician Technician | Human Factors: Troubleshooting; Time Pressure; Communication Breakdown ,,Contributing Factors: Aircraft; Logbook Entry; Incorrect / Not Installed / Unavailable Part; Human Factors; Chart Or Publication; Environment - Non Weather Related | Primary Problem: Human Factors,I WAS APCHED BY MGMNT ON THIS DAY; JUL/SUN/05; IN REF TO ACFT X DAMAGE DUE TO PANELS NOT INSTALLED IN THE ACFT WHEEL WELL AREA. 6 DAYS AGO; I WAS ASSIGNED TO ACFT X. PRIOR TO DEP; A BLEED LEAK OCCURRED. I OPENED THE ACFT'S ACCESS PANELS TO GAIN ENTRY TO THE PACK BAY AREA TO SEARCH FOR THE LEAK. AT APPROX XA30; 2 OTHER TECHNICIANS ARRIVED FROM NEXT SHIFT. THE 2 TECHNICIANS ASSISTED ME TO HELP FIND THE LEAK. MY SHIFT ENDED AT XA45 AND REASSIGNED TO WORK NEXT SHIFT TAXI-TOW CREW. I GAVE THE REMAINING 2 TECHNICIANS A VERBAL TURNOVER OF MY ACTIONS. THE 2 REMAINING TECHNICIANS CONTINUED WITH THEIR TROUBLESHOOTING; AND I LEFT THE ACFT AT APPROX XB00. NO LEAD TECHNICIAN TO COORD TURNOVER; AND NO LEAD TECHNICIAN SUPVR TO COORD TURNOVER FOR NEXT SHIFT.,AN A300 WAS DISPATCHED WITH PANELS NOT INSTALLED IN THE ACFT WHEEL WELL AREA. PANELS REMOVED FOR BLEED LEAK TROUBLESHOOTING.,
666240,ASRS Database Online custom search,turnover,200507,Operator: Air Carrier | Make/Model: EMB ERJ 140 ER/LR,Component: Other Documentation | Problem: ,Function: Technician Inspector | Human Factors: Time Pressure; Troubleshooting ,,Contributing Factors: Human Factors; Logbook Entry; Chart Or Publication; Airspace Structure; Aircraft | Primary Problem: Human Factors,IN THE MORNING I WAS SENT TO THE HANGAR TO TAKE A TURNOVER TO/FROM THE PREVIOUS SHIFT ON 2 ACFT. WHILE GETTING A TURNOVER AND GETTING THE MECHS SET TO WORK; THE INSPECTOR TOLD ME THAT THE BASE MGR HAD SIGNED OFF A BLOCK ON WORK CARD. IT WAS THE ONLY ONE LEFT AND OF THE 2 PREVIOUS SHIFT GUYS WORKING; ONE WAS GOING ON A ROAD TRIP; THE OTHER WAS OFF DUTY AT XA00. THE INSPECTOR THEN INFORMED ME THAT NO ONE COULD CONFIRM THAT BASE MGR HAD DONE THE WORK OR JUST WIPED IT. AFTER THE INSPECTOR ASKED WHAT THE STORY WAS THE BASE MGR TOLD THE INSPECTOR THAT YOU DID NOT HAVE TO DO THE INSPECTION BECAUSE THE WINDS NEVER WENT OVER 50 KTS SO HE PROCEEDED TO THEN 'NOT APPLICABLE' (NA) THE BLOCK AND SIGN OFF THE LOGBOOK. THERE WAS ABOUT A 3 HR PERIOD WHERE THE WORK CARD WAS SIGNED OFF AND AFTER THAT; IT WAS NA'ED. THE LOGBOOK WAS SIGNED OFF SAYING THE WORK CARD WAS CLRED AND WORKED.,AN EMB140 HAD A MAINT CHK JOB CARD BLOCK SIGNOFF BY A BASE MGR AS 'NOT APPLICABLE' WITH NO EXPLANATION OF SIGNOFF ON JOB CARD.,
667367,ASRS Database Online custom search,turnover,200507,Operator: Air Carrier | Make/Model: B767-300 and 300 ER,Component: Engine Vibration Indication | Problem: ,Function: Lead Technician  | Human Factors: Troubleshooting ,,Contributing Factors: Chart Or Publication; Human Factors; Manuals; Aircraft | Primary Problem: Human Factors,I INSTALLED THE INCORRECT VIBRATION MONITOR DUE TO SOME CONFUSION THAT THE MAINT MANUAL CREATED BECAUSE IT SHOWS THAT ALL DIFFERENT TYPES OF VIBRATION MONITORS CAN BE INSTALLED ON THE B767-300ER. THE ONLY SOLUTION FOR THIS PROB THAT I CAN COME UP WITH IS TO REMOVE ALL THE INFO IN THE MAINT MANUAL THAT REFERS TO THE EFFECTIVITY OF THE TAIL NUMBERS. THE IPC SHOULD HAVE ALL JURISDICTION AS TO WHAT PARTS BELONG ON THE CORRECT TAIL NUMBER ACFT. I HAVE SUBMITTED A CHANGE REQUEST TO THE MANUAL DEPT. I TOOK A VERBAL TURNOVER FROM THE OUTBOUND CREW THAT THEY ENCOUNTERED A VIBRATION PROB ON TAXI IN. I PUT THE WRITE-UP IN THE LOGBOOK AND LOOKED UP THE HISTORY OF THE ACFT. THE ACFT HAD ENCOUNTERED ONE PREVIOUS PROB. I DECIDED TO CHANGE THE VIBRATION MONITOR AFTER I HAD INSPECTED THE ENG AND ALL OF THE WIRING AND SENSORS. I DID NOT DETECT ANY PROBS IN ANY OF THE SYS. I LOOKED THE PART UP IN THE IPC AND PULLED UP THE MAINT MANUAL. I ORDERED THE PART AND INSTALLED IT. I PLACED THE VIBRATION MONITORING SYS ON MAINT CARRY OVER. I SIGNED THE AIRWORTHINESS RELEASE AND RELEASED THE ACFT. AFTER DEP; I WAS INFORMED THAT THE PART EFFECTIVITY DID NOT MATCH THE ACFT.,A B767-300ER WAS DISPATCHED WITH THE INCORRECT VIBRATION MONITOR INSTALLED. RPTR STATES CONFLICT EXISTS BTWN MAINT MANUAL AND IPC IN REFING TAIL NUMBERS.,
671320,ASRS Database Online custom search,turnover,200509,Operator: Air Carrier | Make/Model: B737-300,Component: Electrical Wiring & Connectors | Problem: ,Function: Technician Technician | Human Factors: Troubleshooting; Time Pressure ,,Contributing Factors: Aircraft; Logbook Entry; Human Factors; Chart Or Publication | Primary Problem: Human Factors,WHILE TROUBLESHOOTING A COCKPIT AIRFLOW LOGBOOK WRITE-UP; I REMOVED AN INST PANEL AND ASSOCIATED CANNON PLUGS INCLUDING #1 AND #2 ENG N1 TACHOMETER INDICATOR CANNON PLUGS. I REINSTALLED ALL PANELS AND CANNON PLUGS. THE AIRFLOW PROB WAS STILL BEING WORKED AS MY SHIFT ENDED. OTHER ITEMS WERE ALSO BEING WORKED ON THE ACFT ON MY SHIFT. WE WORKED UNTIL APPROX 15-20 MINS BEFORE THE END OF THE SHIFT. A CO-WORKER WAS COMPLETING LOGBOOK ENTRIES AND FILLING OUT THE TURNOVER RPT. AS THERE IS ONLY 1 LOGBOOK AND 1 TURNOVER RPT BOOK; I HAD TO WAIT WHILE THEY WERE BEING FILLED OUT BY THE OTHER MECH. AS I WAITED; I DISCUSSED WHAT I DID AND WHAT HAD TO BE DONE WITH THE CREW THAT WAS TAKING OVER. WHEN THE PAPERWORK BECAME AVAILABLE; PROCEEDED TO FILL OUT A DETAILED TURNOVER RPT; BUT FAILED TO INCLUDE AN ENG RUN BEING REQUIRED TO CHK OUT THE GAUGES WHICH HAD THE CANNON PLUGS REMOVED AND REINSTALLED. I DID NOT ALLOW SUFFICIENT TIME FOR A COMPLETE WRITTEN TURNOVER. I WAS CARPOOLING AND ALLOWED MYSELF TO BE RUSHED; AND RELY ON VERBAL COMS IN A RUSHED ATMOSPHERE. I HAD CROSSED THE CANNON PLUGS OF #1 AND #2 TACHOMETERS WHICH WAS NOT DISCOVERED PRIOR TO BEING RELEASED. AN ENG RUN WAS NOT ACCOMPLISHED PRIOR TO BEING RELEASED. THE PROB WAS DISCOVERED AT PUSHBACK FROM THE GATE FOR A REVENUE FLT.,A B737-300 WHILE BEING WORKED FOR A COCKPIT AIRFLOW HAD AN ENG INST PANEL REMOVED. N1 INDICATOR CONNECTORS WERE DISCONNECTED. ON REINSTALLING INDICATORS #1 ENG AND #2 ENG CONNECTORS WERE MISTAKENLY SWAPPED.,
672746,ASRS Database Online custom search,shift_change,200509,Operator: Air Carrier | Make/Model: B737-700,Component: Engine Driven Pump | Problem: Malfunctioning,Function: Inspector Inspector | Human Factors: Troubleshooting ,,Contributing Factors: Aircraft; Human Factors; Chart Or Publication; Airspace Structure | Primary Problem: Human Factors,I VISUALLY INSPECTED THE FUEL PUMP INSTALLATION ON ACFT. DUE TO TIME ALLOWANCE/SHIFT CHANGE; I WAS NOT ABLE TO WITNESS THE FUEL PUMP LEAK CHK. NEXT SHIFT MAINT PROCEEDED WITH THE FUEL PUMP LEAK CHK. IF ANY LEAKS WERE DETECTED DURING THE ENG RUNS; MAINT SHOULD HAVE DOCUMENTED SUCH ITEMS. I FEEL VERY STRONGLY MY PART OF THE VISUAL INSPECTION WAS SATISFACTORILY COMPLETED. TO THE BEST OF MY KNOWLEDGE; THERE WAS NO MECHANICAL BREAKDOWN OF THE FUEL PUMP.,A B737-700 ENG DRIVEN FUEL PUMP WAS INSTALLED AND INSPECTED BY THE RPTR. LEAK CHK WAS TURNED OVER TO NEXT SHIFT.,
672772,ASRS Database Online custom search,shift_change,200509,Operator: Air Carrier | Make/Model: B737-300,Component: Electrical Wiring & Connectors | Problem: ,Function: Technician  | Human Factors: Time Pressure; Troubleshooting ,,Contributing Factors: Aircraft; Chart Or Publication; Human Factors | Primary Problem: Human Factors,SEP/WED/05 BEFORE SHIFT CHANGE; ACFT X RETURNED TO GATE FOR TKOF WARNING. (TKOF WARNING SWITCH FAILED.) TO GAIN MORE ACCESS FOR TKOF WARNING TEST SWITCH; I DISCONNECTED FLT DECK HYD BRAKE PRESSURE INDICATOR CANNON PLUG AND #2 OIL PRESSURE GAUGE CANNON PLUG. AFTER TKOF WARNING SWITCH REPLACEMENT; I RECONNECTED CANNON PLUGS. CIRCUIT BREAKER FOR HYD BRAKE PRESSURE INDICATOR TRIPPED. PLACED BRAKE PRESSURE INDICATOR ON MEL. SEP/THU/05 ON OVERNIGHT; FOUND OUT THAT CANNON PLUGS WERE SWAPPED; MECH ON OVERNIGHT RECONNECTED AND CLRED MEL.,A B737-300 DURING A TKOF WARNING TEST SWITCH REPLACEMENT THE BRAKE PRESSURE INDICATOR AND #2 OIL PRESSURE INDICATOR CANNON PLUGS WERE DISCONNECTED. ON CLOSE-UP INSPECTION; THE CANNON PLUGS WERE INADVERTENTLY SWAPPED.,
673624,ASRS Database Online custom search,shift_change,200509,Operator: Air Carrier | Make/Model: B737-700,Component: VHF | Problem: Failed,Function: Technician Technician | Human Factors:  ,,Contributing Factors: Aircraft; Environment - Non Weather Related; Company Policy | Primary Problem: Ambiguous,SEP/FRI/05 AT XA10 DURING INFORMAL QUESTIONING ON THE HANGAR FLOOR; 2 FAA INSPECTORS BROUGHT IT TO MY ATTN THAT THEY WERE INVESTIGATING AN OCCURRENCE ON ACFT #X IN WHICH THE #2 VHF ANTENNA HAD FALLEN FROM THE ACFT NEAR THE ARPT. THEY QUESTIONED ME DUE TO THE FACT THAT MY EMPLOYEE NUMBER WAS WRITTEN ON THE ANTENNA'S SVCABLE TAG IN THE 'INSTALLED BY' BLOCK. UPON MY INVESTIGATION THEREAFTER MY RECOLLECTION OF MY INVOLVEMENT WAS REFRESHED AS TO HAVING ONLY PREPARED THE ANTENNA FOR INSTALLATION BY CLEANING AND PREPPING THE MOUNT SURFACE TO WHICH THE ANTENNA WOULD BE ATTACHED. THAT SURFACE WAS THEN INSPECTED AND GIVEN APPROVAL TO HAVE THE #2 ANTENNA INSTALLED. AT SHIFT CHANGE THE JOB OF INSTALLATION WAS GIVEN TO ANOTHER MECH. SUPPLEMENTAL INFO FROM ACN 673630: ON MAY/MON/05 I INSTALLED THE AFT LOWER VHF ANTENNA ON ACFT X IN ZZZ. I DO NOT REMEMBER THIS PARTICULAR INSTALLATION BECAUSE OF THE TIME THAT HAS LAPSED. THERE IS A COMPANY MAINT PUB TIP SHEET OUT THAT ALLOWS US TO USE A MESH GASKET WHICH REQUIRES NO SEALANT. TYPICALLY I WOULD CHK THE SCREW LENGTH BY ENGAGING THE FIRST SCREW THREAD AND GAUGING HOW FAR THE HEAD WAS PROTRUDING (SAME LENGTH AS THE THREADS). ON SEP/FRI/05 THE ANTENNA WAS WRITTEN UP AS MISSING. I DID NOT FIND OUT UNTIL SEP/FRI/05. I HAVE THOUGHT ABOUT WHAT COULD HAVE HAPPENED AND I CANNOT EXPLAIN HOW IT COULD HAVE COME LOOSE. I WOULD HAVE TORQUED THE 10 FASTENERS IN A SEQUENCE THAT WOULD KEEP THE ANTENNA PERPENDICULAR TO THE FUSELAGE BECAUSE THE ANTENNA CAN TILT TO ONE SIDE IF THEY ARE NOT TORQUED IN SUCH A SEQUENCE. AFTER THE BOND CHK; I WOULD HAVE TORQUED THE FINAL SCREW AND SHOOK THE ANTENNA TO SEE THAT IT WAS SECURE AFTER TOUCH-UP PAINT; I WOULD CALL INSPECTION AND THE INSPECTOR WOULD HAVE CHKED THE FASTENERS VISUALLY AND SHOOK THE ANTENNA FOR SECURITY; BEFORE HE BOUGHT BACK THE INSTALLATION. I WAS TOLD THAT THE LAST FASTENERS THAT WERE FOUND WERE ON THE L SIDE OF THE ANTENNA. IT SEEMS POSSIBLE TO ME THAT THIS COULD BE CONSISTENT WITH A BELT LOADER PUSHING THE ANTENNA TO THE L SIDE SHEARING THE R SIDE FASTENERS FIRST. I WAS ABLE TO INSPECT THE ANTENNA AND COULD SEE EVIDENCE OF ALL 10 SCREWS ON THE COUNTER SINK SURFACE. THE GALLING SEEMED MORE PREVALENT ON THE L SIDE; SUGGESTING THE R SIDE GAVE AWAY FIRST. IF THE ANTENNA WAS HANGING AT THAT POINT; IT WOULD HAVE SHEARED THE L SIDE AS SOON AS IT WAS AIRBORNE AGAIN. THIS SEEMS TO BE CONSISTENT WITH THE ANTENNA BEING FOUND AT AN ARPT. I WONDERED WHAT THE ODDS OF IT COMING OF AT THE ARPT UNLESS IT WAS DAMAGED AT THAT ARPT. I COULD NOT FIND ANY EVIDENCE OF SIDE IMPACT BUT THE LOADERS HAVE RUBBER BUMPERS THAT COULD PUSH THE ANTENNA WITHOUT GOUGING IT. SUPPLEMENTAL INFO FROM ACN 674096: I RECEIVED NOTICE THAT AN ANTENNA HAD FALLEN OFF OF ACFT. I WAS ALSO INFORMED THAT I HAD BOUGHT THE INSTALLATION DURING A MAINT VISIT SOME TIME IN MAY OF 2005. I CANNOT REMEMBER EXACTLY WHEN I BOUGHT THIS ITEM; BUT GENERALLY WHEN BUYING THE INSTALLATION OF ANY COMPONENT ON THE ACFT; I ALWAYS CHK FOR SECURITY OF INSTALLATION PER MAINT MANUAL AND OPS CHK PER MAINT MANUAL.,A B737-700 HAD #2 VHF ANTENNA REPLACED IN MAY 2005. ANTENNA DEPARTED THE ACFT 5 MONTHS AFTER INSTALLATION. RPTR SUSPECTS ANTENNA STRUCK BY BELT LOADER.,
681899,ASRS Database Online custom search,turnover,200510,Operator: Air Carrier | Make/Model: MD-80 Series (DC-9-80) Undifferentiated or Other Model,Component: Fan Blade | Problem: ,Function: Technician Technician | Human Factors: Communication Breakdown; Time Pressure; Troubleshooting ,,Contributing Factors: Human Factors; Aircraft; Chart Or Publication; Environment - Non Weather Related; Logbook Entry | Primary Problem: Human Factors,AS EXPLAINED; DAMAGE TO THE C-1 DISK BLADES EXCEED MAINT MANUAL LIMITS. ON OCT/FRI/05 RECEIVED A TURNOVER FROM ON WORK IN PROGRESS ON BLADE BLENDING. AFTER TODAY; SEEING THE PHOTOS OF THE BLADES IN THEIR PRESENT CONDITION; I CAN STATE THAT NONE OF THE BLADES WERE IN THIS CONDITION OCT/FRI/05. ALL DAMAGE IN WORK ON OCT/FRI/05 WAS AT THE BLADE TIP AND ACOUSTIC LINER. ENG WAS REPAIRED ON DEC/WED/05 AT ZZZ.,AN MD80 ENG C-1 DISC HAD BLADE DAMAGE EXCEEDING MAINT MANUAL LIMITS. BLADES WERE BLENDED. PHOTOS INDICATE THE REWORK ON THE BLADES WAS NOT IN THE DAMAGED AREAS. REPAIR ACCOMPLISHED LATER AT A DOWNLINE STATION.,
681931,ASRS Database Online custom search,turnover,200512,Operator: Air Carrier | Make/Model: MD-80 Series (DC-9-80) Undifferentiated or Other Model,Component: Fan Blade | Problem: ,Function: Technician Lead Technician | Human Factors: Troubleshooting ,,Contributing Factors: Logbook Entry; Chart Or Publication; Human Factors; Aircraft | Primary Problem: Human Factors,I WAS ASSIGNED TO COMPLETE REPAIR OF INTERCOSTAL BLANKET FOD FAN BLADES AND DEBURR ROUGH EDGE OF ALREADY COMPLETED REPAIR. REQUIRE PHOTOS AND SIGNOFF AT END OF EACH SHIFT. REVIEW AND TURNOVER PRIOR TO END OF SHIFT BY SUPVR AND CREW CHIEF.,AN MD80 ENG INTERCOSTAL BLANKET AND FAN BLADE REPAIR OF DAMAGE CAUSED BY FOREIGN OBJECT INGESTION.,
682860,ASRS Database Online custom search,turnover,200512,Operator: Corporate | Make/Model: Gulfstream I (Large Turboprop),Component: Rudder | Problem: ,Function: Technician; Inspector Lead Technician | Human Factors: Troubleshooting ,,Contributing Factors: Manuals; Human Factors; Aircraft; Airspace Structure; Chart Or Publication; Logbook Entry | Primary Problem: Human Factors,WHEN ARRIVING AT WORK ON DEC/TUE/05 I WAS GETTING MY TURNOVER AND WORK ASSIGNMENTS WHEN THE LEAD TOLD ME ABOUT A RUDDER THAT WAS AT ANOTHER HANGAR WHICH NEEDED TO BE BALANCED. I HAD SEVERAL PROJECTS IN WORK; SO ASSUMED HE WOULD GET WITH ME WHEN HE WANTED ME. WHEN CALLED; I DROVE TO HANGAR AND MET MECH WORKING THIS ISSUE. WE HAD SEVERAL; BUT NOT ALL SHEETS OF MAINT MANUAL REF. HE ALSO HAD AN EXPERIENCED MECH HELPING HIM SET UP BAL BEAM; ETC. I QUESTIONED THEM BUT THEY SAID THE VERBIAGE WAS CONFUSING BUT FIGURES WERE ACCURATE. WHAT I HAD OF THE VERBIAGE WAS CONFUSING; BUT SETUP FOR THE MOST PART REPRESENTED WHAT WE ACTUALLY HAD SET UP ON THE BAL BEAM. THEY WALKED ME THROUGH THE PROC; WE ADDED ONE WT AND SINCE THE SIGNATURE PAPERWORK WAS NOT THERE; DISASSEMBLED THE JIG AND BOTH HEADED BACK TO NORMAL WORK PLACE. LATER; I WAS CALLED TO SIGN PAPERWORK. I WENT AND PRINTED COMPLETE MAINT MANUAL REF G-100 MAINT MANUAL 51-60-00; AND QUICKLY REVIEWED IT AND SIGNED PAPERWORK PRIOR TO LEAVING FOR THE NIGHT. I KEPT PAPERWORK AND AFTER READING IT SEVERAL TIMES MORE THOROUGHLY; THE NEXT DAY BECAME INCREASINGLY SKEPTICAL. I FELT OUT ONE MORE EXPERIENCED INSPECTOR; BUT HE ALSO WAS UNSURE OF THE PROCESS. THE PAPERWORK WAS DONE AND AT THIS POINT I FELT WE HAD A TIME PROVEN PROCESS AND NO CAUSE FOR IMMEDIATE CONCERN; BUT SINCE PAPERWORK WAS AMBIGUOUS AND NOT FOLLOWED TO THE LETTER; I AM PROTECTING MYSELF AS WELL AS STARTING PROCESS OF CLARIFYING BALANCING PROCESS.,A G100 TECHNICIAN TAKING THE TURNOVER ON A RUDDER BAL PROC FINDS THE WRITTEN INSTRUCTIONS CONFUSING BUT RELIED ON A TIME PROVEN PROCESS AND TECHNICAL EXPERIENCE. REQUESTED MANUAL REVISION CLARIFICATION.,
683690,ASRS Database Online custom search,turnover,200601,Operator: Air Carrier | Make/Model: B737 Undifferentiated or Other Model,Component: Ignition Electrical Supply | Problem: Malfunctioning,Function: Technician Technician | Human Factors: Troubleshooting; Time Pressure ,,Contributing Factors: Human Factors; Aircraft; Chart Or Publication; Logbook Entry | Primary Problem: Human Factors,CREW CALLED; ASKED FOR CIRCUIT BREAKER COLLAR AND ALSO HAD ANOTHER WRITE-UP FOR A POPPED CIRCUIT BREAKER. ME AND MR X WENT OUT TO THE ACFT. WE FOUND L #2 ENG CIRCUIT BREAKER POPPED. WE CHKED THE MEL ON THE LOGBOOK COVER AND FOUND THE SYS ON MEL FROM THE PREVIOUS STATION. WE CHKED THE MEL FOR MAINT PROC AND FOUND NONE; SO WE PROCEEDED WITH RESETTING THE CIRCUIT BREAKER FOR THAT SYS AND SIGNED OFF THE LOG PAGE AS PREVIOUSLY DEFERRED SYS PER THE MEL. MR X THEN GAVE THE LOGBOOK TO THE FLT CREW; THEN AFTER 1-2 MINS; MR X CAME OUT AND SAID THE CREW ASKED; 'WHAT IF THE CIRCUIT BREAKERS POPPED AGAIN?' I DID NOT HAVE AN ANSWER NOR DID MR. X. MR X CALLED MR Y BACK IN ZZZ1 AND PRESENTED HIM WITH THE SAME QUESTION. MR Y TOLD HIM TO SEE IF WE COULD CHANGE THE IGNITION BOX/LEAD; SO WE WENT BACK TO THE OFFICE/SHOP TO DISCUSS THIS WITH NEXT SHIFT LEAD; MR Z. BECAUSE IT WAS VERY CLOSE TO TURNOVER TIME AND NEXT SHIFT WOULD HAVE A TI-IN; MR Z SAID WE SHOULD BE ABLE TO LEAVE THE SYS ON MEL; AND HE TALKED TO ZZZ1 AND MR Y AND THEY BOTH AGREED TO NOT DO ANYTHING BUT PULL CIRCUIT BREAKERS AND LEAVE IT ON MEL. I AGREED WITH HIM AND MR Z CAME OUT TO SPEAK WITH THE CREW. AFTER SPEAKING TO THE CREW THEY ALSO AGREED TO THAT AND NOTING THAT THE CIRCUIT BREAKER IS LEFT OUT. THEN AFTER I GOT HOME I CALLED MY MGR MR W AT HOME TO ASK HIM IF WE COULD HAVE DONE ANYTHING DIFFERENTLY. HE CONTACTED ZZZ; MR Y; AND TECHNICAL SVC; MR A; AND THEY BOTH AGREED WE COULD LEAVE THE CIRCUIT BREAKER OUT AND THAT MR W IS GOING TO BRING UP THE ISSUE WITH ENG THE NEXT DAY AND GET BACK TO ME WITH THE ANSWER.,B737 HAS A TRIPPED CIRCUIT BREAKER RPT. TECHNICIANS FIND #2 ENG IGNITION BREAKER TRIPPED. RESET BREAKER. FLT CREW QUESTIONED WHAT TO DO IF BREAKER TRIPPED AGAIN. BREAKER WAS SUBSEQUENTLY PULLED AND SYS LEFT ON MEL.,
686451,ASRS Database Online custom search,turnover,200602,Operator: Air Carrier | Make/Model: B757-200,Component: Fan Blade | Problem: ,Function: Technician Lead Technician | Human Factors: Troubleshooting ,,Contributing Factors: Aircraft; Chart Or Publication; Environment - Non Weather Related; Human Factors; Manuals; Airspace Structure | Primary Problem: Human Factors,2 OTHER MECHS AND I WERE ASSIGNED TO INSTALL #1 ENG FAN ASSEMBLY BACK TOGETHER THAT WAS REMOVED ON PREVIOUS SHIFT ON A B757. IT WAS A MAINT TURNOVER. IT WAS QUITE APPARENT FROM THE VERY START OF PUTTING THIS ACFT ENG BACK TOGETHER -- THAT THE FAN BLADES AND THE ANNULUS FILLINGS THAT GO BTWN THE BLADES WERE MARKED WRONG BY PREVIOUS SHIFT MECHS WHILE/DURING REMOVAL OF THE BLADES/FILLERS ON #1 ENG. PAPERWORK/TURNOVER WAS THE WORST I'VE SEEN ON THIS TYPE OF JOB. I ASKED ONE OF THE MECHS WHO WORKED THE JOB AND EVEN HE SAID IT WAS A SCREW-UP TURNOVER AND WISHED US 'GOOD LUCK' PUTTING IT ALL BACK TOGETHER CORRECTLY. AS HE PUNCHED OUT AT THE TIME CLOCK; I CONFIRMED WITH POWERPLANT ENGINEER; MY FOREMAN; AND MY LEAD MECH ABOUT THIS HORRIBLE TURNOVER AND THEY ALL TOLD ME AND MY FELLOW MECHS TO 'DO YOUR BEST TO MAKE IT ALL RIGHT!' I DID JUST THAT. WE DID OUR BEST TO REINSTALL THE ENG FAN ASSEMBLY CORRECTLY. I FELT VERY UNCOMFORTABLE ABOUT BEING PUT IN THIS POS. IT WASN'T RIGHT FOR ME TO HAVE TO CLEAN UP THIS MESS.,A B757-200 #1 ENG FAN ASSEMBLY INSTALLATION TURNOVER TO NEXT SHIFT WAS POOR TO WORTHLESS AS BLADES AND ANNULUS PARTS WERE MARKED INCORRECTLY.,
687322,ASRS Database Online custom search,turnover,200602,Operator:  | Make/Model: B737-300,Component: Other Documentation | Problem: ,Function: Lead Technician Technician | Human Factors: Communication Breakdown ,,Contributing Factors: Logbook Entry; Human Factors; Company Policy; Aircraft; Airspace Structure; Chart Or Publication | Primary Problem: Human Factors,THIS ACFT WAS A LEFTOVER FROM HANGAR ROUTINE OVERNIGHT. IT HAD A CRACK ON THE L SIDE OF THE FUSELAGE. ON TURNOVER; HANGAR ROUTINE OVERNIGHT STATED TO ME THE PACKAGE WAS COMPLETE; ALL BUT THE CRACK IN THE FUSELAGE AND THE AFT CARGO WHERE THEY REMOVED SIDEWALL PANELS TO DO THE REPAIR. WHEN THE REPAIR WAS DONE; WE CLOSED THE CARGO BIN UP AND ALL THE PAPERWORK FOR OUR SHIFT WAS COMPLETED INCLUDING LEAK CHK ON ENGS AND CLOSING THE COWLINGS. AT THIS POINT I DID NOT KNOW ABOUT THE SECOND COVER SHEET AND I DID NOT KNOW OF AN 'A' CHK IN THE PACKAGE. THERE WERE MORE BLOCKS ON THE 'A' CHK FOR CLOSING OF THE COWLINGS AND LEAK CHKS OF THE ENGS -- DUPLICATE PAPERWORK WHICH I WAS UNAWARE OF. POSSIBLE CAUSE OF THIS EVENT COULD HAVE BEEN THE LACK OF A MORE THOROUGH TIE-IN; ME NOT LOOKING AT THE PAPERWORK CLOSELY ENOUGH; AND THE LACK OF A SECOND AND THIRD PAIR OF EYES ON THE PAPERWORK. THIS PROB COULD HAVE BEEN PREVENTED IF A SECOND PERSON WOULD HAVE GONE THROUGH THE PACKAGE AND WHEN A PACKAGE IS THIS LARGE; IT SHOULD HAVE GONE THROUGH A COORDINATOR TO BE INSPECTED BEFORE THE AIRPLANE WAS EVER RELEASED. ADDITIONALLY; IF THIS AIRPLANE HAD BEEN ON THE COMPUTER PROGRAM IT COULD NEVER HAVE LEFT THE HANGAR WITH ANYTHING OPEN. WE USE THE COMPUTER PROGRAM IN STRUCTURES AND 'B' AND 'C' CHKS. IF HANGAR ROUTINE OVERNIGHT WERE USING THE COMPUTER PROGRAM THIS PROB NEVER WOULD HAVE OCCURRED BECAUSE THE COMPUTER PROGRAM WILL NOT ALLOW THE PACKAGE TO BE CLOSED UNLESS EVERY BLOCK IS FILLED OUT.,A B737-300 WAS DISPATCHED WITH AN 'A' CHK NOT ACCOMPLISHED. CHK WAS ADDED WHILE ACFT WAS OTS FOR A STRUCTURAL REPAIR.,
687495,ASRS Database Online custom search,turnover,200602,Operator: Air Carrier | Make/Model: A300,Component: Engine Air Pneumatic Ducting | Problem: ,Function: Technician Technician | Human Factors: Time Pressure; Troubleshooting; Communication Breakdown ,,Contributing Factors: Aircraft; Airspace Structure; Chart Or Publication; Company Policy; Environment - Non Weather Related; Human Factors; Logbook Entry | Primary Problem: Human Factors,ON FEB/THU/06 MY PARTNER AND I WERE ISSUED A WORK ASSIGNMENT #X TO REMOVE AND REPLACE #2 ENG NOSE COWL. DURING THE COURSE OF OUR 10 HR SHIFT; WE MANAGED TO REMOVE AND PARTIALLY INSTALL THE #2 ENG NOSE COWL AS PER MAINT MANUAL 71-11-00. WE WERE ONLY ABLE TO SECURE THE NOSE COWL TO THE ENG WITH 6 BOLTS AND THEN RAN THE REST IN WITH OUR FINGERS; LEAVING THE BOLTS ONLY FINGER TIGHT. DUE TO THIS; AT THE END OF SHIFT WE ASKED OUR SUPVR IF HE WOULD LIKE US TO STAY TO FINISH THE INSTALLATION. AT THIS REQUEST WE GOT NO RESPONSE. HE JUST ASKED US WHERE; OR AT WHAT STEP; WE LEFT THE NOSE COWL INSTALLATION. MY PARTNER AND I INFORMED HIM THAT THE BOLTS WERE TEMPORARILY INSTALLED AND THAT THE COWL NEEDED EVERYTHING HOOKED UP AND TORQUED. AT THIS POINT WE SHORT SIGNED THE LOGBOOK AS INSTALLING THE #2 ENG NOSE COWL IN ACCORDANCE WITH MAINT MANUAL 71-11-00-4 STEP 3C(4) LOG PAGE X ITEM 2. THIS STEP DOES NOT PRESENT THE NOSE COWL INSTALLATION ACCORDINGLY. THIS STEP ACTUALLY LEAVES THE NOSE COWL NOT BEING INSTALLED AT ALL. OUR THOUGHT WAS BETTER TO BE SAFE AND BACK UP TO WHERE WE KNOW NOTHING WILL GET MISSED. IMAGINE THE SURPRISE OF THE NEXT SHIFT WHEN THEY CAME OUT AFTER THEIR TURNOVER AND FOUND THE NOSE COWL PARTIALLY INSTALLED. 12 FLT LEGS LATER THE NOSE COWL ANTI-ICE DUCT WHICH ATTACHES TO THE NOSE COWL FROM THE ANTI-ICE VALVE SEPARATED DOWNSTREAM OF THE VALVE. THIS CAUSED THE 15TH STAGE AIR FROM THE ENG TO BURN THROUGH THE COWL AFTER ENG ANTI-ICE WAS SELECTED. THE CREW WOULD HAVE HAD NO INDICATION OF ANYTHING GOING WRONG; AS THERE'S NO SYS WHICH MONITORS HEAT UNDER THE FAN COWLS. CONTRIBUTING FACTORS: CLAMP WAS LEFT LOOSE AND WENT UNNOTICED BY EVERYONE. CAUSES DAMAGE ONLY WHEN ANTI-ICE OPERATES. TURNOVER FROM SUPVRS DID NOT MATCH ACTUAL INSTALLATION NOR DID THE SHORT SIGN WE MADE. TEMPS LAST WKEND WERE IN THE TEENS AND SNOWING. NO METHODS CARD FOR A LENGTHY PROC. IN TURNOVER SITUATIONS; MECHS SHOULD BE ALLOWED TO TURN OVER DIRECTLY TO THOSE COMING ON SHIFT.,AN A300-600 HAD THE NOSE COWL ANTI-ICE DUCT SEPARATE FROM THE NOSE COWL AND THE 15TH STAGE BLEED AIR BURN THROUGH THE FAN COWLING. CAUSED BY POOR SHIFT TURNOVER.,
689931,ASRS Database Online custom search,turnover,200603,Operator: Air Carrier | Make/Model: Regional Jet 700 ER/LR (CRJ700),Component: Reverser Actuator | Problem: ,Function: Technician Lead Technician | Human Factors: Troubleshooting ,,Contributing Factors: Aircraft; Human Factors; Chart Or Publication | Primary Problem: Human Factors,ACFT X ARRIVED FROM THE GATE WITH THE DISCREPANCY OF #1 ENG HYD LEAK. THE INFO FROM THE GATE MECHS WAS THAT IT WAS A THRUST REVERSER ACTUATOR. I ENTERED THE INFO ON THE SUPVR DAILY TURNOVER AND MARKED THE RII BOX WITH A '?' BECAUSE IT WAS UNKNOWN IF IT WAS THE ACTUATOR THAT WAS LEAKING. THE MECHS INSPECTED THE #1 ENG AND DISCOVERED THE MANUAL DRIVE UNIT WAS LEAKING. WE ROBBED THIS PART FROM ACFT Y AND RETURNED THE ACFT TO SVC; NOT REALIZING THAT THE MANUAL DRIVE UNIT WAS ON THE RII LIST. DUE TO THE TIME OF NIGHT; I CONTINUED GETTING READY FOR MY TURNOVER; AND DID NOT THINK TO LOOK FOR THE DRIVE UNIT ON THE RII LIST.,A CRJ700 WAS RELEASED FOR SVC WITH THE #1 ENG THRUST REVERSER MANUAL DRIVE REPLACED BUT THE REQUIRED INSPECTION WAS NOT PERFORMED.,
691655,ASRS Database Online custom search,turnover,200603,Operator: Air Carrier | Make/Model: Regional Jet 200 ER/LR (CRJ200),Component: Trailing Edge Flap | Problem: ,Function: Inspector Quality Ctl manager | Human Factors: Time Pressure; Troubleshooting ,,Contributing Factors: Human Factors; Company Policy; Aircraft; Chart Or Publication; Environment - Non Weather Related | Primary Problem: Human Factors,ACFT HAD A ROLL PROB CORRECTABLE WITH EXCESSIVE TRIM. ON MAR/WED/06; A REPRESENTATIVE FROM BOMBARDIER WAS ONSITE TO HELP SOLVE THE PROB. 2 COMPANY MECHS WERE ON HAND TO CORRECT THE PROB. DURING MY ROUNDS; I HAD OBSERVED THAT ITEMS THAT HAD BEEN PREVIOUSLY RII'ED WERE BEING TAKEN APART AGAIN. I HAD INFORMED THE 2 MECHS THAT THEY SHOULD DOCUMENT WHAT THEY HAD DONE SO I COULD FLAG THE WORK CARDS FOR RII. AS TIME PROGRESSED; I NOTICED THAT THE WORK CARDS WERE STILL NOT GENERATED. I REITERATED TO THE MECHS THAT WORK CARDS SHOULD BE GENERATED TO DOCUMENT WHAT ITEMS WERE TAKEN APART. AS MY SHIFT WAS ABOUT TO END; I CHKED THE WORK PACK AND DISCOVERED THAT THE WORK CARDS FOR THE DISTURBED FLT CTLS WERE STILL NOT GENERATED. I SPOKE WITH 1 MECH AND GOT AN OVERVIEW OF WHAT NEEDED RII. WHEN MY SHIFT ENDED; I WROTE A TURNOVER IN THE INSPECTOR'S TURNOVER LOG AND VERBALLY INFORMED THE NEXT SHIFT INSPECTOR THAT RII IS NEEDED FOR THE FLAPS AND AILERON. THE MECHS DECIDED TO STAY AND CARRY ON THE REPAIR. WHEN I RETURNED TO WORK ON MAR/THU/06; I NOTICED THAT THERE WAS NO WORK CARDS GENERATED FOR THE FLAPS AND AILERON. AT THAT TIME; THE SUPVR INFORMED ME THAT ACFT WAS UNDERGOING TEST FLT. I CALLED THE QUALITY CTL MGR IMMEDIATELY TO INFORM HIM OF WHAT I HAD FOUND. THE QUALITY CTL MGR POINTED OUT THAT THE FLAPS HAD RECEIVED RII FROM THE PREVIOUS SHIFT INSPECTOR AND SHOWED ME THE WORK CARD. THE QUALITY CTL MGR GNDED THE ACFT AND A WORK ORDER WAS GENERATED TO HAVE BOTH AILERON ACTUATOR INTERCONNECT LINKS AND THE FLAPS FLEX SHAFT DRIVE CABLE INSPECTED AT THE ACTUATOR. UPON INSPECTION; IT WAS FOUND THAT THE R-HAND AILERON ACTUATOR INTERCONNECT LINK INBOARD BOLT AND NUT COTTER PIN WERE UNSATISFACTORY. UPON HAVING THE SAFETIES REDONE; I AUDITED BOTH WORK ORDERS. ON MAR/THU/06; WHILE OFF DUTY; I HAD A SUSPICION ON THE WORK CARD THAT THE QUALITY CTL MGR SHOWED ME. I CALLED THE NEXT SHIFT INSPECTOR AT WORK ASKING HIM TO RECHK ACFT'S WORK ORDERS. I HAD A SUSPICION THAT ALL 8 FLAP ACTUATORS WERE TAKEN APART IN ORDER TO MEASURE THE SHIM VALUES AS REQUESTED BY BOMBARDIER. WHEN I GOT TO WORK THAT NIGHT; THE NEXT SHIFT INSPECTOR HAD SET THE WORK ORDER ASIDE. I RE-EXAMINED IT AND THE ONLY WORK CARDS REFLECTING RII WERE FOR 4 FLAP ACTUATORS ONLY. I INFORMED THE QUALITY CTL MGR. AS OF MAR/XX/06; I WAS INFORMED THAT ACFT WAS ONCE AGAIN GNDED. CALLBACK CONVERSATION WITH RPTR REVEALED THE FOLLOWING INFO: THE RPTR STATED THAT THE TECHNICIANS WORKING THE FLAPS AND AILERONS REMOVAL AND REWORK DID NOT MAKE NON ROUTINE WRITE-UPS FOR REQUIRED INSPECTIONS ON THE COMPONENTS REMOVED; REWORKED AND INSTALLED. THEY WERE ASKED 3 TIMES TO DO THIS AS ONLY THE PERSONS REMOVING AND REWORKING THE COMPONENTS KNOW WHAT WAS ACCOMPLISHED. THE RPTR STATED THE PROB WITH THIS STATION IS QUALITY CTL AND REQUIRED INSPECTION ITEMS; WHILE NOT IGNORED; DOES NOT GET THE MGMNT ATTN TO ENSURE RII'S ARE DONE EACH AND EVERY TIME. THE JOB CARDS THAT REQUIRE INSPECTIONS ARE NOT FLAGGED OR PRINTED WITH ATTN GETTING NOTICE THAT THIS JOB REQUIRES AN INSPECTION. THE FAA IS NOW MAKING AN AUDIT OF THE QUALITY CTL DEPT AND IS CERTAIN TO MAKE CHANGES SEPARATING PRODUCTION FROM INSPECTION.,A CRJ200 HAD FLAPS AND AILERONS REMOVED AND REWORKED WITH NO NON ROUTINE CARDS WRITTEN TO ACCOMPLISH THE RII'S.,
696819,ASRS Database Online custom search,turnover,200605,Operator: Air Carrier | Make/Model: B757 Undifferentiated or Other Model,Component: Indicating and Warning - APU | Problem: ,Function: Technician Lead Technician | Human Factors: Communication Breakdown; Time Pressure ,,Contributing Factors: Environment - Non Weather Related; Chart Or Publication; Aircraft; Human Factors; Logbook Entry | Primary Problem: Human Factors,I SIGNED FOR BLOCK 7 OF THE ETOPS #1 CHK STATING THAT THE APU HOUR METER WAS INOP. IN FACT; THE HOUR METER HAD BEEN REPLACED DURING THE PREVIOUS SHIFT AT THE HANGAR; HOWEVER; THE PLACARD/MEL HAD NOT BEEN CLRED BECAUSE THE METER NEEDED AN OPS CHK. THERE WAS NO INOP STICKER ON THE HOUR METER; AND IT READ 000.6 SO I ASSUMED ANY PLACARD HAD BEEN CLRED AND DID NOT ESTIMATE APU HOURS PER BLOCK 7B; BUT RECORDED METER READING PER BLOCK 7A. UPON RETURN FLT THE METER OPS CHK AND PAPERWORK REMOVING PLACARD/MEL WAS ACCOMPLISHED. I REVIEWED ZZZ1 ETOPS TRAINING AND WILL IN THE FUTURE REVIEW THE LOG FOR APU HOUR METER ON PLACARD PRIOR TO SIGNING BLOCK 7 OF THE ETOPS #1 CHK. BLOCK 7 OF ETOPS #1 WORK CARD ONLY STATES TO 'CHK THE APU HOUR METER IN THE COCKPIT;' AND DOES NOT DIRECT THE MECH TO REVIEW LOG FOR HOUR METER ON PLACARD. NORMALLY THE LOG REVIEW IS ACCOMPLISHED BY THE LEAD TECH. THE PREVIOUS SHIFT LEFT NO 'INOP' STICKERS ON THE NEW APU HOUR METER AND DID NOT ACCOMPLISH AN OPS CHK TO REMOVE THE PLACARD FROM THE LOG. THERE WAS ALSO NO 'TURNOVER' RPT THAT THE METER NEEDED OPS CHK AND PLACARD/METER REMOVAL WHEN THE ACFT WAS DELIVERED TO THE GATE.,A B757-200 DURING AN OVERWATER INSPECTION THE APU HOUR METER WAS SIGNED OFF AS OPERATIVE. HOUR METER WAS OPERATIVE BUT NEEDED CHK DUE TO REPLACEMENT.,
697018,ASRS Database Online custom search,shift_change,200605,Operator: Air Carrier | Make/Model: B737-300,Component: INS / IRS / IRU | Problem: Malfunctioning,Function: Lead Technician Technician | Human Factors: Troubleshooting; Time Pressure ,,Contributing Factors: Logbook Entry; Manuals; Human Factors; Environment - Non Weather Related; Chart Or Publication; Aircraft | Primary Problem: Human Factors,AS LEAD MECH ON MY SHIFT I WAS AT THE GATE TO ASSIST THE ASSIGNED MECH IN TROUBLESHOOTING A RPTED INTERMITTENT FLICKERING 'DC FAIL' LIGHT WHICH WAS RPTED BY THE FLT DECK CREW. MY CO-WORKER MECH ENTERED THE FLT DECK AND DEBRIEFED THE CREW ABOUT THE DISCREPANCY WHICH WAS SUBSEQUENTLY RPTED TO ME VERBALLY AS THE #2 IRU 'DC FAIL' LIGHT FLICKERING ON INTERMITTENTLY IN CRUISE FLT. THE CAPT RPTED TO ME VERBALLY IN THE JETWAY THAT ALL OTHER COCKPIT INSTS APPEARED NORMAL. THE FLICKERING EVENTUALLY STOPPED AND NO OTHER INDICATIONS OF A PROB WITH ANY OTHER SYS WERE NOTED. AT THE GATE WE WERE UNABLE TO DUPLICATE ANY PROB WITH EITHER IRU SYS. WITH THE ASSISTANCE OF 2 FELLOW MECHS AND PHONE CONSULTATION WITH A TECHNICAL SUPVR WE EXAMINED THE WIRING DIAGRAM AND DETERMINED THAT 2 LIKELY CAUSES FOR THIS DISCREPANCY WOULD BE THE IRU AND THE INTEGRATED FLT ACCESSORY UNIT. WE REMOVED AND REPLACED BOTH OF THESE COMPONENTS PER THE MAINT MANUAL AND CONDUCTED CAT III RECERTIFICATION WITH NO OTHER DISCREPANCIES NOTED. I ENTERED THE CORRECTED ACTION IN THE LOGBOOK AND THE ACFT DEPARTED NORMALLY. JUST BEFORE SHIFT CHANGE AT XA45 THE DUTY LINE MAINT SUPVR BROUGHT TO MY ATTN THAT THE CORRECTIVE ACTION I HAD ENTERED IN THE LOGBOOK DID NOT AGREE WITH THE DISCREPANCY ENTERED BY THE CAPT. THE LOG DISCREPANCY INDICATED THAT THE PROB WAS WITH THE #1 IRU. I CONTACTED THE MECH WHO HAD ENTERED THE FLT DECK AND DEBRIEFED THE CREW TO VERIFY WHICH IRU THE CREW HAD INDICATED TO HIM WAS DISCREPANT. HE REAFFIRMED TO ME THAT IT WAS THE #2 IRU. AT THAT POINT I FIGURED THAT THE CAPT HAD ENTERED THE WRONG IRU POS IN HIS LOGBOOK WRITE-UP. PER THE MAINT PROCS MANUAL; I CORRECTED THE DISCREPANCY TO INDICATE THAT THE #2 IRU WAS THE DISCREPANT SYS. AFTER FURTHER THOUGHT AND A SECOND REVIEW OF THE RELATED MAINT HISTORY FOR ACFT; I FELT IT PRUDENT TO TRACK DOWN THE CAPT WHO HAD ENTERED THE DISCREPANCY TO VERIFY WITH HIM WHICH IRU SYS HE HAD INTENDED TO WRITE UP. I CONTACTED FLT OPS TO HAVE THE CAPT LOCATED AND A MESSAGE RELAYED TO HIM TO CONTACT ME ASAP. THE CAPT CALLED ME AT MY HOME AT XD10. HE INDICATED TO ME THAT HE HAD ENTERED THE DISCREPANCY INTO THE LOGBOOK AS THE PROB BEING WITH THE #1 IRU. APPARENTLY THERE HAD BEEN SOME CONFUSION DURING THE COCKPIT DEBRIEF WITH MY CO-WORKER. MY CO-WORKER MISTAKENLY RPTED TO ME THAT THE PROB WAS WITH THE #2 IRU. I CONTACTED THE LINE MAINT SUPVR. WE DETERMINED THAT ACFT WAS ALREADY ENRTE ON A REGULARLY SCHEDULED FLT. THE EVENING SHIFT WAS INSTRUCTED TO MEET THE ACFT UPON ARR AND DETERMINE IF THERE HAD BEEN ANY FURTHER PROBS WITH THE #1 IRU SYS AND CONDUCT FURTHER TROUBLESHOOTING AS REQUIRED TO VERIFY PROPER OP OF THE #1 IRU. THE LOGBOOK PAGE WAS CORRECTED ACCORDINGLY TO REFLECT THE CAPT'S ORIGINAL WRITE-UP AS BEING WITH THE #1 IRU. ACTION TO PREVENT FURTHER OCCURRENCES: READ LOGBOOK WRITTEN DISCREPANCY REGARDLESS OF WHAT INFO IS VERBALLY COMMUNICATED TO ME BY INVOLVED INDIVIDUALS.,A B737-300 WAS DISPATCHED WITH #2 IRU AND THE #2 ACCESSORY UNIT REPLACED AND AUTOLAND CHK OK. LOG RPT WAS #1 INERTIAL REF 'DC' FAIL.,
703613,ASRS Database Online custom search,turnover,200607,Operator: Air Carrier | Make/Model: B737-800,Component: Horizontal Stabilizer | Problem: ,Function: Lead Technician Technician | Human Factors: Time Pressure; Troubleshooting ,,Contributing Factors: Logbook Entry; Human Factors; Environment - Non Weather Related; Aircraft; Chart Or Publication | Primary Problem: Human Factors,FLT ARRIVED AT GATE AT XA08. RAMP RPTED DENT FOUND AT L HORIZ STABILIZER LEADING EDGE APPROX 6 FT OUTBOARD FROM FUSELAGE. MECH WORKING THIS ITEM WAS REASSIGNED TO ANOTHER ACFT BEFORE DENT INSPECTION WAS COMPLETED. ANOTHER MECH WAS ASSIGNED TO COMPLETE CLEAN-UP OF DAMAGED AREA. MEASUREMENT OF DENT WAS NOT COMPLETED AND EVALUATION OF DAMAGE ALSO NOT COMPLETE. I ASSUMED DENT INSPECTION WAS COMPLETE AND IN COMPLIANCE WITH SRM. PROB CAUSED BY A LACK OF COM AND VERBAL TURNOVER.,A B737-800 MAY HAVE BEEN RELEASED WITHOUT PROPER INSPECTION OF A DENT IN THE L HORIZ STABILIZER LEADING EDGE. DAMAGE INSPECTION REQUIRED PER STRUCTURAL REPAIR MANUAL.,
705672,ASRS Database Online custom search,turnover,200606,Operator: Air Carrier | Make/Model: ATR 72,Component: Propeller Control | Problem: Failed,Function: Technician Technician | Human Factors:  ,,Contributing Factors: Incorrect / Not Installed / Unavailable Part; Human Factors; Logbook Entry | Primary Problem: Human Factors,ON FEB/THU/06; 2 MECHS AND MYSELF WERE SENT TO ZZZZ1 TO PERFORM FIELD WORK ON AN ACFT. WHEN WE ARRIVED; THE PART WAS NOT AVAILABLE. AT THIS TIME MAINT CTL ORDERED US TO INSTALL THE PARTS THAT WERE REMOVED BY THE PREVIOUS CREW AND TO PERFORM AN ENG RUN-UP FOR TROUBLESHOOTING PURPOSES. WE DID SO; AND THE PROB PERSISTED. WE CONTACTED MAINT CTL AND GAVE A VERBAL TURNOVER OF THE ACFT STATUS. AT THIS TIME MAINT CTL TOLD US TO RETURN TO ZZZZ AND THAT THE PART THAT WAS NEEDED TO CORRECT THE PROB WAS GOING TO BE SENT WITH A MAINT CREW THAT WERE GOING TO REPLACE US. SINCE THE PROB WAS NOT CORRECTED BY THE WORK THAT WE PERFORMED; WE DID NOT WRITE A TURNOVER PLUS WE DID INFORM MAINT CTL. I WOULD LIKE TO ADD THAT SAFETY WIRE WAS USED INSTEAD OF A COTTER PIN; BECAUSE WE DID NOT HAVE ANY AT THE MOMENT AND NO DOCUMENTATION OF THIS WAS WRITTEN; BECAUSE THE PVM WAS GOING TO BE REPLACED.,AN ATR72 AT A NON MAINT STATION WITH A FAILED PROP CTL UNIT. TECHNICIANS WERE REQUESTED TO REINSTALL REMOVED UNSERVICEABLE UNIT AND TEST RUN. UNIT WAS FOUND UNSERVICEABLE ON RUN. TECHNICIANS MADE NO WRITE-UPS ON ACTION TAKEN OR CREW TURNOVER WRITE-UPS.,
705781,ASRS Database Online custom search,turnover,200608,Operator: Air Carrier | Make/Model: EMB ERJ 145 ER/LR,Component: Switch | Problem: Failed,Function: Technician Technician | Human Factors: Time Pressure; Troubleshooting ,,Contributing Factors: Environment - Non Weather Related; Aircraft; Chart Or Publication; Human Factors | Primary Problem: Human Factors,WE HAVE A CALL FOR PITCH TRIM SWITCH (FO'S SIDE) INOP. I TOOK THE CALL AND WENT TO GET THE SWITCH FROM STOCK. I WAS INFORMED THAT WE DID NOT HAVE THE SWITCH IN STOCK AND THERE WERE NONE IN THE SYS. MR X CAME TO HELP ME. WE CHKED FOR OTHER SYS THAT MAY AFFECT FO'S PITCH TRIM PROB. I WAS CALLED BY MY SUPVR TO CANNIBALIZE THE SWITCH FROM ACFT AT THE HANGAR. I WENT TO THE HANGAR; PRINT THE AMM PAGE (PRE MOD) SAID NOTE: UNSOLDER THE WIRES; AND 4(A) (POST MOD) DISCONNECT WIRES FROM THE NEW PITCH TRIM SWITCH. I ASSUMED IT WAS JUST UNSOLDER. ACFT FO'S PITCH TRIM SWITCH WAS JUST SOLDER ALSO. LAST NIGHT AS I WAS LEAVING I MET AVIONICS TECH. I GAVE HIM A TURNOVER RPT FOR ACFT. HE INFORMED THAT THERE WAS A NEW PITCH TRIM SWITCH WITH HARNESS. THIS MORNING I WENT TO RESEARCH ENGINEERING TECHNICAL NOTES AND IPC. I AM NOW AWARE THAT THERE IS A NEW PART NUMBER FOR THE SWITCH.,AN EMB145 HAD N FO'S PITCH TRIM YOKE SWITCH INOP. TECHNICIAN BELIEVED SWITCH WAS SOLDERED TO WIRING. TECHNICIAN ORDERED PART NO LONGER STOCKED. SWITCH ASSEMBLY WAS MODIFIED TO HAVE HARNESS WITH CONNECTOR.,
710772,ASRS Database Online custom search,turnover,200609,Operator: Air Carrier | Make/Model: A321,Component: Engine Air Pneumatic Ducting; Exhaust Gas Temperature Indicat; Electrical Wiring & Connectors | Problem: ,Function: Technician Technician | Human Factors: Troubleshooting ,,Contributing Factors: Human Factors; Weather; Aircraft; Chart Or Publication; Company Policy; Environment - Non Weather Related | Primary Problem: Ambiguous,ANOTHER MECH AND I WERE ASSIGNED FOR AN ENG OVERTEMP CONDITION. WE OPENED THE ENG TO ACCOMPLISH A VBV (VARIABLE BLEED VALVE) INSPECTION. AS WE WERE PULLING UP THE PROC TO DO THE VBV INSPECTION; METAL WAS DISCOVERED IN THE TAILPIPE SCREEN. AT THIS TIME IT WAS DETERMINED TO BE AN ENG CHANGE. WE STOPPED THE VBV INSPECTION AND PROCEEDED TO START THE ENG CHANGE. WE WORKED THE ENG CHANGE UP TO LUNCHTIME; AT WHICH TIME WE WERE INFORMED TO HOLD UP ON THE ENG CHANGE SO A BORESCOPE COULD BE ACCOMPLISHED. THE BORESCOPE WAS COMPLETED AND NO DEFECTS WERE FOUND. BECAUSE OF THEIR FINDINGS; THE ENG CHANGE WAS CANCELED. AT THIS POINT WE HAD TO DECIDE HOW TO HANDLE THE JOB CARD AND OTHER FORMS; UP TO WHERE WE WERE ON THE ENG CHANGE. WE STAMPED THE JOB CARD FOR OUR WORK AND FILLED OUT OTHER FORMS. WE THEN GAVE A VERBAL TURNOVER TO THE NEXT SHIFT LEAD. I THINK THE CONTRIBUTING FACTORS TO THIS INCIDENT IS LACK OF COM BTWN THE MECHS; LEAD MECHS; AND FOREMAN. THE PROB OF THE INFLT ENG SHUTDOWN WAS DISCOVERED WHEN THE PLT USED HIS NOSE COWL ANTI-ICE. IT BURNED THE FADEC HARNESS.,AN A321 INCURRED AN ENG SHUTDOWN DUE TO OVERTEMP CONDITION. PROB WAS NOSE COWL ANTI-ICE VALVE DUCTING BURNED FADEC WIRING HARNESS.,
718488,ASRS Database Online custom search,turnover,200611,Operator: Air Carrier | Make/Model: B737 Undifferentiated or Other Model,Component: Flap Control (Trailing & Leading Edge) | Problem: Failed,Function: Lead Technician Inspector | Human Factors: Time Pressure; Troubleshooting ,,Contributing Factors: Logbook Entry; Environment - Non Weather Related; Human Factors; Aircraft | Primary Problem: Human Factors,MY CREW AND I WERE TO REPLACE BOTH 90 DEG AND 120 DEG FLAP GEAR BOXES AS WELL AS A FULL GEAR LUBE; LOGBOOK ITEM AND NON ROUTINE ITEMS. AT THE SAME TIME BOTH ENGS HAD HVY JOBS REQUIRING HYDS TO REMAIN OFF MOST OF THE SHIFT. AFTER THE GEAR BOXES WERE MOUNTED; WE WERE UNABLE TO CHK THEIR OP. NEXT THE ENGS WERE LEAK CHKED. THEN WE CAME TO THE END OF OUR SHIFT. I DID A VERBAL TURNOVER. THIS EVENT WAS BROUGHT TO MY ATTN AT THE BEGINNING OF MY SHIFT SAT.,A B737 AFTER TKOF DISCOVERED FLAP PROBS. RETURNED TO DEP ARPT. PROB FOUND AT FLAP 90 DEG GEARBOX. CAUSED BY MAINT ERROR.,
718904,ASRS Database Online custom search,turnover,200612,Operator: Air Carrier | Make/Model: B757-200,Component: Oil Line | Problem: ,Function: Technician Technician | Human Factors: Troubleshooting ,,Contributing Factors: Chart Or Publication; Airspace Structure; Aircraft; Environment - Non Weather Related; Manuals; Human Factors | Primary Problem: Chart Or Publication,ANOTHER AMT AND I TOOK A TURNOVER FROM PREVIOUS SHIFT ON A #1 ENG LUBRICATION AND SCAVENGE PUMP REPLACEMENT. THE OLD PUMP WAS STILL INSTALLED WITH ALL LINES DISCONNECTED AND READY FOR REMOVAL. WE REMOVED THE PUMP AND INSTALLED THE NEW ONE PER THE AMM (ACFT MAINT MANUAL). WE PERFORMED THE REQUIRED OIL PRESSURE TEST PER THE AMM WHICH REQUIRED A HIGH PWR ENG RUN. THE LEAD AMT ON DUTY INSPECTED THE ENG DURING THE RUN FOR LEAKS. NO LEAKS WERE FOUND. 2 DAYS LATER THE #5 BEARING SCAVENGE LINE NUT CAME LOOSE FROM THE PUMP WHICH RESULTED IN THE LOSS OF ENG OIL AND AN IFSD. SUBSEQUENT INVESTIGATION DETERMINED THAT THE LINE HAD NOT BEEN SAFETY WIRED. THE AMM FOR THE PUMP REPLACEMENT DOES NOT STATE THAT THE LINE NEEDS TO BE SAFETY WIRED AND BECAUSE WE DID NOT REMOVE THE LINE WE DID NOT KNOW THAT IT IS NORMALLY SAFETY WIRED. I BELIEVE THE AMM NEEDS TO BE REVISED AND ADD THE STEP TO SAFETY WIRE THE #5 BEARING SCAVENGE LINE NUT IN ORDER TO HELP PREVENT ANOTHER IFSD.,A B757-200 INCURRED AN INFLT ENG SHUTDOWN DUE TO LOSS OF OIL PRESSURE AND QUANTITY. FOUND #5 SCAVENGE LINE LOOSE FROM SCAVENGE PUMP. LINE WAS NOT SAFETY WIRED. MAINT MANUAL FOR PUMP CHANGE OMITTED SAFETY WIRE.,
719693,ASRS Database Online custom search,turnover,200612,Operator:  | Make/Model: ,Component:  | Problem: ,Function: Technician Technician | Human Factors: Communication Breakdown; Troubleshooting ,,Contributing Factors: Environment - Non Weather Related; Human Factors; Logbook Entry; Aircraft | Primary Problem: Human Factors,AT THE END OF MY NORMAL SHIFT ON THE MORNING OF DEC/FRI/06; I RECEIVED A VERBAL TURNOVER AT THE ACFT FROM MIDNIGHT SHIFT ON A LUBE PUMP CHANGE ON THE L ENG OF A B757-200. THEY INDICATED WHICH LINES WERE REMOVED OR LOOSENED. THEY ALSO INDICATED THAT THE ONLY SAFETIES THAT THEY REMOVED WERE THOSE ON THE OIL TANK AND GEARBOX DRAIN PLUGS. SHORTLY AFTER I TOOK TURNOVER I WAS JOINED IN THE TASK BY A DAY SHIFT MECH. I REMOVED THE #5 BEARING SCAVENGE TUBE; WHICH WAS STILL SECURE ON THE PUMP. I DIDN'T REMOVE ANY SAFETY WIRE FROM THE B-NUT AS THERE WAS NONE INSTALLED. WE FINISHED THE REMOVAL OF THE UNSERVICEABLE PUMP AND INSTALLED THE SERVICEABLE PUMP. I REINSTALLED THE #5 BEARING SCAVENGE OIL LINE AND RECHKED IT FOR SECURITY. I FAILED TO NOTICE THE SAFETY HOLES ON THE #5 BEARING SCAVENGE TUBE B-NUT AND THEREFORE DIDN'T SAFETY WIRE IT. I SAFETY WIRED THE OIL TANK AND GEARBOX DRAIN PLUGS. WE SVCED THE OIL TANK TO FULL AND COMPLETED THE PAPERWORK TO THAT POINT. WE THEN RELOCATED THE ACFT TO THE HANGAR PAD AND PERFORMED THE REQUIRED LEAK CHK AND OPERATIONAL CHKS. ALL OF WHICH PASSED WITH NO PROBS NOTED. WE RETURNED THE ACFT TO THE GATE WHERE I SIGNED OFF THE LOGBOOK ITEM AND THE AIRWORTHINESS BLOCK ON THE NEXT LOG PAGE. WHILE OPERATING AS FLT ABC ON DEC/SUN/06; SHIP X B757-200 EXPERIENCED AN IFSD ON THE L ENG WHEN THE FLT CREW OBSERVED THE EICAS OIL PRESSURE INDICATION TURN RED AND THE OIL QUANTITY READ 0. IT LANDED IN ZZZ WHERE MAINT DETERMINED THE #5 BEARING SCAVENGE TUBE B-NUT HAD LOOSENED CAUSING THE LOSS OF ENG OIL. THE DISCREPANCY WAS CORRECTED AND IT WAS DETERMINED THAT THE ENG WAS SERVICEABLE. THE FLT CONTINUED ON WITHOUT FURTHER INCIDENT. IT IS IMPERATIVE THAT THE PERSON ACCOMPLISHING THE TASK ADHERE TO THE AMM AND NOT ASSUME THAT JUST BECAUSE SOMETHING CAME IN A CERTAIN WAY THAT IT MUST BE CORRECT.,A B757-200 INCURRED AN INFLT ENG SHUTDOWN DUE TO LOSS OF OIL PRESSURE AND QUANTITY. FOUND #5 SCAVENGE LINE 'B' NUT LOOSE AT SCAVENGE PUMP.,
723237,ASRS Database Online custom search,turnover,200701,Operator: Air Carrier | Make/Model: B737-300,Component: Electrical Distribution Relay | Problem: Failed,Function: Technician Technician | Human Factors: Troubleshooting ,,Contributing Factors: Chart Or Publication; Aircraft; Human Factors | Primary Problem: Human Factors,ON JAN/SUN/07; APPROX XA00; AFTER COMPLETING A FAN BLADE SET CHANGE ON AN OTS ACFT; MY LEAD TOLD MR X AND I TO GET A TURNOVER ON ACFT WITH ELECTRICAL PROBS AND TO MOVE IT FROM A TO B. TOLD US THE #2 GENERATOR DROPS OFF LINE AND THAT HE HAD RECONNECTED THE #2 GENERATOR WHICH WAS ON MEL. HE ALSO TOLD US HE DID NOT KNOW THE CAUSE OF THE PROB. MR X TALKED TO MAINT CTL AND DISCOVERED THAT THIS ACFT HAS BEEN HAVING ELECTRICAL PROBS ON ORIGINATING FLTS FOR AWHILE AND THAT TECHNICIAN FOREMEN HAVE BEEN WORKING ON IT. AT APPROX XB00 MR X AND I WENT TO A AND CLOSED #2 ENG COWLS AND BOTH E&E DOORS TO MOVE ACFT. WE PUSHED BACK FROM A AND STARTED BOTH ENGS WITH A NORMAL START; AND PUT BOTH ENG GENERATORS ON LINE. ON TAXI #2 GENERATOR DROPPED OFF LINE. AT THAT TIME WE XFERRED PWR TO APU AND BACK FOR TROUBLESHOOTING; #2 GENERATOR DID NOT COME BACK ON LINE. WE ALSO TRIED RESETTING THRUST REVERSER #2 AND THRUST REVERSER #3 CIRCUIT BREAKERS FOR TROUBLESHOOTING FROM PREVIOUS PROBS. WE ARRIVED AT B AND PARKED THE ACFT AND SHUT DOWN ENG. WE PULLED UP SOME WIRING DIAGRAMS AND A LITTLE MORE TROUBLESHOOTING; BUT OUR SHIFT WAS OVER AT XC00; SO DID A WRITTEN TURNOVER ABOUT #2 GENERATOR DROPPING OFF LINE ON TAXI AND THAT APU PWR WOULD PWR BOTH BUSSES; ETC. MR Y; TOLD ME THAT HE DID FIND THE PROB WITH THE #2 GENERATOR. IT WAS THE R4 'ALT' XFER RELAY. I THEN CHANGED THE R4 RELAY AND SIGNED IT OFF WITH AN OPS CHK REQUIRED.,A B737-300 WITH A CHRONIC #2 GENERATOR DROPPING OFF LINE WAS WORKED BY THE RPTR WITH NO POSITIVE FIX ACCOMPLISHED. LATER FOUND XFER RELAY FAILED.,
724469,ASRS Database Online custom search,turnover,200701,Operator: Air Carrier | Make/Model: EMB ERJ 140 ER/LR,Component: Main Gear | Problem: ,Function: Technician Technician | Human Factors: Communication Breakdown; Troubleshooting ,,Contributing Factors: Chart Or Publication; Airspace Structure; Aircraft; Human Factors | Primary Problem: Human Factors,DURING SHIFT OVERLAP I RECEIVED THE ASSIGNMENT TO TAKE A TURNOVER ON ACFT. I WAS INFORMED THAT THE ACFT WAS TOWED TO THE GATE DUE TO ITS PROBS. I DID NOT RECEIVE A WRITTEN TURNOVER AS I WOULD HAVE LIKED IN REGARD TO WHAT HAD BEEN DONE BY THE PREVIOUS TECHNICIAN; BUT INSTEAD RECEIVED A VERBAL THAT CONSISTED OF THE INFO THAT THE STEERING DID NOT WORK AND THAT THE GUST LOCK WOULD NOT ENGAGE. I WAS ALSO TOLD THAT THERE WERE NO CORRESPONDING EICAS MESSAGES. PRIOR TO PERFORMING ANY MAINT I NOTICED THE GEAR PINS WERE ALREADY INSTALLED. I THEN WENT ON TO CHANGE THE NOSE LNDG GEAR AIR/GND (WOW) PROX SWITCH IN ACCORDANCE WITH AMM. AFTER COMPLETING THE INSTALLATION I PROCEEDED TO THE OP CHK OF THE AIR/GND (WOW) SYS. AFTER THAT I DID THE OP CHK FOR THE STEERING AND THE GUST LOCK TASK. ALL 3 OP CHKS TURNED OUT GOOD. AFTER THAT I PROCEEDED TO CLOSE OUT THE JOB IN ACCORDANCE WITH EMB140 AMM. AFTER THE ACFT RETURNED TO THE GATE DUE TO THE INABILITY TO RETRACT THE GEAR AFTER TKOF I WAS ASSIGNED TO MEET THE ACFT TO DETERMINE THE PROB. UPON SEEING THE ACFT TAXIING TO PARK I NOTICED THAT THE GEAR PINS WERE STILL INSTALLED. AFTER REVIEWING EMB140 AMM I FOUND THAT ONE STEP OF THE TASK SAID TO INSTALL THE PINS PER EMB140 AMM. THE JOB CLOSE OUT OF THE TASKS DOES NOT MENTION THE TASK TO REMOVE THE GEAR PINS.,AN EMB140 RETURNED TO THE DEP ARPT DUE TO INABILITY TO RETRACT THE LNDG GEAR. FOUND GEAR PINNED FOR MAINT AND NOT REMOVED.,
731281,ASRS Database Online custom search,shift_change,200703,Operator: Air Carrier | Make/Model: B737-800,Component: Interphone System | Problem: ,Function: Technician  | Human Factors: Troubleshooting ,,Contributing Factors: Human Factors; Logbook Entry; Manuals | Primary Problem: Human Factors,A B737-800 ARRIVED AT APPROX XA19 HRS ON MAR/XA/07. THE ACFT HAD A CREW INBOUND RPT OF A LOUD SQUEAL FROM THE COCKPIT HANDSET. AN AMT WAS DISPATCHED FOR CORRECTIVE ACTION. HE AND/OR HIS LEAD AMT ORDERED A SVCABLE UNIT FROM STORES. AT AROUND XA40 HRS I WAS TOLD BY A LEAD AMT TO GO BY STORES AND GET THE HANDSET AND TO RELIEVE THE AMT AT SPECIFIED GATE. THE LEAD SAID STORES HAD ALREADY 'PULLED' THE PART. INDEED; I FOUND THE HANDSET ON A PICK-UP COUNTER IN THE FRONT OF THE STORES AREA AND PROCEEDED TO THE GATE. ONCE AT THE GATE I TOLD THE AMT TO GO AND FOUND THAT HE HAD ALREADY REMOVED THE OLD HANDSET. THE HANDSET HAS AN ELECTRICAL CONNECTOR SIMILAR TO A HOME PHONE LANDLINE. THE NEW HANDSET WAS PLUGGED IN AND THE CAPT AND I ACCOMPLISHED A CHKOUT OF THE UNIT. ALL OPS APPEARED NORMAL. I COMPLETED THE LOGBOOK CORRECTIVE ACTION BLOCK AND RELEASED THE ACFT. IN THE LINE ROOM LATER; I DISCOVERED THERE WERE NO LEGIBLE NUMBERS ON THE OLD UNIT. FOR SERIAL NUMBER 'OFF' I HAD TO WRITE 'UNK' FOR UNKNOWN. NOT HAVING A GOOD NUMBER OFF THE OLD UNIT WAS A CONTRIBUTING FACTOR. THE SHIFT CHANGE ALSO ADDED TO THE EQUATION. TO THIS DAY I DON'T KNOW HOW THEY ARRIVED AT THE PART NUMBER I PICKED UP IN STORES. I TRUSTED IT TO BE CORRECT; AND OBVIOUSLY IT WASN'T. QUALITY ASSURANCE FOUND THE EFFECTIVITY ISSUE AND HAD THE HANDSET AGAIN REPLACED WITH THE CORRECT PART NUMBER. THERE WERE; TO MY KNOWLEDGE; NO PIREPS OF THIS SYS IN THE 4 DAYS IT FLEW ON THE ACFT.,A B737-800 ACFT COCKPIT PEDESTAL HANDSET FOR P/A AND INTERPHONE USE WAS REPLACED WITH AN INCORRECT PART.,
733332,ASRS Database Online custom search,turnover,200703,Operator: Air Carrier | Make/Model: B757-200,Component:  | Problem: ,Function: Lead Technician  | Human Factors: Communication Breakdown; Troubleshooting ,,Contributing Factors: Logbook Entry; Human Factors | Primary Problem: Human Factors,I CHKED ON HIS PROGRESS BEFORE THE MEETING; HE SAID THE CHK WAS ABOUT DONE AND THE CHIP DETECTORS WAS DONE. I ASKED ABOUT THE LOG ITEM AND HE SAID IT WAS BEING TROUBLESHOT. I ASSIGNED MECH X TO ACFT X. THE ASSIGNMENT WAS A CHK; CHIP DETECTORS AND LOG ITEM; 'L GEN INOP.' ZZZ1 REVIEWED THE LOGBOOK AND DISCOVERED IT. UPON MY FIRST DAY BACK TO WORK FROM MY DAYS OFF; I WAS HANDED A DISCIPLINE FORM AND TOLD I WAS BEING SUSPENDED FOR 1 DAY STARTING THE NEXT DAY. PUTTING COLORED TAGS ON RII COMPONENTS WHEN THEY GO THROUGH RECEIVING INSPECTION; SO THE INSTALLING MECH WILL KNOW THIS IS RII ITEM. CALLBACK CONVERSATION WITH RPTR REVEALED THE FOLLOWING INFO: ENGINE IDG WAS REPLACED ON PRIOR SHIFT. THE MAINTENANCE TURNOVER TO THE ONCOMING SHIFT STATED THAT ONLY THE CHIP DETECTORS NEEDED TO BE CHECKED; ALL OTHER WORK WAS COMPLETED. THIS REPORTER WAS PART OF THE ONCOMING SHIFT AND NOTIFIED LATER HE HAD NOT CALLED OUT FOR A REQUIRED INSPECTION ITEM. THE RII FOR THE IDG WAS ACCOMPLISHED AT ANOTHER STATION. NO FLIGHT DISCREPANCIES AS A RESULT OF THE IDG CHANGE.,A B757-225 HAD AN ENGINE IDG REPLACED WITHOUT THE REQUIRED INSPECTION CHECK ACCOMPLISHED PRIOR TO DISPATCH.,
735318,ASRS Database Online custom search,turnover,200704,Operator: Air Carrier | Make/Model: B767-300 and 300 ER,Component: Rudder Control System | Problem: ,Function: Technician Technician | Human Factors: Troubleshooting; Time Pressure; Communication Breakdown ,,Contributing Factors: Aircraft; Human Factors; Logbook Entry | Primary Problem: Human Factors,IN APR/07 ACFT X FLEW FROM ZZZ TO ZZZ2. THE RII FINAL INSPECTION WAS NOT ACCOMPLISHED FOR THE RUDDER ACTUATOR REPLACEMENT. ZZZ2 WAS ISSUED RII AUTH AND COMPLETED THE REQUIRED INSPECTION. I WAS ASSIGNED TO ACFT X BY MY LEAD AMT; ALONG WITH 1 OTHER AMT AT THE BEGINNING OF OUR SHIFT AT XA30 ON APR/XA/07. OUR NORMAL WORK AREA IS THE INTL CONCOURSE; BUT THE ACFT WAS LOCATED AT THE HANGAR. WE TOOK TURNOVER FROM 2 PREVIOUS SHIFT AMT'S. THE R RUDDER PCA WAS ALREADY INSTALLED; AND THEY WERE ON STEP #7 OF THE CHKOUT PROCS. THE JOB WAS BEING ACCOMPLISHED WORKING OFF OF MAINT MANUAL PAPERWORK; NOT WORK CARDS THAT HAVE RII INSPECTION BLANKS; AS WELL AS; OTHER REMINDERS. THE PREVIOUS AMT'S HAS STOP AT STEP #7; BECAUSE THEY HAD FOUND THAT THE L HYD SYS WAS NOT MOVING THE RUDDER; AS WAS REQUIRED. AFTER TROUBLESHOOTING THE PROB; WE FOUND THAT THEY SET A FAULT ON THE RUDDER RATIO MODULE. THE FAULT WAS RESET. THE L SYS HYD WORKED NORMALLY. WE BEGAN THE CHKOUT PROCS BY BACKING UP A COUPLE OF STEPS TO ENSURE ACCURACY. WE INSTALLED A RIG PIN AND SET RUDDER TRIM AS REQUIRED; AND CONTINUED PROCS. THE CHKOUT PROCS WERE COMPLETED AND CHKED NORMALLY. WE DID A FINAL INSPECTION OF THE PCA INSTALLATION; ALSO OPERATED THE RUDDER SEVERAL TIMES WITH ALL 3 HYD SYS ONE AT A TIME AND TOGETHER. AT THIS TIME THEY BEGAN CALLING FOR THE ACFT TO BE MOVED FROM THE HANGAR BACK TO THE LINE. CONCRETE WORK WAS BEGINNING BEHIND OUR BAY AND THE ACFT WOULD BE BLOCKED IN. WE CLOSED ALL PANELS AND THE ACFT WAS MOVED IMMEDIATELY AFTER WE CLRED OUR LIFT DEVICE FROM BEHIND THE HANGAR BAY. IT WAS AT THIS TIME THAT I THOUGHT OF THE RII INSPECTION. ON THE WAY BACK TO THE GATE I ASKED MY CO-WORKER ABOUT THE INSPECTION. HE SAID WE HAD THE RII INSPECTION FOR THE INSTALLATION. BEFORE WE RETURNED TO THE ACFT MY CO-WORKER WAS REASSIGNED. I RETURNED TO THE ACFT TO SIGN OFF OUR WORK AND COMPLETE THE REMAINDER OF THE WORK ON THE ACFT. IT WAS AT THIS TIME THAT I READ THE CORRECTIVE ACTION FOR THE ACTUATOR REPLACEMENT. AFTER REVIEWING THE ITEM I WAS CONCERNED ABOUT THE STATUS OF THE RII INSPECTION. I IMMEDIATELY CALLED MY LEAD AMT TO THE ACFT. IT WAS APPROX 1 1/2 HRS BEFORE SCHEDULED DEP. I ASKED HIM TO REVIEW THE ITEM TO DETERMINE IF THE RII HAD BEEN COMPLETED. HE REVIEWED THE ITEM AND MADE A PHONE CALL AND SAID; 'IT WAS OK.' TO MAKE SURE I ASKED IF HE WAS OK WITH THE LOGBOOK AND HE SAID; 'YES.' I SIGNED THE ITEM AND COMPLETED THE 'A' CHK AND OTHER ITEMS.,A B767-300 ACFT WAS RELEASED TO REVENUE SERVICE WITHOUT THE REQUIRED RII INSPECTION BEING ACCOMPLISHED ON THE RUDDER LOWER PCA (R HYD SYS).,
739171,ASRS Database Online custom search,turnover,200705,Operator: Air Carrier | Make/Model: MD-88,Component: Antiskid System | Problem: Malfunctioning,Function: Technician Lead Technician | Human Factors: Troubleshooting; Communication Breakdown ,,Contributing Factors: Aircraft; Chart Or Publication; Manuals; Logbook Entry; Human Factors | Primary Problem: Human Factors,TOOK TURNOVER ON ACFT FROM PREVIOUS SHIFT. R MAIN LNDG GEAR STRUT REPACK WAS NEARING COMPLETION. MYSELF AND 2 CO-WORKERS RECONNECTED THE FRONT AND REAR SCISSORS AND THE BRAKE LINES THEN ROUTED AND SECURED THE 2 ELECTRICAL CONDUITS AND CONNECTED THEIR CANNON PLUGS. NEXT; WE SVCED THE STRUT AND SWUNG THE GEAR TWICE TO CHK FOR CONDUIT CLRNC AND PROPER OP. WE MADE A SLIGHT ADJUSTMENT IN THE CONDUIT ROUTING FOR BETTER CLRNC AND SWUNG THE GEAR 2 MORE TIMES. ALL INDICATIONS WERE NORMAL AT THIS TIME. THIS COMPLETED THE REPACK OP. WE DOWN-JACKED THE ACFT; MOVED IT OUT ONTO THE TARMAC; AND FINISHED OUR LAYOVER CHK. THEN WE REINSTALLED THE LOWER WING PANEL THAT WAS REMOVED FOR ACCESS AND RETURNED THE ACFT TO SVC. WE FAILED TO REALIZE THAT ALTHOUGH THE REPACK WAS COMPLETE THAT A CHKOUT OF THE WT ON WHEELS SENSOR AND THE WHEEL SPEED TRANSDUCERS WAS REQUIRED. THAT MORNING THE ACFT LEFT. IT EXPERIENCED AUTOBRAKE; ANTI-SKID; AND AUTOSPOILER IRREGULARITIES AND DIVERTED TO ZZZ BECAUSE WE HAVE MAINT THERE; BUT NOT AT DEST ARPT. ZZZ MAINT STATED THAT THE WOW SENSOR AND THE GLAND NUT LOCK WERE INSTALLED INCORRECTLY AND THAT THE 2 CONDUIT CANNON PLUGS WERE SWAPPED. THE CANNON PLUGS ARE THE ONLY ONE OF THOSE 3 THINGS THAT WERE DONE ON OUR SHIFT. A COUPLE DAYS LATER; OUR MAINT RE-INSPECTED THE CANNON PLUGS AND FOUND THAT THEY IN FACT COULD NOT BE SWAPPED DUE TO THE WAY THEY WERE KEYED AND ALSO THAT THEY WERE NOT DAMAGED IN ANY WAY. THE WT ON WHEELS SENSOR AND GLAND NUT LOCK WERE FOUND TO BE INSTALLED CORRECTLY ALSO. QUALITY ASSURANCE IS INVESTIGATING THE ZZZ MECH'S STORY ABOUT THE CANNON PLUGS AND TRYING TO FIND OUT EXACTLY HOW THINGS WERE INSTALLED WHEN HE MET THE ACFT. I REGRET THAT THIS INCIDENT HAPPENED AND THAT THE CHKOUTS WERE MISSED. I FEEL MYSELF AND MY CO-WORKERS WORK VERY HARD TO DELIVER A SAFE AND COMPLIANT ACFT EACH AND EVERY MORNING AND WOULD NEVER CUT CORNERS ON MAINT PRACTICES. THIS WAS AN HONEST AND UNFORTUNATE MISTAKE AND REMINDS US THAT WE MUST STAY AWARE OF ALL STEPS REQUIRED IN THE COMPLETION OF A JOB AND DOUBLECHK OURSELVES EACH AND EVERY TIME. CALLBACK CONVERSATION WITH RPTR ACN 739172 REVEALED THE FOLLOWING INFO: REPORTER STATED HIS SHIFT WAS FOCUSING ON THE MLG GEAR SWING USING PAPERWORK CARRIED OVER FROM THE PREVIOUS SHIFT. THE WEIGHT ON WHEELS (WOW) SENSOR RE-INSTALLATION WAS ALSO ACCOMPLISHED ON THE PREVIOUS SHIFT. THE OUTBOUND FLIGHT THAT EXPERIENCED THE AUTOBRAKE; ANTI-SKID AND AUTOSPOILER IRREGULARITIES APPEAR TO HAVE HAPPENED AS A RESULT OF A WOW SENSOR DISAGREE SIGNAL ON THE SAME RH MLG. REPORTER ALSO STATES NONE OF THE OTHER MECHANICS REMEMBERS SEEING THE CALLOUT TO PERFORM THE WEIGHT ON WHEELS SENSOR OR WHEEL SPEED TRANSDUCER CHECKS. THE BRACKET INSTALLATION SECURING THE WOW SENSOR ON THE MLG WAS FOUND TO HAVE BEEN INCORRECTLY ATTACHED BY THE PREVIOUS SHIFT. HOWEVER; HAD THE CHECKS BEEN ACCOMPLISHED; THE BELIEF IS THE SENSOR DISAGREE INDICATION MAY HAVE SHOWN UP.,AN MD88 ACFT RIGHT MLG TESTS WERE NOT COMPLETED AFTER MAINT. ACFT HAD TO DIVERT ENROUTE DUE TO AUTOBRAKE; ANTISKID AND AUTO SPOILER IRREGULARITIES.,
739355,ASRS Database Online custom search,shift_change,200704,Operator: Air Carrier | Make/Model: A320,Component: Normal Brake System | Problem: Malfunctioning,Function: Technician Pilot Flying | Human Factors: Communication Breakdown; Troubleshooting ,,Contributing Factors: Human Factors; Aircraft | Primary Problem: Human Factors,MYSELF AND ANOTHER MECH WERE GIVEN A CARD TO REMOVE #1 BRAKE (NORMAL BRAKE SERVO VALVE). THE ACFT WAS HAVING A #2 ENG PNEUMATIC DUCT REMOVED OFF THE #2 ENG PYLON; AND THE ENG HAD TO BE REMOVED FOR THIS PROC. SO THERE WAS NO ELECTRICAL PWR TO ACFT. WE USED THE REF MAINT MEL XXX TO REMOVE AND INSTALL THE VALVE. IT WAS GETTING TO THE END OF THE SHIFT SO WE DID NOT GET A CHANCE TO DO A LEAK AND OP CHK OF THE VALVE; SO WE WROTE A CARD TO HAVE THIS PROC ACCOMPLISHED AFTER THEY PUT THE PWR BACK ON THE ACFT. IN THE STEPS IT CALLED OUT TO BLEED THE BRAKE TO THE SERVO VALVE WHICH WAS BEING REPLACED; AND LEAK CHK THE SERVO VALVE ITSELF AND AN OPS CHK. THE REASON I AM WRITING THIS IS BECAUSE AFTER I CAME BACK TO WORK AFTER MY DAY OFF; I WAS TOLD THAT THERE WAS AN INCIDENT THAT HAD SOMETHING TO DO WITH THE PROC WE DID ON THE REPLACEMENT OF THE (NORMAL BRAKE SERVO VALVE). WE SIGNED OFF THE WRITE-UP AND GENERATED ANOTHER WRITE-UP. MAYBE IF I HAD GIVEN THE NEXT SHIFT WHO WERE TAKING OVER WHERE WE LEFT OFF A VERBAL DEBRIEFING PASS DOWN ON WHAT ELSE NEEDED TO BE ACCOMPLISHED; THERE MIGHT NOT BEEN ANY MISUNDERSTANDING AS TO WHAT WAS NEEDED TO ACCOMPLISH THE REST OF THE JOB TASK. ALSO WHAT I SHOULD HAVE DONE WAS WRITE A CARD AGAINST THE INSTALLATION OF THE VALVE AND REFED IT TO THE DEFERRED ITEM. CALLBACK CONVERSATION WITH RPTR REVEALED THE FOLLOWING INFO: THE #1 NORMAL BRAKE SERVO VALVE WAS REPLACED AFTER PREVIOUS BRAKE CHANGES DID NOT CORRECT THE HOT; STICKY BRAKE CONDITION. HE MADE WRITE-UPS TO DO A LEAK AND OPERATIONS CHECK OF THE SERVO VALVE INSTALLATION DUE TO SHIFT CHANGE. ON TAXI OUT TO THE TERMINAL FROM THE HANGAR; THE SAME STICKY; HOT BRAKES CONDITION RE-APPEARED. MAINT WAS TRYING TO DETERMINE WHO WAS INVOLVED WITH THE SERVO VALVE INSTALLATION. REPORTER ALSO STATED PERHAPS IF HE HAD MADE ANOTHER WRITE-UP SPECIFICALLY FOR MECHANICS TO PERFORM A BRAKE TAXI CHECK PRIOR TO RELEASING ACFT TO TERMINAL MIGHT HAVE HELPED IN FINDING OUT THE EARLIER CONDITION STILL EXISTED.,AN AIRBUS A-320 ACFT #1 BRAKE (NORMAL BRAKE SERVO VALVE) WAS REPLACED DUE TO PREVIOUS BRAKE CHANGES NO HELP FOR HOT; STICKY BRAKES CONDITION.,
740575,ASRS Database Online custom search,"shift_change, turnover",200705,Operator: Air Carrier | Make/Model: B737-800,Component: Main Gear | Problem: ,Function: Technician  | Human Factors:  ,,Contributing Factors: Human Factors | Primary Problem: Human Factors,I WAS ASSIGNED TO WORK ACFT X. THE TASK I WAS ASSIGNED WAS SVC LNDG GEAR. I WAS WORKING FROM JOB INSTRUCTION CARD. AS I WAS WORKING ON THE MAIN LNDG GEAR; I WAS INFORMED THAT MGMNT WANTED TO MOVE THE ACFT BEFORE SHIFT CHANGE. I COMPLETED THE SVCING OF THE L AND R MAIN LNDG GEAR AND MOVED MY TOOLS AWAY FROM THE ACFT. I WAS THEN ASKED TO ASSIST IN MOVING THE ACFT. AFTER MOVING THE ACFT I PUT AWAY MY TOOLS AND RETURNED THE SVCING EQUIP TO THE TOOL ROOM. I COMPLETED THE JOB INSTRUCTION CARD FOR THE L AND R MAIN LNDG GEAR IN PREPARATION FOR SHIFT CHANGE. THE REMAINING ITEMS ON THE CARD WERE NOSE LNDG GEAR SVCING AND PLACING OP. I TURNED OVER THE JOB INSTRUCTION CARD TO THE ONCOMING SHIFT. AFTER TURNOVER; I WAS CHKING THE AREA I WAS WORKING FOR CLEANLINESS AND NOTICED THE STRUT EXTENSION DID NOT LOOK CORRECT. I CHKED THE JOB INSTRUCTION CARD AND DISCOVERED I MEASURED THE 'X DIMENSION FROM THE WRONG POINT. STRUT EXTENSION WAS 1/2 INCH TOO HIGH. I NOTIFIED THE ONCOMING LEAD MECH OF THE ERROR. HE TOLD ME HE WOULD HAVE A MECH RECHK THE STRUT EXTENSION AND PRESSURE.,A B737-832 ACFT MECHANIC DISCOVERED LATER; AFTER HE HAD ALREADY SERVICED THE L/H AND R/H MLG; HE HAD MEASURED THE 'X' DIMENSION FROM THE WRONG POINT.,
748682,ASRS Database Online custom search,turnover,200707,Operator: Air Carrier | Make/Model: B737-700,Component: Nozzle | Problem: ,Function: Technician Technician | Human Factors: Troubleshooting; Communication Breakdown ,,Contributing Factors: Aircraft; Chart Or Publication; Company Policy; Human Factors | Primary Problem: Chart Or Publication,ENGINEERING PROVIDED PART NUMBERS FOR ALL FUEL NOZZLES THAT WERE BEING REPLACED. I INSTALLED THE NEW FUEL NOZZLES BY PART NUMBER AS LISTED ON THE ENGINEERING ORDER. THE FUEL NOZZLES WERE ALL PRE-DRAWN AS A KIT FROM STORES. I ASSISTED WITH SOME OF THE FOLLOWING; THE NEW FUEL NOZZLES WERE LAID OUT ON A WORK TABLE. THE PACKAGING WAS REMOVED; PACKINGS/O-RINGS WERE INSTALLED; THE COPY OF THE STORES PARTS TAG WITH THE NOZZLE POS NUMBER WAS ATTACHED TO EACH NEW NOZZLE; THE HARD COPY OF THE STORES PART TAG ALONG WITH THE POS NUMBER WAS ATTACHED TO THE REMOVED FUEL NOZZLES; THE NEW FUEL NOZZLES WERE RE-BAGGED ALONG WITH THE MOUNTING BOLTS AND BRACKETS (IF ANY) AND LAID BACK ON THE TABLE IN NUMERICAL SEQUENCE. I INSTALLED THE NEW FUEL NOZZLES 5 THROUGH 9 PER THE MAINT MANUAL. SUPPLEMENTAL INFO FROM ACN 748681: RPTR STATED THE SHIFT TURNOVER SAID THAT HE BOUGHT OFF THE NOZZLES THAT WERE INSTALLED ON PREVIOUS SHIFT AND TO JUST CONTINUE WITH THE REST. PREVIOUS SHIFT ENG MECHS HAD ALL OF THE REMAINING FUEL NOZZLES INSTALLED AND READY FOR TORQUE OF THE MOUNTING FLANGE BOLTS WHEN I WAS CALLED OUT TO THE JOB. WE TORQUED THE REMAINING NOZZLE MOUNT FLANGES AND SAFETIED; THEN WE TORQUED THE COUPLING NUTS AND SAFETIED THOSE AND TURNED OVER TO NEXT SHIFT TO ACCOMPLISH THE PRESSURE LEAK CHK BEFORE INSTALLING THE SHROUDS. SINCE THE PROJECT HAD BEEN HERE FOR AT LEAST AN ENTIRE SHIFT BY THE TIME OUR SHIFT GOT THE JOB WE THOUGHT THE VALIDATING OF THE PART NUMBERS HAD ALREADY BEEN DONE. SUPPLEMENTAL INFO FROM ACN 748683: I ARRIVED ON SHIFT TO RELIEVE DAYS. THE TIE IN WAS SUCH THAT HERE ARE ALL THE NEW FUEL NOZZLES THAT YOU ARE TO INSTALL. ALL THE NEW NOZZLES WERE IN PLASTIC ZIPLOC BAGS WITH NEW O-RINGS AND SEALS INSTALLED AND LUBED. ADDITIONALLY ALL BAGS WERE CAREFULLY NUMBERED AS TO WHICH POS TO BE INSTALLED. I THEN PROCEEDED TO INSTALL FUEL NOZZLES 12 THROUGH 15 AND SIGNED FOR MY WORK. SUPPLEMENTAL INFO FROM ACN 749646: MR X AND MR Y INFORMED ME THAT THE NOZZLES WERE INSTALLED AND REQUIRE LEAK CHK AND SAFETY. WRITE-UP WAS SHORT SIGN FOR NOZZLES INSTALLED. WE ACCOMPLISHED LEAK CHK AND SAFETY PER MAINT MANUAL AND COMPLETED THE PAPERWORK. SUPPLEMENTAL INFO FROM ACN 749647: FUEL NOZZLES HAD ALREADY BEEN INSTALLED AND BROUGHT OFF FOR INSTALLATION. I ACCOMPLISHED A LEAK CHK OF ALL THE FUEL NOZZLES; THEIR SAFETIES; INSTALLATION OF THE SHROUDS AROUND THE FUEL NOZZLES AND THEIR SAFETIES. I TURNED OVER TO NEXT SHIFT THE FUEL NOZZLE FIRE PROTECTION SHROUDS WERE IN NEED OF REPLACEMENT. CALLBACK CONVERSATION WITH RPTR REVEALED THE FOLLOWING INFO: MULTIPLE SHIFTS AND MECHANICS/INSPECTORS INVOLVED WITH THE REMOVAL AND REPLACEMENTS OF THE FUEL NOZZLES. THIS PARTICULAR ENGINE HAD ALL 20 FUEL NOZZLES REPLACED; BUT ONLY FOUR OF THE 20 NOZZLES APPEAR TO BE AFFECTED BY THE INCORRECT PART NUMBER. ACFT WAS REMOVED FROM SERVICE DOWN LINE. PRIMARY MISTAKE BY MECHANICS AND INSPECTORS WAS NOT CROSS-REFERENCING THE FUEL NOZZLE PART NUMBERS ON THE ENGINEERING ORDER WITH HIS COMPANY'S IPC STORES CATALOG FOR CORRECT POSITION EFFECTIVITY.,A B737-700/800 ACFT HAD INCORRECT FUEL NOZZLES INSTALLED DUE TO INCORRECT PART NUMBERS ON ENGINEERING DIRECTIVE.,
750710,ASRS Database Online custom search,turnover,200708,Operator: Air Carrier | Make/Model: B737-500,Component: Powerplant Fuel Control | Problem: ,Function: Technician Technician | Human Factors: Communication Breakdown; Troubleshooting ,,Contributing Factors: Aircraft; Chart Or Publication; Human Factors | Primary Problem: Human Factors,ASSIGNED JOB TO REMOVE AND REPLACE #2 ENG FUEL SHUTOFF CABLE ON ACFT XXX DUE TO WORN AREA. REMOVED CABLE AND WAS REROUTING NEW CABLE FROM THE TURNBUCKLE IN THE FORWARD CARGO PIT TO THE #2 ENG. THE FIRST PULLEY IN THAT RUN IS IN THE AIR CONDITION BAY. THE CABLE WAS ROUTED CORRECTLY AND THE PULLEY WAS INSTALLED WITHOUT TIGHTENING THE NUT. I HAD A FAMILY EMER ARISE AND I LEFT AT XA30. WHAT ACTION; IF ANY; HAVE I TAKEN TO CORRECT THIS? THE NEXT MORNING I PHONED MY PARTNER I WAS WORKING WITH TO SEE HOW EVERYTHING WENT AND MENTIONED THE PULLEY IN QUESTION. SHE DECIDED TO CONTACT THE SUPVR ON DUTY TO STOP ACFT AND HAVE THE PULLEY LOOKED AT. SUPPLEMENTAL INFO FROM ACN 749254: I WAS WORKING ON THE WING SECTION FOR #2 ENG FUEL SHUTOFF CABLE RUN (REF LOG PAGE). I REMOVED 3 PULLEYS OUTSIDE OF THE FUSELAGE AND THEY WERE DOCUMENTED ON A MAINT FORM. ANOTHER TECHNICIAN WAS WORKING IN THE FORWARD CARGO BAY AREA AND BEHIND THE AFT WALL (ACFT BAY). HE INSTALLED THE NEW CABLE. IT WAS PULLED THROUGH FROM THE TURN BARREL (IN THE CARGO BAY CEILING) TO THE #2 ENG PYLON QUADRANT. I WAS WORKING ON INSTALLING THE CABLE GUARD ON THE #2 PYLON QUADRANT WHEN THE OTHER TECHNICIAN WAS CALLED AWAY ON A FAMILY EMER. I GAVE A TURNOVER TO THE NEXT SHIFT MECH ON THE AREA I WORKED ON. THE NEXT DAY WHEN TALKING TO THE MECH ON NEXT SHIFT ABOUT THE JOB; I MENTIONED THE DIFFICULT PULLEY BEHIND THE CARGO AFT WALL AND HE WAS UNAWARE OF IT. I WAS NOT SURE THE NUT WAS TORQUED. WHAT ACTION; IF ANY; HAVE I TAKEN TO CORRECT THIS? I NOTIFIED MY SUPVR. HE CONTACTED MAINT CTL. THE ACFT WAS LOOKED AT. SUPPLEMENTAL INFO FROM ACN 749434: AT BEGINNING OF SHIFT; I TOOK TURNOVER FOR AN ENG FUEL SHUTOFF CABLE REPLACEMENT. THE CABLE HAD BEEN ROUTED AND HOOKED UP AT BOTH ENDS. REF LOG PAGE XXX. I COMPLETED THE JOB PER MAINT MANUAL AND ALL DOCUMENTED ITEMS ON FORM XXX. THE NEXT DAY; I WAS ASKED BY THE MECH; WHO TURNED OVER THE JOB TO ME; IF I HAD LOOKED AT ANY OF THE CABLE PULLEYS IN THE AFT SECTION OF THE CARGO PIT (CHRISTMAS TREE AREA). MY REPLY WAS NO. APPARENTLY; THERE WAS SOME QUESTION ABOUT WHETHER OR NOT ALL THE PULLEYS IN THIS AREA WERE SECURE. THERE WAS NO DOCUMENTATION THAT ANY PULLEYS IN THIS AREA WERE IN ANY WAY SUSPECT. SUPERVISION WAS NOTIFIED; AS WELL AS MAINT CTL. THE ACFT IN QUESTION WAS STOPPED; AND THE AREA INSPECTED. SUPPLEMENTAL INFO FROM ACN 749253: I WAS THE INSPECTOR INVOLVED WITH LOAD PLANNING #2 ENG FUEL SHUTOFF CABLE INSTALLATION; IT WAS BROUGHT TO MY ATTN TODAY THAT ONE OF THE CABLE PULLEYS (THAT WAS NOT DOCUMENTED ON THE MAINT FORM) MAY NOT HAVE HAD ITS NUT TIGHTENED. THE ACFT WAS STOPPED ON THE GND AT ZZZ1 WHERE TECHNICIAN FOUND THE NUT HAND TIGHT AND SECURED THE SAME. NOTE: AMM STATES -- THE REMOVAL AND REPLACEMENT OF CABLE DOES NOT MENTION ANY LOOSENING AND/OR REMOVAL OF CABLE PULLEYS.,A B737-500 ACFT #2 ENG FUEL SHUT-OFF CABLE WAS REPLACED. NUT SECURING CABLE PULLEY NOT TIGHTENED IN FWD CARGO AIR CONDITIONING BAY (CHRISTMAS TREE AREA).,
752800,ASRS Database Online custom search,turnover,200709,Operator: Air Carrier | Make/Model: SF 340B,Component: Communication Systems | Problem: Malfunctioning,Function: Lead Technician Lead Technician | Human Factors: Time Pressure; Troubleshooting; Communication Breakdown ,,Contributing Factors: Logbook Entry; Human Factors; Aircraft; Chart Or Publication | Primary Problem: Human Factors,ON AUG/XA/07 TECHNICIAN #1 CAME INTO THE LEAD MECH'S OFFICE AND TOLD ME THAT HE HAD PREVIOUSLY SIGNED OFF MAINT LOGBOOK ITEM #2 'R-HAND BLEED AIR LEAK CAME ON 2 TIMES WITHIN 3 MINS ON CLBOUT IN ZZZ' WITH 'INFO NOTED' IN THE CORRECTIVE ACTION BLOCK FOR ACFT X. AT THIS TIME MAINT HAD THE MAINT LOGBOOK FOR X WITH HIM. I THEN INFORMED MAINT THAT THIS ITEM WAS AN ACTUAL DISCREPANCY AND WE HAVE TO OPEN UP A WRITE-UP AND ADDRESS THIS DISCREPANCY AND HAVE IT REPAIRED. MY INTENTION WAS TO MAKE SURE THAT THIS ACFT WOULD NOT LEAVE WITHOUT BEING REPAIRED AND IN AIRWORTHY CONDITION. I THEN WROTE 'REF ITEM #3 IN THE CORRECTIVE ACTION BLOCK OF MAINT LOGBOOK FOR CORRECTIVE ACTION' SO THIS R-HAND BLEED AIR LEAK COULD BE ADDRESSED. I THEN ASSIGNED TECHNICIANS TO TROUBLESHOOT AND REPAIR THE R-HAND BLEED AIR LEAK. I THEN OPENED A WRITE-UP IN THE DISCREPANCY BLOCK OF MAINT LOGBOOK ITEM #3 'REF ITEM #2 OF MAINT LOGBOOK.' 'INFO TO MAINT R-HAND BLEED LEAK CAME ON 2 TIMES ON CLBOUT IN ZZZ1.' I MADE A MISTAKE BECAUSE I SHOULD NOT HAVE WROTE IN THE CORRECTIVE ACTION BLOCK OF MAINT LOGBOOK. MY INTENTION WAS TO MAKE SURE THAT LATER FLT CREWS AND TECHNICIANS KNEW THAT WE DID ADDRESS THIS ISSUE AND THAT WE LATER DID REALIZE IT WAS A DISCREPANCY AND REPAIRED IT. AT THE TIME I WAS UNSURE OF THE EXACT PROC ON THIS SPECIFIC INSTANCE. I ALSO HAD OTHER TURNOVERS AND GATE CALLS I HAD TO DISTRIBUTE TO OTHER MECHS. I HAD ALSO WRITTEN IN THE CORRECTIVE ACTION BLOCK ON MAINT LOGBOOK ITEM #1 'REF ITEM #4 MAINT LOGBOOK FOR CORRECTIVE ACTION.' DURING THIS INCIDENT TECHNICIAN X WAS STANDING NEXT TO ME IN THE LEAD MECH OFFICE. I HAD INFORMED HIM THAT EVEN THOUGH THE CREW WROTE INFO TO MAINT THAT THEY WERE BOTH DISCREPANCIES. THE REASON I WROTE IN ITEM #1 OF MAINT LOGBOOK WAS TO SHOW THAT WE DID WRITE IT UP AGAIN AND THAT BECAUSE THE CREW WROTE INFO TO MAINT ALSO WE WERE GOING TO BE SURE ALL ACTIONS WERE FOLLOWED PROPERLY AND REWORK IT. SO I THEN WROTE IN ITEM #4 OF MAINT LOGBOOK 'REF ITEM #1 MAINT LOGBOOK' INFO TO MAINT. AFTER ENG START; L OIL BYPASS ILLUMINATES FOR APPROX 1.5 MINS THE NEXT EXTINGUISHED.' THE REASON I OPENED IT UP WAS BECAUSE I FELT THAT BECAUSE OF THE PREVIOUS INCIDENT THAT WE SHOULD REWORK BOTH INFO TO MAINT ITEMS. WHILE THIS WAS GOING ON THE NEXT CREW WAS ASKING FOR THE LOGBOOK TO GO ON THEIR FLT. THEY WERE THEN INFORMED THAT THIS ACFT WAS NOT GOING TO BE GOING OUT UNTIL THE ACFT HAD BEEN REPAIRED AND IN AIRWORTHY CONDITION. TECHNICIAN #1 HAD TOLD ME THAT HIS LEAD MECH HAD TOLD HIM TO SIGN OFF INFO NOTED PREVIOUS TO THAT. I THEN TOLD HIM NEXT TIME TO BE MORE AWARE OF INFO TO MAINT WRITE-UPS. I DO NOW REALIZE EVEN THOUGH MAINT WAS RIGHT THERE WHEN I HAD WROTE IN THE CORRECTIVE ACTION BLOCKS THAT I SHOULD NOT HAVE; DUE TO THE FACT THAT THE ACFT HAD FLOWN 2 LEGS PREVIOUS. AT THE TIME I WAS UNAWARE OF THE EXACT PROC TO FOLLOW AND SHOULD HAVE CALLED INSPECTIONS FOR ASSISTANCE. ALL MY INTENTIONS WERE TO MAKE SURE THAT THESE 2 DISCREPANCIES WERE PROPERLY ADDRESSED AND REPAIRED. THE EVENT OCCURRED BY THE TECHNICIAN REALIZING THAT HE WAS UNSURE OF THE EXACT LOG RPT HE RECEIVED. ALSO; THE WAY THE CREW WROTE IT UP BY USING INFO TO MAINT. THIS EVENT ON AUG/XA/07 OCCURRED BECAUSE OF A WRITE-UP THAT WAS GIVEN BY THE FLT CREW THAT WAS ADDRESSED AS INFO TO MAINT AND THEN MAINT HAD THE CORRECTIVE ACTION BLOCK SIGNED 'MAINT INFO NOTED.' ALSO; I SHOULD NOT HAVE WRITTEN IN THE CORRECTIVE ACTION BLOCK REFING THE NEW LOG PAGES THAT THE DISCREPANCIES WERE BEING ADDRESSED ON. I NOW KNOW THAT I SHOULD HAVE JUST REFED THESE ITEMS ON THE NEW LOG PAGE IN THE DISCREPANCY BLOCK. I WAS OVERWHELMED WITH OTHER CALLS BEING GIVEN TO ME THAT I HAD TO DISTRIBUTE AND ALSO WAS NOT TOTALLY SURE ON HOW TO WRITE IN THE MAINT LOGBOOK. I WILL MAKE SURE THAT IF I AM UNSURE I WILL NOTIFY INSPECTIONS AND MGMNT AND ASK FOR THE PROPER PROC TO FOLLOW IN THIS SITUATION. I SUGGEST THAT WE INFORM THE CREW THAT TO MAKE SURE WHEN THERE IS AN ACTUAL DISCREPANCY TO NOT WRITE IT AS 'INFO TO MAINT.',A SAAB-340B FLIGHT CREW ENTERED LOG REPORTS FOR #2 RH BLEED AIR LIGHT AND LEFT ENG OIL BYPASS LIGHT AS 'INFO TO MAINT.' LOG ITEMS SIGNED OFF AS 'INFO NOTED.',
753998,ASRS Database Online custom search,"shift_change, turnover",200708,Operator: Air Carrier | Make/Model: B737-400,Component: Oxygen System/Pax | Problem: ,Function: Inspector Technician | Human Factors: Communication Breakdown ,,Contributing Factors: Chart Or Publication; Human Factors; Manuals | Primary Problem: Human Factors,MISCOM BTWN MECHS AND INSPECTORS; POSSIBLE TRAINING; ACR'S TASK CARDS WITH POOR COM BTWN MAINT AND INSPECTION NEED IMPROVED TURN-OVER FOR MAINT PERSONNEL. ACFT WAS PARKED IN HANGAR FOR PAX PSU REPLACEMENT AND MAINT PERSONNEL INFORMED TO ACCOMPLISH THE INSPECTION. ALL PAX GENERATOR PSU WERE REPLACED WITH NO INSPECTION BUY OFF; AND THE LEAD MAINT INFORMED; THE MAINT PERSONNEL WAITING FOR INSPECTION; BUT I ASKED TO VERIFY ALL PART NUMBERS FOR THE NEW OXYGEN GENERATORS REPLACED AND HOW MANY OXYGEN GENERATORS WERE REPLACED. I NOTED ALL PSU PANELS WERE DEPLOYED. AFTER THAT; I PERFORMED THE INSPECTION FOR THE PROPER FIRING PIN INSTALLATION AND RELEASE PIN INSTALLATION; AND GENERAL CONDITION FOR COMPONENTS I NOTED WAS INSTALLED PROPERLY. AFTER ACCOMPLISHING THE TEST; I VERIFIED PROPER DROP OF THE PSU PER MAINT MANUAL -- BUT FOR THE OXYGEN GENERATOR ACTIVATED SYS. I NO-STAMPED ON PARTIAL WORK OF THE MAINT WRITE-UP FOR THE PINS ON ROWS XYZ. DO NOT HAVE INSPECTION STAMP ON PARTIAL WORK OF THE MAINT WRITE-UP. I BELIEVE THIS WAS AN ERROR. MAINT PERSONNEL DID NOT REMOVE THE PINS AND THERE WAS A MISCOM WITH THE INSPECTION DEPT. SUPPLEMENTAL INFO FROM ACN 754084: I INSTALLED APPROX 28 OXYGEN GENERATORS ON ACFT X WITH SHIPPING SAFETY PINS INSTALLED. I VERBALLY VERIFIED IT TO THE NEXT SHIFT; INFORMING THEM THAT ALL OXYGEN GENERATORS THAT I INSTALLED WERE DEACTIVATED WITH THE SAFETY PINS INSTALLED. PARTIAL WORK WAS DOCUMENTED ON A MAINT WRITE-UP. SUPPLEMENTAL INFO FROM ACN 753806: MAINT MET NEW CREW IN JETWAY. NOTIFIED US THAT WHILE FIXING A PREVIOUS CREW'S FIRST CLASS OVERHEAD READING LIGHT WRITE-UP; HE NOTICED A RED FLAG ATTACHED TO THE SAFETY PIN OF THE OXYGEN GENERATOR. IT WAS STILL INSTALLED. MAINT THEN OPENED ALL OF THE OVERHEAD OXYGEN PANELS; FINDING 3 MORE FLAGS WITH THE PINS STILL INSTALLED ON THE GENERATORS. WE SWAPPED TO ANOTHER ACFT. CALLBACK CONVERSATION WITH RPTR ACN 753806 REVEALED THE FOLLOWING INFO: RPTR; WHO WAS THE INSPECTOR; STATED THAT THE PAX OXYGEN GENERATORS FOUND WITH THE RED TAGS AND SAFETY PINS STILL INSTALLED WERE NOT THOSE STAMPED OFF (SIGNED OFF) BY HIM DURING THE RII INSPECTION. THE MISCOM APPEARS TO BE THE RESULT OF SHIFT CHANGE AND MORE OXYGEN GENERATORS HAVING BEEN CHANGED THAN WHAT THE INSPECTORS WERE ASKED TO VERIFY FOR CORRECT PART NUMBERS AND SAFETY PINS REMOVED. PAPERWORK AND A CLR UNDERSTANDING OF ALL THE WORK INITIATED PRIOR TO INSPECTION VERIFICATION HAS BEEN A PROB. RPTR ALSO STATED THAT SINCE THIS INCIDENT; HIS CARRIER HAS MADE PROCEDURAL CHANGES TO THEIR MAINT MANUALS IN AN EFFORT TO IMPROVE ACCOUNTABILITY OF WORK ON THE ACFT; INCLUDING THE ACFT STATUS AT SHIFT TURNOVERS.,A B737-400 OUTBOUND PLT RPTS OF LINE MAINT FINDING PAX OXYGEN GENERATORS WITH RED FLAGS AND SAFETY PINS STILL INSTALLED.,
759080,ASRS Database Online custom search,turnover,200710,Operator: Air Carrier | Make/Model: B737-700,Component: Nose Gear Tire | Problem: ,Function: Technician Technician | Human Factors: Time Pressure; Troubleshooting; Communication Breakdown ,,Contributing Factors: Company Policy; Human Factors; Logbook Entry; Chart Or Publication | Primary Problem: Human Factors,MY WORK PARTNER AND MYSELF HAD FINISHED ONE OF OUR ACFT FOR THE NIGHT. WE WENT TO HELP OUT ON SOMEONE ELSE'S ACFT. WE EACH PULLED A TIRE OFF THE TIRE CART AND BEGAN CHANGING THE NOSE TIRES. WE WERE FINISHING UP WITH THE TIRES WHEN THE PERSONS ASSIGNED TO THE ACFT SHOWED UP. WE STARTED INFORMING THEM WHAT STILL NEEDED TO BE DONE TO THE ACFT WHILE WE CONTINUED FINISHING THE TIRES. I HAD BEEN THINKING TO CHK THE OTHER TIRE FOR BINS MARKINGS BUT DURING THE TURNOVER WITH THE OTHER CREW I MISSED IT. NORMALLY; WHENEVER I CHANGE NOSE TIRES; I DO BOTH TIRES SO I KNOW WHAT GOES ON. HOWEVER MY WORK PARTNER WAS NEW TO THE COMPANY AND ASKED IF HE COULD CHANGE ONE. I SAID THAT WOULD BE FINE; BUT WITH THE UNTIMELY ARR AND DISTRS; IT WAS MISSED THAT WE HAD MISMATCHED (RADIAL AND BIAS) TIRES INSTALLED. IT IS IN MY OPINION THAT THERE IS NO QUESTION THERE SHOULD BE A DIFFERENT PART NUMBER DIFFERENTIATING BTWN THE 2 TIRES. THIS WOULD STOP A GREAT NUMBER; IF NOT ALL; OF THESE OCCURRENCES.,AN ACFT MECHANIC REALIZES AFTER ACFT HAD DEPARTED; THAT HE HAD REPLACED BOTH NOSE GEAR TIRES WITH A MIS-MATCH SET OF TIRES (BIAS AND RADIAL PLY).,
759857,ASRS Database Online custom search,turnover,200710,Operator: Air Carrier | Make/Model: MD-80 Series (DC-9-80) Undifferentiated or Other Model,Component: Ice Detection System | Problem: Malfunctioning,Function: Technician  | Human Factors: Troubleshooting ,,Contributing Factors: Human Factors | Primary Problem: Human Factors,I CAME ONTO SHIFT AND RECEIVED A TURNOVER FROM MR X ON PREVIOUS SHIFT. HE HAD JUST CHKED THE PART AND SERIAL NUMBERS ON ACFT X FOR THE R SIDE ICE PROTECTION ANTICIPATOR AND THERMOSTAT. (ANTICIPATOR SERIAL NUMBER XXXX AND THERMOSTAT SERIAL NUMBER YYYY.) I RETURNED THE LOGBOOK TO THE FLT CREW AND WAS THEN WAS ASKED TO GO BACK OUT TO VERIFY THE L SIDE ANTICIPATOR AND SERIAL NUMBER PART AND SERIAL NUMBERS. I DISCOVERED THAT THERE WAS A THERMOSTAT INSTALLED IN THE LOCATION OF THE ANTICIPATOR. THERE WERE 2 THERMOSTATS INSTALLED ON THE L SIDE INSTEAD OF 1 THERMOSTAT AND 1 ANTICIPATOR. THESE PARTS LOOK ALMOST IDENTICAL. I REMOVED THERMOSTAT PART NUMBER AAAA SERIAL NUMBER BBBB AND INSTALLED AN ANTICIPATOR.,AN MD-80 MECHANIC REPORTS OF FINDING TWO THERMOSTATS INSTALLED ON THE LEFT SIDE WHERE ONLY ONE ICE PROTECTION ANTICIPATOR AND ONE THERMOSTAT SHOULD BE LOCATED.,
766613,ASRS Database Online custom search,turnover,200712,Operator: Air Carrier | Make/Model: B737-700,Component: Powerplant Fuel Control Unit | Problem: ,Function: Inspector Lead Technician | Human Factors: Troubleshooting; Communication Breakdown ,,Contributing Factors: Aircraft; Airspace Structure; Manuals; Human Factors | Primary Problem: Human Factors,I RECEIVED A TURNOVER FOR AN ENG CHANGE ON ACFT X. AS WE PROGRESSED THROUGH THE MAINT MANUAL FOR THIS ENG CHANGE; REQUIRES LOOKING AT THE DATA PLATE TO DETERMINE IF THE ENG IS A 24K RATING AND IT ASKS FOR THIS SAME INFO OF THE REMAINING ENG INSTALLED. BOTH ENGS WERE VERIFIED AS 24K ON THE DATA PLATE. AS WE WERE NEARING THE FINAL STEPS TO PERFORM I WAS SIGNING OFF PERFORMED STEPS. WHEN THE MECH IN THE ACFT ASKED THE LEAD MECH ON SHIFT WHAT THE SERIAL NUMBER OF THE ENG INSTALLED WAS; HE GAVE HIM THAT INFO TO PERFORM THE EEC CHK OF LATEST REVISED SOFTWARE; SO WE ASSUMED HE HAD ALSO CHKED THE IDENT/CONFIGN PAGE IN THE CDU. WE SIGNED THE STEP ON PAGE XX AND PROCEEDED TO THE RUN-UP AREA TO PERFORM A REQUIRED 65% PWR ASSURANCE RUN. NEITHER I; OR THE LEAD MECH WERE AWARE OF ANY 22K ENGS IN OUR INVENTORY. SUGGESTIONS FOR FUTURE: IF THEY COME INTO OUR ENG SHOP INCLUDE STEP FOR CHKING THE THRUST RATING PLUG. IF WE ARE RECEIVING THE ENG AS A LOANER FROM ANOTHER FACILITY; INCLUDE A SCREEN IN THE RECEIVING PROCESS TO ALERT THE RECEIVING INSPECTION AT THIS TIME. SUPPLEMENTAL INFO FROM ACN 766618: MY CREW TOOK OVER THE #2 ENG CHANGE ON ACFT X. AS THEY WERE PREPARING TO PUSH OUT AND DO THE LEAK CHKS AND OPS CHKS; I WAS TAKING CARE OF THE PAPERWORK. I SAW ON THE 2ND PAGE OF THE MAINT MANUAL THAT BOTH ENGS WERE 24K RATED. MECH (PERSON #3) WAS IN THE R SEAT AND ASKED ME FOR THE ENG SERIAL NUMBER SO HE COULD CHK THE EEC DATA; I GAVE IT TO HIM; HE TOLD ME IT WAS ALL GOOD. I ASSUMED HE ALSO CHKED THE ENG IDENT CONFIGN SCREEN; SO I SIGNED FOR IT AND TOLD MY INSPECTOR IT WAS GOOD. WE ARE NOT SUPPOSED TO HAVE ANY 22K ENGS IN OUR SYS. THE MANUAL ONLY REQUIRES A 65% PWR ASSURANCE RUN; NOT TKOF PWR; WHICH WOULD HAVE SHOWN US WE HAD A PROB. CALLBACK CONVERSATION WITH RPTR ON ACN 766613 REVEALED THE FOLLOWING INFO: REPORTER STATED THE COCKPIT MECHANIC DID VERIFY THE INSTALLED #2 ENGINE SERIAL NUMBER MATCHED THE INFO IN THEIR ONBOARD CDU. THE THRUST RATING PLUG ON THE EEC UNIT HOWEVER; WAS NOT CROSS-CHECKED WITH THE COCKPIT MECH; TO CONFIRM THE CORRECT THRUST RATING FOR THIS ENGINE WAS VERIFIED IN THE ACFT'S CDU IDENT CONFIGURATION SCREEN. THE PROBLEM SURFACED APPROX THREE DAYS AFTER THE ENGINE CHANGE WHEN T/O SPOOL-UP TARGETS COULD NOT BE MET AT A WARMER TEMPERATURE AIRPORT. REPORTER ALSO ADDS THIS WAS A BORROWED (LOANER) ENGINE AND HIS COMPANY'S RECEIVING PROCESS ALSO MISSED IDENTIFYING THE LOWER THRUST RATED EEC PLUG. THE ENGINE DATA PLATE SHOWED 24;000 # THRUST.,A B737-700 #2 ENG WAS REPLACED AND INADVERTENTLY RELEASED WITH A LOWER THRUST RATED EEC PLUG.,
767577,ASRS Database Online custom search,shift_change,200712,Operator: Air Carrier | Make/Model: B737-800,Component: Flap Fairing | Problem: ,Function: Technician Technician | Human Factors: Troubleshooting ,,Contributing Factors: Human Factors | Primary Problem: Human Factors,I WAS ASSIGNED TO WORK ACFT X NON-ROUTINE WORK CARD. I WAS ASSIGNED THE TASK OF ASSISTING 3 OTHER TECHNICIANS TO REMOVE AND REPLACE A LEASED R OUTBOARD AFT FLAP. WHEN I ARRIVED ON THE JOB; 2 OF THE TECHNICIANS WERE ALREADY ON THE JOB AND THE AFT FLAP WAS ALREADY REMOVED. THE 2 TECHNICIANS WITH THE HELP OF A THIRD TECHNICIAN INSTALLED AND ADJUSTED THE REPLACEMENT AFT FLAP. ONE OF THE TECHNICIANS ASSIGNED TO THE TASK ORIGINALLY; SHORT SIGNED FOR THE INSTALLATION OF THE FLAP AND LEFT THE JOB. IN ORDER TO REMOVE AND INSTALL THE AFT FLAP; THE FLAP SUPPORT AFT FAIRINGS MUST BE DISCONNECTED. THIS WAS DONE BEFORE I WAS ON THE JOB. THE 2 REMAINING TECHNICIANS AND MYSELF; CONNECTED THE AFT PORTION OF THE FLAP SUPPORT FAIRINGS. THE FORWARD CONNECTION OF THE AFT SUPPORT FAIRINGS; APPEARED TO BE UNDISTURBED. THE FAIRING WAS SUSPENDED FROM THE FORWARD CONNECTION WITH THE ACCESS COVERS TO THE CONNECTION OPEN. THE FORWARD CONNECTION COVERS WERE CLOSED BY THE 2 OTHER TECHNICIANS. TO COMPLETE THE TASK; THE FLAPS WERE OPERATED WHILE AN INSPECTOR CHKED THE INSTALLATION AND ADJUSTMENT OF THE AFT FLAP. I SIGNED FOR OPS CHK 'OK' AND SIGNED THE CARD AS COMPLETED. THE INSPECTOR SIGNED THE CARD AS COMPLETED ALSO. AFTER TURNING THE WORK CARD IN I REALIZED SOMEONE COULD HAVE LOOSENED THE FORWARD ATTACH POINT OF THE FLAP SUPPORT FAIRINGS AND THE ATTACH POINTS MAY HAVE NEEDED TO BE TORQUE CHKED. AT THE TIME I REALIZED THE POTENTIAL PROB; IT WAS SHIFT CHANGE. I FOUND THE ONCOMING INSPECTOR FOR THE ACFT AND ASKED HIM TO WRITE A NON-ROUTINE WORK CARD TO HAVE THE FORWARD ATTACH POINTS OF THE FLAP SUPPORT FAIRINGS TORQUE CHKED. HE SAID HE WOULD DO SO. I AM FILING THIS RPT BECAUSE THE ATTACH POINTS COULD BE LOOSE AND TO ENSURE THE ATTACHMENTS ARE CHKED. CALLBACK CONVERSATION WITH RPTR REVEALED THE FOLLOWING INFO: REPORTER STATED HE WANTED THE FWD ATTACH POINTS OF THE AFT FAIRING TO BE TORQUE CHECKED BECAUSE HE DID NOT BELIEVE ANY ONE OF THE MECHANICS WORKING EARLIER; OR THE THREE WITH HIM; HAD TORQUED CHECKED THE FWD ATTACH POINTS OF THE AFT FAIRING. REPORTER ALSO STATED THE OUTBOARD AFT FLAP; AFT SUPPORT FAIRINGS ARE EASIER TO INSTALL ON THE -800'S; THAN THE OLDER 737-300'S AND-500'S.,A B737-800 ACFT MECHANIC REALIZED AFTER TURNING IN HIS JOB CARD; THAT ANOTHER MECHANIC COULD HAVE LOOSENED THE FWD ATTACH POINTS OF THE R OUTBOARD AFT FLAP; AFT SUPPORT FAIRINGS.,
769220,ASRS Database Online custom search,shift_change,200801,Operator: Air Carrier | Make/Model: MD-80 Series (DC-9-80) Undifferentiated or Other Model,Component: Indicating and Warning - Landing Gear | Problem: Malfunctioning,Function: Technician Technician | Human Factors: Communication Breakdown ,,Contributing Factors: Aircraft; Company Policy; Human Factors; Logbook Entry | Primary Problem: Human Factors,ACFT WAS BROKE HERE. THE NOSE LNDG GEAR DOWN AND LOCKED INDICATOR PIN THAT WAS PROTRUDING INFLT; WHEN GEAR WAS UP AND LOCKED. THE CONTRACT MAINT TECH; WORKED ON IT UNTIL EARLY THE NEXT MORNING. WHEN WE ARRIVED; WE WERE TOLD BY MAINT CTL TO PROCEED WITH THE ADJUSTMENT AS SPELLED OUT IN THE MAINT MANUAL. CONTRACT MAINT HAD SHORT SIGNED THAT THE GEAR PINS WERE INSTALLED. WE JACKED THE ACFT AND BEFORE WE GOT MUCH FURTHER MAINT CTL HAD A SHIFT CHANGE AND WE WERE ASKED TO OPEN IT UP AND LOOK FOR ANYTHING CATCHING; RUBBING; ETC. WE OPENED IT ALL UP AND INSPECTED/MANIPULATED/JIGGLED ALL WE COULD GET OUR HANDS ON. WE SWUNG THE GEAR MULTIPLE TIMES AND COULD NOT FIND A PROB. THE PIN RETRACTED WITH THE GEAR AND POPPED UP WHEN THE GEAR WAS DOWN AND LOCKED; EVERY TIME. WE CLOSED IT UP AND CALLED IT GOOD. HERE IS OUR PROB. I SPOKE WITH THE CONTRACT MAINT TECH AND WAS TOLD THEY HAD BROKE THE SAFETIES AND ADJUSTED THE SYS. THEY SWUNG THE GEAR AND TESTED THE SYS. NO WHERE WAS THAT DOCUMENTED; NOR WERE WE INFORMED OF THIS FACT. WE DID NOT CHK THE SAFETIES; OR THE GAPS/RIGGING OF THE SYS. WE WERE LOOKING FOR SOMETHING HUNG UP OR BINDING. CALLBACK CONVERSATION WITH RPTR REVEALED THE FOLLOWING INFO: REPORTER STATED THAT NONE OF THE WORK PERFORMED BY THE CONTRACT PROVIDER MECHANICS WAS EVER DOCUMENTED. THIS MAINT ON THE NOSE LANDING GEAR (NLG) SYSTEM INCLUDED BREAKING THE SAFETIES; ADJUSTING THE SYSTEM AND SWINGING THE NLG; ALL WITHOUT ANY DOCUMENTATION. REPORTER ALSO STATED; WHEN HE AND ANOTHER MECHANIC; WHO ARE THE CARRIER'S EMPLOYEES; TOOK OVER THE WORK FROM THE CONTRACT PROVIDER; THEY WERE NEVER INFORMED OF THE MAINT WORK ALREADY PERFORMED -- JUST THAT THE GEAR PINS WERE INSTALLED. FOLLOWING INSTRUCTIONS FROM THEIR MAINT CONTROL THEY DID A VISUAL OF ALL COMPONENTS; MECHANISMS; CABLES; BRACES; NLG LINKS; INCLUDING SWINGING THE NLG. THE NLG DOWN AND LOCKED INDICATOR PIN EXTENDED; AS IT SHOULD; DURING THE DOWN CYCLE AND RETRACTED DURING THE UP AND LOCKED CYCLE. REPORTER ADDS; HE FOUND OUT LATER; AFTER THE ACFT HAD DEPARTED; OF THE UNDOCUMENTED MAINT WORK AND HIS CONCERNS FOR THE NLG SYSTEM MECHANICAL SAFETIES THAT WERE NEVER VERIFIED. HE NOTIFIED HIS COMPANY AND THE ACFT WAS GROUNDED AT A DOWNLINE STATION TO HAVE A FULL NOSE GEAR SAFETY INSPECTION. THE ACFT WAS LATER FLOWN TO THEIR MAINT BASE FOR ANOTHER INSPECTION. REPORTER CONCLUDES BY SAYING THAT OTHER FELLOW MECHANICS HAD PREVIOUSLY RAISED CONCERNS ABOUT THIS PARTICULAR MAINT PROVIDER'S PRACTICES; BUT; HE NEVER GAVE IT MUCH THOUGHT ABOUT IT UNTIL THIS HAPPENED TO HIM.,AN MD-80 ACFT BEING WORKED BY A CONTRACT MAINT PROVIDER MECHANICS FOR A NLG DOWN AND LOCKED INDICATOR PIN THAT WAS PROTRUDING IN FLIGHT; FAILED TO DOCUMENT THEY BROKE THE SAFETIES AND ADJUSTED THE NLG SYSTEM.,
780601,ASRS Database Online custom search,turnover,200803,Operator: Air Carrier | Make/Model: Dash 8-400,Component: Exterior Pax/Crew Door | Problem: Malfunctioning,Function: Technician Technician | Human Factors: Communication Breakdown; Time Pressure; Troubleshooting ,,Contributing Factors: Human Factors; Aircraft; Chart Or Publication; Company Policy; Manuals | Primary Problem: Human Factors,DURING AN 'A' CHK; AN AVIONICS TECHNICIAN WAS USING SOME TEST EQUIP ON THE ACFT WHICH CAUSED THE MAIN CABIN DOOR SEAL TO INFLATE. NO ONE WORKING THE 'A' CHK KNEW WHAT HE WAS DOING OR THAT THE DOOR SEAL WAS INFLATED. A MECH WENT TO CLOSE AND THEN OPEN THE DOOR CAUSING THE DOOR SEAL TO TEAR. MR X AND I WERE THEN INSTRUCTED TO CHANGE THE SEAL. AFTER CHANGING THE SEAL; WE PERFORMED AN OPS CHK OF THE DOOR SEAL. NOT REALIZING THAT THE DOOR SEAL RESERVOIR WAS ALREADY FILLED BY THE TEST PERFORMED BY AVIONICS; WE BEGAN TO SVC THE RESERVOIR. THE MINUTE THAT MR Z CRACKED OPEN THE LOW PRESSURE REGULATOR WE ALL HEARD A LOUD BOOM. MOST PEOPLE WORKING IN THE AREA THOUGHT THAT THE NOISE CAME FROM THE R ENG SINCE THERE WAS AN AIRBORNE KIT HOOKED TO IT FOR DEICE BOOT CHKS. THE CREW PERFORMED OPS CHKS AND FOUND NO DISCREPANCIES WITH THE DEICE SYS; EXTINGUISHING SYS. UPON ARRIVING AT WORK ON A LATER DATE; I WAS INFORMED THAT THE END HAD BLOWN OFF OF THE DOOR SEAL RESERVOIR CAUSING STRUCTURAL DAMAGE TO THE ACFT. THE EVENT OCCURRED BECAUSE OF LACK OF COM BTWN MECHS AND AVIONICS SINCE WE WEREN'T AWARE THAT THE RESERVOIR WAS ALREADY FILLED. SUPPLEMENTAL INFO FROM ACN 780600: MYSELF AND MS Y WERE ASSIGNED TO CHANGE OUT A MAIN CABIN DOOR SEAL ON ACFT X DUE TO A TEAR RESULTING FROM MISCOM BTWN AVIONICS AND MAINT. NO ONE ON SHIFT HAD ANY EXPERIENCE CHANGING THIS SEAL. WE FOLLOWED THE AMM STEP-BY-STEP. AFTER REMOVING AND REPLACING THE SEAL; WE PERFORMED AN OPS TEST OF THE DOOR SEAL. WE DID NOT REALIZE THAT THE RESERVOIR WAS ALREADY FILLED TO CAPACITY DUE TO AVIONICS TESTS. THE AMM DID NOT INSTRUCT US TO DRAIN THE RESERVOIR. THE MANUAL STATES TO NOT GO ABOVE 19.5 PSI. WHEN SVCING BEGAN; A LARGE NOISE WAS HEARD FROM THE OTHER SIDE OF THE ACFT. THE AIRBORNE TEST KIT WAS INSTALLED AND PEOPLE WITHIN THE AREA AND MYSELF THOUGHT THAT A DEICE BOOT HAD RUPTURED. THE 'A' CHK CREW PERFORMED OPS CHKS AND NO DEFECTS WERE NOTED. WE CONTINUED WITH OUR TEST AND INFLATED THE DOOR SEAL 3 TIMES; ONCE WITH THE DOOR OPEN AND TWICE WITH THE DOOR CLOSED TO VERIFY A GOOD SEAL WITHIN THE ACFT. THE NON ROUTINE WAS NOT CLOSED OUT AT THE TIME OF TURNOVER. MISCOM BTWN AVIONICS AND MECHS COMBINED WITH A POSSIBLE LACK IN AMM REFS DID NOT LEAD ANYONE TO SUSPECT THE RESERVOIR. SUPPLEMENTAL INFO FROM ACN 780814: WE THEN HEARD A LOUD BOOM. AT THAT TIME I TURNED OFF THE NITROGEN TO THE RESERVOIR. WE THEN PERFORMED OPS CHKS OF THE DEICE SYS AND FIRE EXTINGUISHING SYS DUE TO THE FACT THAT THE SOUND DID NOT SEEM TO ORIGINATE FROM INSIDE THE ACFT; NO DISCREPANCIES WERE FOUND. MR X AND MS Y THEN TESTED THE DOOR SEAL WITH THE BLEED AIR KIT. THE DOOR SEAL INFLATED WHICH INDICATED THAT THE RESERVOIR WAS IN FACT INTACT. A NON-ROUTINE WAS WRITTEN TO FURTHER TROUBLESHOOT THE CAUSE OF THE LOUD BOOM. IT WAS THEN TURNED OVER TO NEXT SHIFT. UPON ARR AT WORK ON A LATER DATE; I WAS NOTIFIED THAT ON ACFT X THE AIR RESERVOIR IN QUESTION HAD RUPTURED AND THAT THE LINE LEADING TO THE DOOR SEAL HAD BEEN SHEARED IN SUCH A WAY THAT THE DOOR SEAL WAS STILL ABLE TO OPERATE INFLT. THIS EVENT OCCURRED DUE TO LACK OF COM BTWN MECHS; AND IMPROPER KNOWLEDGE OF THE AIR RESERVOIR SYS. SUPPLEMENTAL INFO FROM ACN 780602: WHILE ON LEAD ASSIGNMENT; I; AMONG OTHERS; HEARD A LOUD POPPING NOISE THAT SOUNDED LIKE IT CAME FROM THE R SIDE OF THE ACFT. MECHS WERE TESTING MAIN CABIN DOOR SEAL AND LE DEICE SYS. NO AIR WAS GOING TO ACFT AT TIME OF POP. THE MECHS RETESTED MAIN CABIN DOOR SEAL AND LEADING EDGE DEICE SYS MULTIPLE TIMES WITH NO DEFECTS NOTED. I WROTE A NON ROUTINE MAINT WRITE-UP STATING WHAT HAPPENED AND THAT A GENERAL VISUAL INSPECTION OF #2 NACELLE PNEUMATIC LINES AND VALVES WERE LOOKED AT AND DISCREPANCY COULD NOT BE FOUND AND ACFT WAS TURNED OVER TO NEXT SHIFT. UPON ARRIVING FOR DUTY ON A LATER DATE; I LEARNED THAT MCD RESERVOIR HAD COME APART AT THE END SEAM AND CAUSING OTHER DAMAGE TO RESERVOIR MOUNTING.,NUMEROUS MECHANICS REPLACING A BOMBARDIER DHC-8-400 ACFT MAIN CABIN DOOR SEAL ARE LATER INFORMED THE DOOR SEAL AIR RESERVOIR END HAD BLOWN OFF AT THE END SEAMS.,
786215,ASRS Database Online custom search,turnover,200805,Operator: Air Carrier | Make/Model: B737-800,Component: Cargo Door | Problem: Malfunctioning,Function: Technician Technician | Human Factors: Communication Breakdown; Troubleshooting ,,Contributing Factors: Aircraft; Human Factors | Primary Problem: Human Factors,I PICKED UP ON A NON ROUTINE CARD FROM THE WORK CTR WITH A WRITTEN TURNOVER STATING THAT THE #1 CARGO DOOR SEAL NEEDED COMPLETION OF THE REMAINING 24 INCHES AT THE TOP OF THE DOOR. INSTALLED REMAINING SECTION AND CLOSED DOOR TO CHK FOR SEAL CONTACT. SIGNED FOR INSTALLATION OF SEAL. ACFT EXPERIENCED AIR TURNBACK ON THE FIRST FLT DUE TO INABILITY TO PRESSURIZE. UPON INVESTIGATION; FOUND SEAL INSTALLED INCORRECTLY. LCL SUPERVISION COUNSELED ME ON EVENT. INK STAMP ON SEAL LED ME TO BELIEVE SEAL WAS INSTALLED CORRECTLY. SUPPLEMENTAL INFO FROM ACN 786214: I BEGAN INSTALLING THE #1 CARGO DOOR SEAL UP TO THE TOP OF THE DOOR AND AT THE END OF THE SHIFT EXECUTED A WRITTEN TURNOVER FOR THE JOB TO BE COMPLETED AND TURNED IN TO THE WORK CTR. ACFT EXPERIENCED AN AIR TURNBACK; UNABLE TO PRESSURIZE. UPON INVESTIGATION; FOUND SEAL INSTALLED BACKWARDS.,TWO MECHANICS WERE INFORMED OF A B737-800 REQUIRING AN AIR TURNBACK DUE TO INABILITY TO PRESSURIZE THE ACFT. THE #1 CARGO DOOR PRESSURE SEAL HAD BEEN INSTALLED BACKWARDS.,
786247,ASRS Database Online custom search,turnover,200804,Operator: Air Carrier | Make/Model: B777-200,Component: Longeron/Stringer | Problem: ,Function: Technician Lead Technician | Human Factors: Troubleshooting ,,Contributing Factors: Aircraft; Human Factors | Primary Problem: Human Factors,AS TO THE BEST OF MY MEMORY I REMEMBER MY LEAD HAD ASSIGNED ME TO FABRICATE DOUBLER AND FILLER. SO I FABRICATED AND PREPARED DOUBLER AND FILLER FOLLOWING SRM PROCS AND NOT SEEING ANY ELONGATED HOLES ON THE STRINGER AFTER THE FABRICATION AND PREPPING WAS COMPLETED. THEN I GOT AN OK TO INSTALL FROM QUALITY CTL. SUPPLEMENTAL INFO FROM ACN 786248: TO MY BEST RECOLLECTION; I CAME TO WORK OVERTIME. MY TURNOVER WAS REPAIR SPLICE IS COMPLETE AND IT NEEDS QUALITY CTL BUYBACK. SUPPLEMENTAL INFO FROM ACN 786246: I HAD STARTED TO WORK OVERTIME AT XA00 ON THE ACFT. THE PATCH WAS 90% DONE. I HAD FINISHED UP INSTALLING THE FASTENERS UNDER THE TIGHT AREAS NOT ON THE STRINGER. I DON'T REMEMBER SEEING ANY ELONGATED HOLES OR ANYTHING WRONG WITH THE REPAIR. AFTER COMPLETING THE REPAIR; INSPECTION AND MYSELF HAD INSPECTED THE REPAIR. AFTER THE REPAIR WAS DONE; NEITHER MYSELF NOR INSPECTION FOUND ANY DISCREPANCIES ON THE REPAIR. THEN THE REPAIR WAS SIGNED OFF.,THREE MECHANICS DESCRIBE THEIR INVOLVEMENT WITH AN EXTERNAL FUSELAGE SKIN AND STRINGER REPAIR ON A B777-200 ACFT; JUST AFT OF MAIN CABIN ENTRY DOOR 1-LEFT.,
786479,ASRS Database Online custom search,turnover,200805,Operator: Air Carrier | Make/Model: A321,Component: Escape Slide | Problem: Improperly Operated,Function: Technician  | Human Factors: Time Pressure ,,Contributing Factors: Aircraft; Company Policy; Environment - Non Weather Related; Human Factors | Primary Problem: Human Factors,SHIFT STARTED AT XA30. WORK PACK FOR ACFT X HAD SEVERAL ITEMS TO WORK. THESE ITEMS INCLUDED 3 PRIORITY 1 ITEMS; AND OTHER MEL'S. 3 INBOUND ITEMS WERE WRITTEN IN THE LOGBOOKS. ONE OF THE INBOUND ITEMS WAS AN ITEM CONCERNING R2 CABIN DOOR INDICATION WHILE INFLT. I WORKED THE OVERNIGHT CHK FIRST WHILE MY PARTNER STARTED TO WORK THE MUST FIX MEL ON THE CABIN INTERPHONE SYS. AFTER THE OVERNIGHT CHK WAS COMPLETED; I WAS GOING TO WORK THE PRIORITY 1 FUEL FILTER CHANGES WHICH HAD NO FLT TIME LEFT TO USE. NO FILTERS WERE AVAILABLE FOR THE FUEL FILTER CHANGE. MY PARTNER NEEDED HELP WITH TROUBLESHOOTING THE INTERPHONE PROB. HE TALKED WITH MAINT CTL SEVERAL TIMES ABOUT THE INTERPHONE PROB AND ALSO THE CABIN DOOR INDICATION PROB. WE DID WORK THE DOOR PROB BY OPENING AND CLOSING EACH DOOR; AND ALSO ARMING AND DISARMING EACH DOOR/EXIT DOOR ON THE ACFT. WE COULD NOT DUPLICATE THE LOGBOOK ITEM. I LOOKED IN THE MEL BOOK FOR RELIEF WITH THE DOOR. THE DOOR COULD BE MEL'ED. THIS WAS AN OUT FOR THIS PROB. WE CONCENTRATED ON THE INTERPHONE PROB HOPING TO CLR THIS MEL. THIS WOULD ALLOW THE ACFT TO OPERATE IN MORNING. WORK ON INTERPHONE WAS INVOLVED WITH CEILING PANEL REMOVAL AND RINGING OUT WIRES FOR SHORTS OR OPENS. WORK PROGRESS WAS GIVEN TO MAINT CTL AND TO OUR LEAD MECH. THE INTERPHONE SYS WAS REPAIRED AND THE MEL CLRED NEAR THE END OF OUR SHIFT. MAINT CTL THEN DIDN'T WANT TO GIVE AN MEL ON THE DOOR INDICATION AND A NEW PLAN WAS STARTED. I HAD COMPLETED THE PAPERWORK ON THE CHK AND PREPARED A TURNOVER FORM FOR THE DOOR INDICATION PROB TO GIVE TO THE FIRST SHIFT. THE TIME WAS APPROX XH00. A NEW CABIN DOOR SENSOR AND ACFT MAINT MANUAL REF WAS RECEIVED WITH A REQUEST TO STAY AND WORK THE PROB THROUGH BY MAINT MGR. MY PARTNER STARTED THE DOOR SENSOR REMOVAL; BUT COULD NOT STAY PAST SHIFT END TIME. I ACCEPTED TO STAY TO FINISH FIXING THE ITEM. THE SENSOR WAS CHANGED; BUT THE NUT WASN'T SAFETIED DUE TO IT MAY NEED ADJUSTMENT PER ACFT MAINT MANUAL. THE DOOR WAS CLOSED AND LATCHED. I WALKED TO THE COCKPIT TO CHK THE INDICATION. IT WAS GOOD. MY LEAD ARRIVED TO HELP. I WENT BACK TO THE DOOR AND ARMED THE SLIDE. THEN RETURNED TO THE COCKPIT TO CHK THE INDICATION TO SEE IF IT WORKED. THE INDICATIONS WERE GOOD. THE NEXT STEP IN MY THINKING WAS TO TIGHTEN AND SAFETY THE NUT. THIS REQUIRES OPENING THE DOOR. I OPENED THE DOOR; BUT THE SLIDE WASN'T DISARMED FIRST. THE SLIDE DEPLOYED. I KNEW INSTANTLY WHAT I DID WRONG. I DIDN'T STOP; LOOK; DOUBLECHK BEFORE OPENING THE DOOR. MY LEAD WAS PRESENT AND NOTIFIED THE SUPVRS. DRUG AND ALCOHOL TESTS WERE GIVEN. I HAD GOTTEN UP MONDAY MORNING AND BEEN AWAKE ALL DAY TO START NIGHT SHIFT AT XA30. MANY WORK ITEMS TO DO; ONLY WORKED ON THE NECESSARY ITEMS NEEDING TO BE DONE SO THAT ACFT COULD OPERATE NEXT DAY. I KNOW THE IMPORTANCE OF FIRST FLT OF THE DAY OP. THE COMPANY NEEDS ACFT READY TO GO TO SERVE ITS CUSTOMERS.,MECHANIC WORKING NUMEROUS CABIN PRIORITY WRITE-UPS; INCLUDING A MUST FIX MEL INTERPHONE PROBLEM AND DOOR 2-R INDICATION IN FLIGHT ISSUE; ON AN AIRBUS A321; INADVERTENTLY OPENS CABIN DOOR PRIOR TO DISARMING; DEPLOYING SLIDE.,
787489,ASRS Database Online custom search,turnover,200805,Operator: Air Carrier | Make/Model: B767 Undifferentiated or Other Model,Component: Oil Storage | Problem: Malfunctioning,Function: Technician Technician | Human Factors: Communication Breakdown; Troubleshooting ,,Contributing Factors: Aircraft; Chart Or Publication; Human Factors; Manuals; Airspace Structure | Primary Problem: Human Factors,MYSELF AND A FELLOW AMT WERE ASSIGNED TO WORK ACFT. AFTER PERFORMING AN ETOPS RELIABILITY CHK; I ASSISTED AMT IN PREPARING THE #1 ENG FOR A BORESCOPE INSPECTION. DURING THE PREPARATION; I REMOVED THE GEAR BOX CRANK PAD COVER SO THAT THE ENG COULD BE TURNED FOR THE INSPECTION. AT THAT POINT; MY SHIFT CAME TO AN END; LEAVING THE OTHER AMT TO FINISH THE TASK. I WAS NOTIFIED AT AROUND XA30 THAT THE ACFT HAD TAKEN OFF AND LOST OIL PRESSURE AND QUANTITY. THE ACFT THEN PERFORMED A #1 ENG INFLT SHUTDOWN AND AN AIR TURN-BACK. AFTER INSPECTING THE ENG; IT WAS FOUND THAT THE CRANK PAD COVER WAS NOT REINSTALLED. A LACK OF COM BTWN THE AMT AND MYSELF; JOB TURNOVER WERE PROBABLY THE KEY FACTORS IN THIS EVENT. I NEGLECTED TO TELL THE AMT WHERE I HAD PLACED THE REMOVED CRANK PAD COVER. SUPPLEMENTAL INFO FROM ACN 787494: I STARTED A BORESCOPE INSPECTION ON THE #1 ENG. I REMOVED THE BORESCOPE PLUGS. MY PARTNER ASSISTED ME ON THE BORESCOPE BY REMOVING THE CRANK PAD. HIS SHIFT CAME TO AN END AND HE LEFT WITHOUT TELLING ME WHERE HE PUT THE CRANK PAD. IT WAS ABOUT 2 OR 2 1/2 HRS BEFORE INSPECTION CAME TO INSPECT THE ENG. I PUT THE BORESCOPE PLUGS I REMOVED ON THE GND NEXT TO MY TOOLS UNDER THE ENG. I INSTALLED THEM AND HAD SOMEONE ELSE CHK BEHIND ME. WE BOTH MISSED THE CRANK PAD. THE CRANK PAD IS BEHIND OIL DRAIN LINE AND IS NOT EASY TO SEE. WE SIGNED PAPERWORK SAYING WE COMPLIED WITH INSPECTION. WE LEAK CHKED ENG AND FOUND NO LEAKS. THE PAPERWORK DOES NOT STATE THAT WE HAD TO OPEN THRUST REVERSER COWLS BACK UP. I SUGGEST A STREAMER BE LEFT FROM THE CRANK PAD WHILE REMOVED AND A SIGN BLOCK FOR THE THRUST REVERSERS TO BE OPENED BACK UP AND LOOKED AT AFTER ENG RUN. SUPPLEMENTAL INFO FROM ACN 787486: I MISSED THAT THE CRANK PAD COVER WAS NOT INSTALLED. BEING DARK OUTSIDE AND LACK OF A MORE DETAILED INSPECTION CONTRIBUTED. CALLBACK CONVERSATION WITH RPTR REVEALED THE FOLLOWING INFO: REPORTER STATED HE HASN'T SEEN ANY CHANGES TO THE BORESCOPE OPEN-UP JOB CARD AT THIS TIME; REGARDING THE CRANK PAD COVER INSTALLATION OR THE ENGINE RUN OIL LEAK CHECK PROCEDURE.,A B767 REQUIRED AN AIR TURN BACK AFTER #1 ENG LOSS OIL PRESSURE AND QUANTITY; DUE TO CRANK PAD COVER NOT REINSTALLED AFTER BORESCOPE INSPECTION.,
787729,ASRS Database Online custom search,turnover,200805,Operator: Air Carrier | Make/Model: A320,Component: Fan Blade | Problem: ,Function: Technician Lead Technician | Human Factors: Troubleshooting; Communication Breakdown ,,Contributing Factors: Human Factors; Chart Or Publication; Aircraft | Primary Problem: Human Factors,I WAS WORKING WITH MR X INSTALLING A NEW FAN BLADE IN POSITION #4 OF THE #1 ENGINE ON ACFT X. WE HAD ONLY RECEIVED INSTRUCTION TO INSTALL THE BLADE AND NOTED MAINT MANUAL THE PAPERWORK PREVIOUSLY PRINTED FOR THE JOB. USING THAT PAPERWORK WE INSTALLED THE BLADE AND RETAINING RING. THE ILLUSTRATION OF THE RING INSTALLATION AND THE DESIGN OF THE RING CAUSED US TO OMIT A ROW OF SECURING FASTENERS. ON THE ENGINE RUN AND VIBRATION SURVEY EXCESSIVE VIBRATIONS WERE NOTED. THE RELIEVING CREW FOUND THE MISSING BOLTS WHEN THEY PULLED THE SPINNER TO ADD WEIGHTS. OUR UNFAMILIARITY WITH THE JOB; ALTHOUGH WE WORK THE ACFT ON THROUGH FLTS; THE POOR ILLUSTRATION IN THE MM; POOR COM TURNOVER AND ASSUMING THE LAST CREW HAD THE PROPER PAPERWORK CAUSED THIS PROBLEM. THE ADDITIONAL TURNOVER WAS SPOTTY AND CONFLICTING WHEN PRESENTED; ONE AMT RECEIVED ONE TURNOVER FROM THE FOREMAN AND THE OTHER AMT RECEIVED A DIFFERENT TURNOVER FROM THE LEAD. THIS ADDED TO THE CONFUSION TO THE JOB. THE PARTS NEEDED TO REINSTALL THE RING WERE NOT MARKED FOR LOCATION; NOR WERE THEY BAGGED AND ATTACHED TO THE PART. THE FASTENERS WERE LEFT IN 3 EACH PLASTIC CUPS. WE ASSUMED; AS IS THE CASE ON A LONG JOB; EXTRA BOLTS HAD BEEN ORDERED.CALLBACK CONVERSATION WITH RPTR ACN 787735 REVEALED THE FOLLOWING INFO: RPTR STATED THE MISSED FASTENERS WERE NOTED AND INSTALLED BEFORE THE ACFT WAS RELEASED FOR SERVICE. RPTR ALSO STATED HIS MAINT DEPT HAS ADDRESSED MANY OF THE ISSUES THAT WERE RAISED IN ORDER TO HELP PREVENT A POSSIBLE REOCCURRENCE.,TWO MECHANICS DESCRIBE THE CIRCUMSTANCES THAT CONTRIBUTED TO THEIR OMITTING A ROW OF SECURING FASTENERS; WHILE INSTALLING A NEW FAN BLADE AND RETAINING RING ON AN AIRBUS A302 #1 ENGINE.,
794337,ASRS Database Online custom search,turnover,200807,Operator: Air Carrier | Make/Model: Regional Jet 200 ER/LR (CRJ200),Component: Trailing Edge Flap | Problem: ,Function: Lead Technician  | Human Factors: Troubleshooting; Time Pressure; Communication Breakdown ,,Contributing Factors: Company Policy; Human Factors; Environment - Non Weather Related | Primary Problem: Human Factors,L WING TRAILING EDGE PANELS FOR A FLAP ACTUATOR INSPECTION WERE ONLY PARTIALLY REMOVED FOR AN A13 INSPECTION AND STAMPED OPEN ON THE PANEL CARD BY SECOND SHIFT. NO ONE ON THIRD SHIFT WAS AWARE THAT ONLY SOME OF THE SCREWS HAD BEEN REMOVED FROM THE PANEL AND THE PANEL WAS STILL INSTALLED ON THE ACFT WITH THE REMAINING SCREWS. WHEN IT CAME TO THE END OF THE 'A' CHK; THE INSPECTOR ON DUTY CAME TO ME AND ASKED WHO CLOSED THE PANELS BECAUSE THEY WERE NOT STAMPED OFF BUT THE PANELS WERE INSTALLED ON THE ACFT. I THOUGHT THAT SECOND SHIFT HAD REINSTALLED THEM AND FORGOT TO STAMP THE PANEL CARD; WHICH HAS HAPPENED IN THE PAST WHEN WE HAVE HAD SECONDS HELP US OUT ON 'A' CHKS. I WENT OUT TO THE ACFT AND LOOKED UNDER THE WING; SAW THE PANELS ON THE ACFT AND STAMPED THE PANEL CARD FOR THOSE PANELS AS CLOSED. I NEVER DID CLB UNDER THE WING TO GET CLOSE ENOUGH TO ENSURE THAT ALL THE SCREWS WERE IN THE PANEL. I WASN'T AWARE THAT SOMEONE HAD ONLY REMOVED SOME OF THE SCREWS AND NOT ALL OF THEM WHEN THE PANEL WAS STAMPED OPEN. THE ACFT LEFT FOR REVENUE SVC ON THE MORNING FLT TO ZZZ. THAT AFTERNOON I RECEIVED A CALL AT HOME FROM THE MAINT SUPVR ON DUTY IN ZZZ SAYING THEY FOUND A BAG OF SCREWS SITTING IN THE HANGAR AND THE SECOND SHIFT TECHNICIAN RECOGNIZED THEM AS THE ONES REMOVED FROM THE PANELS ON THE L WING. I TOLD THE SUPVR THAT THE ACFT NEEDED TO BE CHKED BECAUSE I WAS UNAWARE THAT ONLY SOME OF THE SCREWS WERE REMOVED AND I HAD NOT VERIFIED THAT ALL THE SCREWS WERE IN THE PANEL; I JUST LOOKED TO SEE THAT THE PANEL WAS INSTALLED. THE ACFT WAS BTWN FLTS IN ZZZ1 AT THE TIME WHERE ZZZ1 MAINT VERIFIED THAT THE SCREWS WERE MISSING FROM THE PANELS. THE ACFT WAS THEN REMOVED FROM SVC TO INSTALL SCREWS IN THE PANEL. AFTER FURTHER INFO WAS PROVIDED TO ME; THE PANELS THAT WERE INVOLVED WERE ON THE LOWER FLAP LEADING EDGE; NOT THE WING TRAILING EDGE. WE ONLY HAD 2 TECHNICIANS ON DUTY AND 2 LEADS; BUT PLANNING SAID THE 'A' CHK WAS A MUST-DO; ALONG WITH SOME MAINT ON THE OTHER 3 ACFT ALSO COMING THAT NIGHT. SO RIGHT FROM THE START WE WERE SWAMPED. RUNNING A LITTLE BEHIND IN THE MORNING; AS EXPECTED; THE INSPECTOR CAME TO ME WITH THE PANEL CARD AND SAID NO ONE HAD SIGNED FOR SOME PANELS. THE ACFT WAS ABOUT TO BE PULLED OUT FOR ENG RUNS; SO I RAN OUT TO THE PLANE; LOOKED UNDER THE WING; SAW THE PANELS WERE ON THE PLANE AND ASSUMED SECOND SHIFT INSTALLED THEM BUT FORGOT TO SIGN THEM OFF SO I STAMPED THE CARD. NEVER ASSUME ANYTHING. ALSO; IF SOMEONE DOESN'T REMOVE A PANEL COMPLETELY; A WRITE-UP SHOULD BE GENERATED STATING THAT; NOT JUST SIGNING THE PANEL OPEN ON THE PANEL CARD; OR IT SHOULD BE STATED IN THE SHIFT TURNOVER AND A RED TAG INSTALLED ON THE PANEL THAT IS STILL ON THE ACFT.,A LEAD MECHANIC DESCRIBES THE EVENTS THAT FOLLOWED AFTER THE LEFT WING T/E PANELS FOR A FLAP ACTUATOR INSPECTION; WERE ONLY PARTIALLY REMOVED; BUT STAMPED 'OPEN;' ON THE PANEL REMOVAL CARD FOR A BOMBARDIER CL-600-2B19 (CRJ-200).,
796400,ASRS Database Online custom search,turnover,200806,Operator: Air Carrier | Make/Model: A310,Component: Hydraulic Fluid | Problem: Malfunctioning,Function: Technician  | Human Factors: Communication Breakdown; Troubleshooting ,,Contributing Factors: Aircraft | Primary Problem: Aircraft,ON JUN/XF/08 ACFT DIVERTED DUE TO A LOW LEVEL WARNING OF THE GREEN HYD SYS. ON JUN/XE/08 I RECEIVED TURNOVER FOR A HYD LEAK ON ACFT X. TURNOVER FOUND SPD BRAKE VALVE INBOARD R WING LEAKING. WE CONFIRMED SPD BRAKE VALVE LEAK AND REPLACED SAME PER AMM. FOR TESTING OF SPOILER VALVE; WE USED THE AUX GREEN; YELLOW; AND BLUE SYS. WE FOUND NO LEAKS AND ALL CHKED GOOD. WE WERE FINISHED WITH THE JOB. WE WERE CALLED BACK AT DEP THAT AFTERNOON FOR A HYD LEAK AT THE SAME AREA. WE AGAIN DROPPED THE FLAPS AND REMOVED THE UNDER WING PANELS TO GAIN ACCESS. WE FOUND PUDDLED FLUID AT THE AFT SPAR THAT WAS RUNNING TOWARD THE LNDG GEAR AREA. WE DID ANOTHER LEAK CHK WITH AUX PUMPS; AND EXPANDED OUR SEARCH IN A GREATER AREA IN THE AFT SPAR AND LNDG GEAR AREA. WE DID NOT FIND ANY LEAKS; WE CHKED ALL 3 HYD SYS FLUID LEVELS AND THEY WERE ALL NORMAL. I DEEMED IT WAS RESIDUAL FLUID AND RE-CLEANED THE AREA. ACFT HISTORY SHOWS BLUE HYD SYS FLUID WAS SVCED ON JUN/XA/08 WITH NO OTHER SYS BEING SVCED. THE SPOILER VALVE THAT WAS CHANGED WAS IN THE BLUE SYS. THE GREEN SYS LOW; WAS A RESULT OF A LEAKING R AILERON DROOP ACTUATOR. THE DROOP ACTUATOR IS FURTHER OUTBOARD OF THE SPD BRAKE VALVE AND FORWARD OF THE AFT SPAR. I FEEL THAT THE TWO ARE UNRELATED SINCE THEY ARE 2 DIFFERENT SYS; 2 DIFFERENT AREAS; AND 2 DIFFERENT DAYS.,AN AIRBUS A310 MECHANIC DESCRIBES WHY A BLUE HYD SYS LEAKING INBOARD RIGHT WING SPEED BRAKE VALVE WAS NOT RELATED TO A GREEN HYD SYS LEAKING RIGHT AILERON DROOP ACTUATOR.,
799273,ASRS Database Online custom search,turnover,200808,Operator: Air Carrier | Make/Model: B737-400,Component: Reverser Translating Sleeve | Problem: ,Function: Technician Technician | Human Factors: Communication Breakdown; Time Pressure ,,Contributing Factors: Environment - Non Weather Related; Human Factors | Primary Problem: Human Factors,I WAS ASSIGNED TO WORK ACFT X WITH A SVC CHK ATTACHED TO IT. INCLUDING IN THE WORK PACKAGE WAS AN INSPECTION ON #1 MAIN LNDG GEAR BRAKE. MEL ON THE #1 ENG R IGNITER; MEL ON #1 ENG GENERATOR INOP. OPS CHK FOR VOICE RECORDER; STANDBY PWR; INTERIOR EMER LIGHTS; CATIII HGS 30 DAY. WE ALSO HAVE AN ACARS REGARDING PRESSURIZATION ISSUE. WHEN THE ACFT ARRIVED WE MET IT TO HAVE A DETAILED TURNOVER FROM THE INBOUND FLT CREW REGARDING THE PRESSURIZATION ISSUE. WHEN THE ACFT WAS CLR OF PAX AND CARGO WE STARTED TO TROUBLESHOOT THE GENERATOR MEL ALONG WITH IGNITER MEL; BY ENG RUN IDLE. WE WERE ADVISED TO STOP WORKING ON THE MEL'S AND WE THEN STARTED TO WORK ON THE BRAKE CHANGE AS WELL AS THE #2 MAIN LNDG GEAR TIRE CHANGE. ENG STOP LINE SUPPORT CAME BY TO ACCOMPLISH THE IGNITER LEAD CHANGE WHILE WE WERE WORKING ON THE BRAKE AND TIRE. DURING THE CONFUSION OF WORKING MULTIPLE TASKS AND MULTIPLE PEOPLE WORKING ON THE ACFT; THE DEACTIVATION OF THE LEADING EDGES WAS NOT ACCOMPLISHED. WHEN WE WERE DONE WE WENT IN THE SHOP TO CLEAN UP. ON THE WAY BACK TO THE ACFT WE WERE INFORMED THAT THE LEADING EDGE FLAPS WERE DEPLOYED AND DAMAGED THE INBOARD THRUST REVERSER OF #1 ENG.,TWO LINE MECHANICS WORKING A B737-400 ACFT; EXPLAIN HOW MULTIPLE TASKS; DISTRACTIONS AND INTERRUPTIONS OF JOB ASSIGNMENTS LED TO THE DEPLOYMENT OF THE LEADING EDGE FLAPS THAT DAMAGED THE #1 ENG INBOARD THRUST REVERSER.,
799475,ASRS Database Online custom search,turnover,200808,Operator: Air Carrier | Make/Model: EMB ERJ 145 ER/LR,Component: Nose Gear | Problem: ,Function: Lead Technician  | Human Factors: Time Pressure ,,Contributing Factors: Human Factors; Logbook Entry; Environment - Non Weather Related; Aircraft | Primary Problem: Ambiguous,I WENT OUT TO ACFT X AT APPROX XA00 TO CONDUCT A GENERAL VISUAL INSPECTION OF THE NOSE GEAR THAT THE CREW REQUESTED BECAUSE OF AN INCIDENT AT THE PREVIOUS STATION. THE CREW DID NOT DOCUMENT THEIR REQUEST FOR THE INSPECTION AND AFTER PERFORMING THE GENERAL VISUAL INSPECTION I ALSO DID NOT DOCUMENT THE INSPECTION PRIOR TO RELEASE OF THE ACFT FOR FLT. THE GEAR INSPECTION WAS REPEATED AND THE ACFT WAS RELEASED FOR SVC WITH NO DEFECTS FOUND. SHORTLY AFTER COMING ON SHIFT ON THE DATE IN QUESTION I WAS TEMPORARILY FILLING IN AS SECOND SHIFT CREW CHIEF BECAUSE THE REGULAR LEAD WAS INDISPOSED. I DID NOT KNOW THAT I WOULD BE FILLING IN UNTIL THE FIRST SHIFT LEAD WAS WALKING OUT THE DOOR. I WAS BUSY TRYING TO GET A HANDLE ON THE TURNOVER AT THE SAME TIME I WAS HANDING OUT OTHER JOBS. IT WAS AN UNUSUALLY BUSY TIME AND IN SHORT ORDER ALL OF THE MECHS ON SHIFT WERE BUSY WORKING ON ACFT. AT THAT TIME ACFT X CALLED IN REQUESTING A VISUAL INSPECTION OF ITS NOSE GEAR BECAUSE OF A TOWBAR INCIDENT IN ZZZ. SINCE THERE WERE NO OTHER MECHS AVAILABLE AT THE TIME AND THE PLANE WAS BOARDED AND READY TO GO I WENT OUT TO THE PLANE MYSELF TO SEE WHAT WAS GOING ON. I DID A GEAR VISUAL INSPECTION OF THE GEAR AND OBSERVED NO ABNORMALITIES. I TALKED TO THE CREW AND THE CAPT COMMUNICATED THAT HE DIDN'T THINK A WRITE-UP WAS NECESSARY. I TOOK IT THAT HE DIDN'T BELIEVE THAT THERE WERE ANY ACTUAL PROBS AND THAT HE JUST WANTED A SECOND PAIR OF EYES TO VERIFY THAT. I TOLD HIM THAT I DIDN'T OBSERVE ANY FAULTS AND HE THANKED ME AND SAID THEY WOULD BE GOING THEN. I AGREED NOT TO DOCUMENT IT BECAUSE I HAD OBSERVED NO FAULTS AND THAT I THOUGHT IT WAS IMPORTANT THAT I QUICKLY GET BACK TO THE OFFICE AND CONTINUE TO PERFORM THE LEAD DUTIES. DON'T LET THE PRESSURES OF MAKING A SCHEDULE AFFECT DECISION MAKING. CALLBACK CONVERSATION WITH RPTR REVEALED THE FOLLOWING INFO: REPORTER STATED THAT AFTER HE HAD ACCOMPLISHED THE GENERAL VISUAL INSPECTION OF THE NOSE GEAR; A CHIEF PILOT AT A DOWNLINE STATION HAD REQUESTED A WRITTEN LOGBOOK WRITE-UP BE MADE BY THE FLIGHT CREW AND SIGNED BY THAT STATION'S MAINT. A SECOND VISUAL INSPECTION WAS COMPLETED WITHOUT ANY DISCREPANCIES FOUND AND THE ACFT WAS RE-RELEASED FOR SERVICE.,A LEAD MECHANIC CONDUCTED A GENERAL VISUAL INSPECTION OF THE NOSE GEAR ON AN EMB-145LR (ERJ-145LR) PER PILOT'S VERBAL REQUEST. PILOT DID NOT MAKE A WRITE-UP; AND LEAD DID NOT DOCUMENT INSPECTION PRIOR TO RELEASE.,
800143,ASRS Database Online custom search,turnover,200808,Operator: Air Carrier | Make/Model: MD-80 Series (DC-9-80) Undifferentiated or Other Model,Component: Exterior Pax/Crew Door | Problem: ,Function: Technician Technician | Human Factors: Communication Breakdown; Troubleshooting ,,Contributing Factors: Human Factors; Aircraft; Airspace Structure; Chart Or Publication | Primary Problem: Human Factors,ON THE EVENING OF AUG/XA/08 WE WERE ASSIGNED THE TASK OF ADJUSTING THE L1 DOOR STOPS ON ACFT AS INDICATED ON OUR JOB ASSIGNMENT SHEET. ANOTHER MECH WAS SENT TO ASSIST WITH THE DOOR RIG. HE STATED THAT HE WAS SENT TO DO A DOOR RIG. WITH THIS MINDSET; WE (ALONG WITH THE OTHER MECH) INTERPRETED THE MAINT WRITE-UP ENTRIES AS PERTAINING TO THE FINAL TORQUES ON THE SET SCREWS. NO PARTS WERE EVER ORDERED FOR THIS ACFT. WE WERE NEVER TOLD THAT THE SET SCREWS OR NUTS WERE DEFECTIVE IN OUR TURNOVER; NOR WERE WE EVER TOLD THAT THESE PARTS FAILED A 'RUNNING TORQUE.' SO; WITH THE ASSISTANCE OF MAINT; WE RIGGED THE DOOR PER THE MAINT MANUAL. THE NEXT NIGHT WE FOUND OUT THAT THE MAINT WRITE-UP ENTRIES FOR THE SET SCREWS REFERRED TO THE 'RUNNING TORQUE.' THE ACFT NEVER FLEW IN THIS CONDITION AND NEW PARTS WERE ORDERED FOR IT. THE ACFT IS AWAITING THE PARTS AND A DOOR INSPECTION. SUGGESTED RESOLUTION: BETTER TURNOVER PROC -- MORE TECHNICAL DETAILS AND MAINT MANUAL REFS NEED TO BE INCLUDED.,TWO MECHANICS ASSIGNED THE FINAL TASKS OF ADJUSTING THE L-1 DOOR STOPS ON A MD-80; WERE NEVER TOLD THAT THE SET SCREWS AND NUTS WERE DEFECTIVE AND HAD PREVIOUSLY FAILED A 'RUNNING TORQUE.',
802492,ASRS Database Online custom search,turnover,200809,Operator: Air Carrier | Make/Model: Dash 8-400,Component: Fuselage Tail Cone | Problem: ,Function: Lead Technician Technician | Human Factors: Communication Breakdown; Time Pressure; Troubleshooting ,,Contributing Factors: Human Factors; Logbook Entry; Environment - Non Weather Related; Aircraft; Company Policy | Primary Problem: Human Factors,WHEN REVIEWING WORK PACKAGE FOR ACFT X (JOB CARD X); MISSED THE REVIEW OF THE RII BUYBACK; MAJOR REPAIR; AND AIRWORTHINESS RELEASE. WAS NOT ABLE TO REVIEW THE PACKAGE RIGHT AWAY. HANDED THE PACKAGE TO THE SWING SHIFT SUPVR AT XE00 WHO FOUND THE DISCREPANCIES. ACFT HAD LEFT AT XA00. SWING SHIFT SUPVR CAUGHT ERROR DURING REVIEW OF PAPERWORK. ACFT WAS TAKEN OTS IN ZZZ1 AND MECH WAS DISPATCHED TO PERFORM RII AND MAJOR REPAIR AIRWORTHINESS RELEASE. LACK OF EXPERIENCE ON THE MECH'S END; AND I WAS BUSY AND WASN'T ABLE TO REVIEW THE PACKAGE RIGHT AWAY. ON MOST DAYS; I AM SLAMMED WITH A HVY WORKLOAD. MY PHONE IS RINGING CONSTANTLY WITH CALLOUTS FROM MAINT CTL AND OPS. I AM DELEGATING COMMUNICATING WITH THE MECHS ON DUTY. I AM ORDERING PARTS; COORDINATING WITH STORES WHICH SPOT TO TAKE THEM TO; OFTEN TIMES GETTING THE PART MYSELF AND TAKING IT TO THE MECH BECAUSE STORES IS TIED UP. I AM HELPING -- TRAINING THE MECHS LOOKING UP THE APPROPRIATE MANUAL REF. IF THERE WAS A LITTLE MORE HELP; POSSIBLY A SECOND LEAD ON DAYS FOR REVIEWING PAPERWORK OR RELIEVING ME OF SOME OF THESE DUTIES SO I WOULD HAVE MORE TIME TO CONCENTRATE ON PAPERWORK; MAYBE THIS WOULDN'T HAVE HAPPENED. SUPPLEMENTAL INFO FROM ACN 802490: ON SEP/XA/08; SENT TO ZZZ MAINT TO INSTALL 1 MONEL 'CHERRY MAX' RIVET TO COMPLETE A LIGHTNING STRIKE REPAIR. ALL THE REPAIR WAS COMPLETED EXCEPT THE INSTALLATION OF A RIVET PRIOR TO MY ARR. I INSTALLED THE RIVET. THE MECH THAT I WAS WORKING WITH ACCEPTED RESPONSIBILITY FOR REPAIR DOCUMENTATION. I WAS THEN REASSIGNED TO ANOTHER ACFT. IT WAS BROUGHT TO MY ATTN THAT AN RII WAS MISSED FOR THE ENTIRE REPAIR AFTER THE ACFT WAS RELEASED FOR REVENUE SVC. I DID NOT REVIEW THE PAPERWORK BEFORE STARTING THE JOB; AND ALLOWED SOMEONE TO ACCEPT RESPONSIBILITY FOR MY WORK. SUPPLEMENTAL INFO FROM ACN 802491: I RECEIVED TURNOVER FOR THE LIGHTNING STRIKE AROUND XA00 ON SEP/XA/08. I WAS TOLD THAT I NEEDED TO FINISH THE TEMPORARY REPAIR OF THE AFT TAIL CONE PER THE REPAIR DOCUMENT; AND CREATE 3 DEFERRED MAINT ITEMS PER THE REPAIR DOCUMENT THEN I COULD RETURN THE ACFT TO SVC. I WENT AND INSPECTED THE HOLE WITH A X10 MAGNIFICATION GLASS AND THEN MR Y CAME UP FROM ZZZ TO INSTALL THE MONEL RIVET. AFTER THAT WAS DONE; I EPOXY PRIMERED IT AND ALL THE MAINT WORK WAS COMPLETE PER THE REPAIR DOCUMENT. THEN I CAME IN TO THE OFFICE AND COMPLETED THE PAPERWORK. THE NEXT MORNING IT WAS BROUGHT TO MY ATTN THAT I DIDN'T HAVE THE MAINT TASK RII INSPECTED AND THAT IT WAS A MAJOR REPAIR; NOT A MINOR PER THE REPAIR DOCUMENT. THE ERROR WAS ON MY PART FOR NOT LOOKING THE REPAIR DOCUMENT OVER COMPLETELY TO SEE THAT IT WAS A MAJOR REPAIR AND THAT IT NEEDED TO BE RII INSPECTED; AND HAVE AN AIRWORTHINESS RELEASE. ALSO FOR NOT SIGNING THE BLOCK ON THE TASK CARD TO VERIFY THAT I HAD COMPLIED WITH THE REPAIR DOCUMENT. SUPPLEMENTAL INFO FROM ACN 803251: ACFT WAS DISPATCHED WITHOUT PROPER RII INSPECTION AND AIRWORTHINESS RELEASE. I; AS SUPVR AT THE TIME; WAS FEELING VERY OVERWHELMED WITH THE LARGE AMOUNT OF OTS ACFT AND UNSCHEDULED MAINT GOING ON.,A LEAD; TWO MECHANICS AND A SUPERVISOR DESCRIBE THEIR INVOLVEMENT WITH AN AFT TAILCONE REPAIR ON A DHC-8-400. ACFT DEPARTED WITHOUT A REQUIRED RII INSPECTION AND AIRWORTHINESS RELEASE BEING ACCOMPLISHED.,
803444,ASRS Database Online custom search,turnover,200809,Operator: Air Carrier | Make/Model: Dash 8-400,Component: Flight Crew Harness | Problem: ,Function: Technician Lead Technician | Human Factors: Communication Breakdown; Troubleshooting ,,Contributing Factors: Aircraft; Human Factors; Incorrect / Not Installed / Unavailable Part | Primary Problem: Human Factors,I WAS WORKING ON ACFT X; IT WAS A WEEKEND MODIFICATION ACFT. WHEN WORKING IN THE AREA; I SAW THAT ONE OF THE FLT ATTENDANT SEATS WAS MISSING A SEATBELT. I TOLD THE PERSON THAT WAS WORKING THE JOB THAT THE SEAT NEEDS A BELT. I THOUGHT THAT IT WAS GOING TO GET TAKEN CARE OF BEFORE THE ACFT WENT OUT. WHEN THE ACFT CAME IN; THE SEAT DIDN'T HAVE A BELT; SO I THINK THE PERSON I WAS WORKING WITH DIDN'T THINK IT NEEDED ONE. SUPPLEMENTAL INFO FROM ACN 803455: DURING MY SHIFT PERFORMED AN AIRWORTHINESS WALKAROUND ON ACFT X AFTER THE WEEKEND MODIFICATIONS PERFORMED ON THE ACFT; SIGNED THE LOGBOOK BEFORE GOING HOME. AT SHIFT TURNOVER; MR E NOTIFIED MR G AND MYSELF THAT THE ONE SEATBELT WAS NOT INSTALLED AND THE OTHER DAMAGED AT THE AFT FLT ATTENDANT SEATS ATTACHED TO THE BULKHEAD BTWN CABIN AND AFT CARGO PIT; AND THAT GATE MAINT WAS INSTALLING NEW SEATBELTS AND THAT THE FLT WOULD BE DELAYED. I NOTED THAT MR B HAD SIGNED OFF THE REMOVAL AND INSTALLATION OF THE BULKHEAD ASSEMBLY. WHEN I FOUND OUT ABOUT THE MISSING SEATBELTS; I ASKED MR B ABOUT THE BELTS AND HE STATED THAT THERE WERE NO BELTS INSTALLED WHEN HE REMOVED THE SEAT ASSEMBLY AND DID NOT INSTALL ANY SEATBELT. DURING WALKAROUND; FORGOT TO INSPECT SEAT/SEATBELT ASSEMBLY (THE BULKHEAD -- SEAT ASSEMBLY WAS REMOVED FOR ACCESS TO UNDER FLOOR REPAIRS). MORE IN-DEPTH WALKAROUND ON ALL PARTS THAT HAD MAINT PERFORMED. SUPPLEMENTAL INFO FROM ACN 803478: THE EVENT OCCURRED BECAUSE I HAD A MISUNDERSTANDING ABOUT THE PRESENCE OF THIS MISSING SEATBELT. THE AFT INBOARD FLT ATTENDANTS SEAT HAD TO BE REMOVED TO REMOVE THE BULKHEAD. GRAVEYARD HAD REMOVED THE SEAT AND HAD NOT NOTIFIED ME OF A MISSING SEATBELT. THEY EITHER RETURNED IT TO STOCK; THREW IT AWAY; OR IT JUST WAS ALREADY NOT INSTALLED. THE AFT OUTBOARD FLT ATTENDANT'S SEAT STAYED UNTOUCHED. IF IT WAS INOPERABLE; IT WAS LIKE THAT FOR A WHILE BECAUSE I DID NOT TOUCH THAT. UPON INSTALLATION OF THE AFT G3 BULKHEAD; I INSTALLED THE INBOARD FLT ATTENDANT'S SEAT WITHOUT THE SEATBELT HARNESS -- THERE WAS NONE TO BE FOUND; I ASSUMED THAT IT DID NOT NEED TO BE INSTALLED SINCE IT DID NOT HAVE ONE ON THERE BEFORE. THE TASK FOR INSTALLING THE BULKHEAD TELLS YOU TO INSTALL THE FLT ATTENDANT'S SEAT WITH REFERENCE TO A DIFFERENT TASK -- THAT TASK DOES SAY TO INSTALL THE INERTIA REEL (SEATBELT HARNESS). I DID SEE THAT; ONCE AGAIN IT WAS MY MISTAKE IN THINKING THAT SINCE IT WAS ALREADY MISSING OR NOT INSTALLED ON THE ACFT; THAT IT WAS FOR ONE REASON OR ANOTHER NOT NEEDED TO BE PRESENT ON THE ACFT. THE TASK FOR INSTALLING THE G3 BULKHEAD TELLS YOU TO INSTALL A PIVOTING FLT ATTENDANT'S SEAT (IF APPLICABLE) WITH REF TO A DIFFERENT TASK; BUT THAT ACFT DID NOT HAVE A PIVOTING SEAT; SO IT WAS NOT APPLICABLE. NOWHERE IN THAT TASK DID IT HAVE A REF FOR INSTALLING OR REMOVING THE FLT ATTENDANT'S SEAT.,TWO MECHANICS AND A LEAD DESCRIBE THEIR INVOLVEMENT WITH A SEATBELT HARNESS MISSING FROM THE AFT G3 BULKHEAD INBOARD SIDE ON A DEHAVILLAND DHC-400 ACFT.,
803519,ASRS Database Online custom search,turnover,200807,Operator: Air Carrier | Make/Model: B757-200,Component: Escape Slide | Problem: ,Function: Technician  | Human Factors: Troubleshooting; Time Pressure; Communication Breakdown ,,Contributing Factors: Environment - Non Weather Related; Airspace Structure; Human Factors; Aircraft | Primary Problem: Human Factors,MY PARTNER AND I WERE DOING A DOOR SLIDE CHANGE; AND PER MM YOU CAN USE A SPECIFIC PIN FOR THE DOOR BOTTLE OR 2 BOLTS. SINCE PINS ARE HARD TO FIND; WE DECIDED TO USE THE BOLTS TO PIN THE BOTTLE; BUT WE DID NOT PUT THE STREAMERS ON THE BOLTS BECAUSE WE NORMALLY FINISHED THE WHOLE JOB. AND BECAUSE THE BOTTLE IS LOCATED IN THE CEILING NEAR THE MAIN ENTRANCE; I CLOSED THE PANEL AFTER WE PINNED THE BOTTLE TO PREVENT ANYBODY FROM HITTING THEIR HEAD ON THE PANEL. AND WHOEVER FINISHED THE JOB DID NOT PULL THE PINS. THE PLANE ENDED UP FLYING AROUND UNTIL IT WENT TO C-CHECK AND THEY FOUND THE BOLTS STILL IN THE BOTTLE. SUPPLEMENTAL INFO FROM ACN 810965: I WAS GIVEN THE TURNOVER FROM PREVIOUS SHIFT ACFT X DOOR 1R SLIDE CHANGE; THAT THE DOOR GIRT BAR WOULD NOT ARM EASY AND THE NEW SLIDE WAS ALREADY INSTALLED BY PREVIOUS SHIFT. XXXX AND I ADJUSTED THE GIRT; SOLD THE WORK WE PERFORMED TO INSPECTOR. WE REMOVED THE BOTTLE PIN FROM THE SLIDE AND STOWED IT. OPENED THE CEILING PANEL AND VERIFIED NO STREAMER PRESENT ON THE DOOR ASSIST BOTTLE. THEN TAXIED TO THE GATE ON A DELAY. USED PROPER DEACTIVATION PROCS.SUPPLEMENTAL INFO FROM ACN 810967: THE DOOR ASSIST BOTTLE SAFETY PIN WAS NOT REMOVED BUT WAS ALSO NOT INSTALLED CORRECTLY DUE TO IT NOT HAVING A SAFETY STREAMER AS PER MM ADVISES TO USE. I WITNESSED MY PARTNER LOOK TO SEE IF THE SAFETY PIN AND STREAMER WAS INSTALLED BUT DID NOT VIEW IT MYSELF. I HEARD HIM SAY IT WAS NOT INSTALLED. USE THE CORRECT SAFETY PIN NOT A BOLT WITH NO STREAMER.SUPPLEMENTAL INFO FROM ACN 810966: ACFT DOOR 1R EMER POWER RESERVOIR WAS FOUND WITH 2 BOLTS INSTALLED AS SAFETY PINS (NO STREAMERS ATTACHED) WHEN ACFT CAME IN DOCKS FOR 'C' CHECK.SUPPLEMENTAL INFO FROM ACN 804234: 2 AMTS BEGAN REPLACING A SLIDE AT DOOR 1R AT XA00. THE AMTS USED BOLTS INSTEAD OF LOCKOUT PINS TO KEEP FROM HAVING THE 1R DOOR BOTTLE OPERATE UNINTENTIONALLY. THE PINS ARE OKAY TO USE PER B757 AMM; HOWEVER THEY DID NOT TAG THEM WITH STREAMERS. TECHS DID NOT FINISH THE JOB AND LEFT THE GIRT BAR ADJUST FOR NEXT SHIFT TECHS. THE NEXT SHIFT AMTS AND THE INSPECTOR WHO BOUGHT THE RII OF THE SLIDE INSTALLATION DID NOT SEE THE BOLTS INSTALLED ON THE BOTTLE WHICH IS INSTALLED ABOVE THE CEILING PANEL AFT OF THE COCKPIT DOOR AND INBOARD OF THE FORWARD LAVATORY. THE SAFETY PIN ON THE SLIDE WAS REMOVED. IT WAS AN IRREGULAR INSTALLATION ON THE 1R BOTTLE AND THEY WERE NOT LOOKING FOR IT. THE BOLTS WERE LEFT ON ACFT X FOR 103 FLT CYCLES BEFORE BEING FOUND DURING THE C-CHECK. I WAS THE AREA SUPVR THAT DAY AND CLEARED AN ITEM STATING 'AMM FOLLOWED;' REF: MAINT CTL PAGES FOR THE FOLLOWING. WERE ALL SAFETY DEVICES REMOVED? WAS THE RII DONE? I ANSWERED 'YES' AFTER SPEAKING WITH THE AMTS AND BEING TOLD WE WERE GOOD. I BELIEVE THE USAGE OF BOLTS INSTEAD OF A PIN AND STREAMER SHOULD NOT BE ALLOWED AND ANY LOCKOUT LEFT ON AN EMERGENCY SYSTEM NEEDS TO BE DOCUMENTED. ALSO; THE WARNINGS AT THE END OF THE AMM NEED EXPANSION. HUMAN FACTORS INCLUDE COMPLACENCY; PRESSURE; COM; RESOURCES; AND CONSISTENCY. CHANGES TO THE AMM PROCS ARE BEING SUGGESTED TO ENGINEERING AS I WRITE THIS RPT.,MECHANICS; AN INSPECTOR AND SUPERVISOR DESCRIBE THEIR INVOLVEMENT WITH A B757-200 OPERATING WITH THE CABIN DOOR 1R EMERGENCY ASSIST BOTTLE DEACTIVATED BY LOCKOUT BOLTS; AND THAT DID NOT HAVE STREAMERS ATTACHED.,
806377,ASRS Database Online custom search,turnover,200807,Operator: Air Carrier | Make/Model: B757-200,Component: Fuselage Panel | Problem: ,Function: Technician  | Human Factors: Communication Breakdown; Troubleshooting ,,Contributing Factors: Human Factors; Incorrect / Not Installed / Unavailable Part; Aircraft; Airspace Structure | Primary Problem: Human Factors,I WAS INFORMED BY MGMNT THAT ACFT X HAD AN AIR TURN-BACK IN JULY BECAUSE IT WAS UNABLE TO PRESSURIZE. I CAME IN ON EARLY CALL AND WAS TOLD TO CHANGE OUT THE NOSE GEAR STEERING VALVE THAT HAD ALREADY BEEN STARTED. THE COVER (PANEL) OVER THE NOSE GEAR STEERING VALVE AHD BEEN PARTIALLY REMOVED WHEN I TOOK OVER THE JOB. I FINISHED REMOVING THE COVER (PANEL) AND FOUND THAT THE TOWING BYPASS LEVER WAS STICKING. MYSELF AND ANOTHER AMT REPLACED THE SEALS ON THE BYPASS LEVER AND OPS CHK LEAK CHK OK. I REINSTALLED THE COVER (PANEL) OVER THE NOSE GEAR STEERING VALVE AND SIGNED OFF THE OPEN ITEMS ON THE WRITE-UP. I MISUNDERSTOOD THAT THE NOSE GEAR STEERING VALVE COVER (PANEL) THAT I FOUND PARTIALLY REMOVED AND REINSTALLED WAS THE ONE THAT WAS WRITTEN UP ON THE WRITE-UP. THE ACTUAL PANEL THAT WAS PARTIALLY REMOVED IS IN THE FORWARD L-HAND SIDE OF THE NOSEWHEEL WELL. THERE WAS NO MAINT MANUAL REF PAPERWORK TO SHOW A LOCATION OF THIS PANEL. NOT THINKING THAT A PANEL SO FAR AWAY FROM THE PROB WITH THE STEERING VALVE WAS PARTIALLY REMOVED I SIGNED OFF THE NOSE GEAR STEERING VALVE COVER (PANEL) THINKING THAT THIS WAS THE PANEL WRITTEN ON THE WRITE-UP. WHEN PANELS ARE PARTIALLY REMOVED THERE SHOULD BE A MAINT MANUAL PICTURE SHOWING THE LOCATION OF WHAT PANELS ARE REMOVED OR PARTIALLY REMOVED. THIS WILL AVOID CONFUSION WHEN SIGNING OFF THE WORK. I WILL PAY MORE ATTN TO THE ITEMS THAT ARE WRITTEN UP ON WRITE-UPS AND WILL LOOK UP IN THE MAINT MANUAL AND ITEMS IN QUESTION TO AVOID CONFUSION IN THE FUTURE. CALLBACK CONVERSATION WITH RPTR REVEALED THE FOLLOWING INFO: REPORTER STATED HE WAS CALLED IN ON EARLY OVERTIME. THEIR NORMAL SHIFT HAD NOT STARTED; SO HE DID NOT HAVE A LEAD. THE TURNOVER GIVEN TO THE ON-SHIFT SUPERVISOR AND THEN RELAYED TO HIM SEEMS TO BE WHERE THE MISUNDERSTANDING ABOUT A PARTIALLY REMOVED PANEL ON THEIR MAINT WRITE-UP BEGAN. REPORTER STATED THEIR LEADS USUALLY ENTER THE MAINT AND SIGNOFF DATA IN THEIR MAINT ACFT HISTORY AND LOGBOOK. HE BELIEVES IF ONE OF THE LEADS WAS ON DUTY; THEY MAY HAVE CAUGHT THE DISCREPANCY IN THE SIGNOFF OF THE MAINT WRITE-UP.,MECHANIC IS INFORMED THE B757-200 ACFT HE PREVIOUSLY WORKED; WOULD NOT PRESSURIZE AND REQUIRED AN AIR TURNBACK. A FORWARD LEFT HAND NOSE WHEEL WELL BULKHEAD PANEL WAS NOT FULLY SECURED.,
815052,ASRS Database Online custom search,turnover,200811,Operator: Air Carrier | Make/Model: Dash 8-400,Component: Powerplant Mounting | Problem: ,Function: Technician Technician | Human Factors: Communication Breakdown; Troubleshooting ,,Contributing Factors: Company Policy; Human Factors | Primary Problem: Human Factors,NOV/08; C-CHK Q400; I WAS ASSIGNED TO ACCOMPLISH INSTALLATION OF THE TOP ENG MOUNT OF ENG #1 AND TO CONTINUED TENSION SPOILERS AFTER XA00 DUE TO 24-HR SOAKING TIME. SWING SHIFT TOOK A TURNOVER WITH WHO WE HAD TO PROCEED TO INSTALL THAT TOP ENG MOUNT. SINCE I HAVEN'T DONE INSTALLATION OF ENG MOUNTS DURING MY CAREER TIME IN ACR; I ASKED MY PREVIOUS SHIFT MECH TO BRIEF ME INTO IT VERBALLY; AND LATER WE USED Q400 AMM TASKS FOR INSTALLATION. ENG MOUNTS WERE INSTALLED AS PER Q400 TASKS; INSTALLATION LOOKED GOOD AND WAS INSPECTED BY OUR QUALITY CTL INSPECTOR X. YES; WE DID HAVE SOME HARD TIME DURING INSTALLATION; DUE MISALIGNMENT OF ONE OR THE OTHER ENG MOUNTS; BUT WE GOT IT ALIGNED; INSTALLED; TORQUED AND COTTER-PINNED AS PER Q400 AMM TASKS. ALL THE ABOVE WORK PERFORMED WAS SIGNED OFF (POSSIBLY BY ME). EVERYTHING WAS INSPECTED; ENG HOIST; ETC; WERE REMOVED AND WE HAD TO BEGIN OUR OTHER TASK ON SPOILER SYSTEMS. I WAS INFORMED ABOUT THE INCIDENT OVER THE PHONE; THAT SOME OTHER TECHNICIAN AND QUALITY CTL INSPECTOR NOTICED IMPROPER INSTALLATION OF THE L-HAND TOP ENG MOUNT. I DON'T KNOW WHAT HAPPENED; POSSIBLY REINSTALLATION OF THE L-HAND TOP ENG MOUNT. I DON'T EVEN EXACTLY KNOW WHAT WAS FOUND; WHAT WAS INSTALLED IMPROPERLY OR POORLY BECAUSE I REFUSE TO BELIEVE THAT MISTAKE WAS MADE AS PER Q400 AMM TASK. FINALLY; THE WORK PERFORMED WAS INSPECTED AND FOUND TO BE GOOD. HOWEVER; I THINK NONE OF THE PARTIES INVOLVED CAN GUARANTEE THAT AFTER THE INSTALLATION; ENG #1 MOUNTS WERE NOT ALTERED OR REASSEMBLED. SUPPLEMENTAL INFO FROM ACN 815050: IN THE HANGAR; ME AND MR X TOOK A TURNOVER FROM PREVIOUS SHIFT FOR THE INSTALLATION OF THE FORWARD TOP ENG MOUNT. THE SIDE ENG MOUNT WAS ALREADY LOOSE FOR US SO WE CAN GET THE TOP MOUNT IN PLACE EASILY. ME AND MR X BEGIN INSTALLING THE TOP MOUNT FIRST. WE HAVE TO MOVE THE ENG FORWARD SO WE CAN TOP MOUNT IN PLACE. AFTER THE TOP MOUNT WAS IN PLACE; WE MOVE THE ENG HOIST TO GET THE BOLT HOLE LINED UP WITH MOUNT BY USING THE ENG HOIST UP AND DOWN TO MOVE THE ENG; BUT WE COULDN'T GET THE HOLD LINED UP SIDE-TO-SIDE AND WE DRAINED THE TORQUE COMPARATOR AND ONCE WE HAD DONE THAT; HOLES LINED UP. ONCE WE GOT THE BOLT HOLE LINED UP; WE PUT THE MOUNT TOGETHER AND PUT THE BOLT THREW THE HOLE TO TORQUE TIGHT NUT ON THE OTHER SIDE OF THE MOUNT. THEN WE START TIGHTENING SIDE MOUNT AND GOT THE MOUNT PIN ALIGNED WITH HOLE. WE GOT THE QUALITY CTLR MR Y TO SEE US TORQUE TOP AND SIDE MOUNT. WE START WITH TORQUING THE TOP MOUNT FIRST. I WAS ON THE FORWARD SIDE OF THE MOUNT; HOLDING WITH THE WRENCH; KEEPING BOLT FROM MOVING AND MR X WAS TORQUING THE NUT. WE TORQUE THE BOLT BUT COTTER PIN HOLE DIDN'T LINE UP AND THEN WE START TORQUING SIDE MOUNT AND COTTER PIN HOLE LINE UP AND COTTER PIN THEM. I GOT THE NEW HARDWARE; NEW NUT AND 2 WASHERS AND WE START TORQUING; PROCESSING AGAIN FOR THE SECOND TIME ON THE TOP MOUNT AND WE GOT MR Y TO SEE US TORQUE THE NUT AND COTTER PIN HOLE LINE UP AND MR X DID THE COTTER PIN. MR Y LOOKED AT THE BOLT AND COTTER PIN OF ALL 3 MOUNTS. WE START TO SVC THE TORQUE COMPARATOR. THIS WAS THE FIRST TIME ME AND MR X DID THE FORWARD ENG MOUNT. LACK OF EXPERIENCE BTWN BOTH OF US; AND DIDN'T VERIFY THE MOUNT AFTER TORQUING IF INSTALLED CORRECTLY AND DIDN'T DOUBLECHK OUR WORK AFTER WE FINISHED WITH OUR WORK. CALLBACK CONVERSATION WITH RPTR REVEALED THE FOLLOWING INFO: REPORTER STATED ANOTHER MECHANIC AND INSPECTOR LATER NOTICED THE #1 ENGINE FORWARD TOP ENGINE MOUNT WAS NOT PROPERLY MATED (SEATED) ON ONE CORNER OF THE MOUNT ASSEMBLY. ALTHOUGH THE MOUNT BOLT AND NUT HAD THE PROPER TORQUE; THEIR INSTALLATION HAD TO BE LOOSENED UP TO ALLOW THE MOUNT BLOCK TO SEAT CORRECTLY AND THEN BE RETORQUED. THEY WERE WORKING FROM A HIGH LIFT VEHICLE AND DID NOT NOTICE THE UNSEATED CORNER OF THE ENGINE MOUNT. REPORTER STATED HE FOLLOWED THE TASK CARD; BUT REALIZES IF HE HAD USED A MIRROR TO LOOK UNDER THE ENGINE MOUNT; HE WOULD PROBABLY HAVE SEEN THE UNSEATED SECTION OF THE FORWARD MOUNT. THE TORQUE COMPARATOR OIL THAT WAS DRAINED AND RESERVICED; IS A 5606 TYPE FLUID.,TWO MECHANICS ARE INFORMED OF AN IMPROPER INSTALLATION OF A TOP; FORWARD ENGINE MOUNT FOR THE #1 ENGINE OF A DHC-8-Q400.,
817311,ASRS Database Online custom search,turnover,200811,Operator: Air Carrier | Make/Model: MD-80 Series (DC-9-80) Undifferentiated or Other Model,Component: Generator Drive | Problem: Malfunctioning,Function: Technician  | Human Factors: Communication Breakdown; Troubleshooting ,,Contributing Factors: Aircraft; Chart Or Publication; Company Policy; Human Factors; Manuals | Primary Problem: Aircraft,I learned of the event on Dec/XA/08 from my fellow AMT who was also involved with this task. In November; I was assigned to Aircraft X to change the #2 engine Constant Speed Drive (CSD) and generator. A fellow AMT and myself performed all tasks per the Maintenance Manual. We changed the CSD and Generator; serviced the components with oil and pulled the aircraft outside for leak and operations check . I was outside the aircraft by the #2 engine CSD and generator looking for leaks during the engine run. No leaks noted during and after the engine run. After the engine was shut down; I checked the CSD oil level and it was still in the green band. The motor was closed up and the paperwork was completed. I later discovered through my fellow co-worker that AMTs in ZZZ found a loose B-nut at the CSD oil cooler. We were never informed before our assignment of the reason why the CSD was run dry. It created a false assumption that the CSD was not properly serviced. With a better turnover; we would have looked for other problems and looked at specific locations; instead of just changing the CSD and generator as instructed. We received our job assignment to replace the #2 CSD because it was run dry -- no oil. Never was informed to us as to why there was no oil.,After replacing the right engine CSD on an MD-80; a Mechanic is later informed a loose 'B' nut was found at the CSD oil cooler on the Pratt Whitney JT-8 engine.,
817963,ASRS Database Online custom search,turnover,200812,Operator: Air Carrier | Make/Model: Regional Jet 700 ER/LR (CRJ700),Component: Leading Edge Slat | Problem: ,Function: Inspector; Technician  | Human Factors: Communication Breakdown ,,Contributing Factors: Manuals; Company Policy; Chart Or Publication; Aircraft; Human Factors | Primary Problem: Human Factors,I was performing an RII inspection of Aircraft X left-hand wing 1-3 Slat Track to Rub block clearances. I noticed that the inboard Rub blocks were the reinstalled worn blocks. However; the wear face had been ground or filed and polished to a new profile. I asked for the approved documentation for modifying the blocks from the Mechanic. I was told my Maintenance Lead had approved it. I asked him to provide some approved data allowing for the modifications and was repeatedly refused. I noted that Maintenance Engineering had a N/R requesting that removed worn components were to be routed back to them for evaluation. My requests again were refused and my Maintenance Supervisor was sent over. I pointed out that these blocks were flight control load bearing surfaces and we weren't in compliance with Maintenance Engineering requests and that I needed approved data allowing for the modification of the parts before I could approve the work performed. I also explained that random hand filing of these flight control load bearing surfaces without documentation wasn't in compliance with good maintenance practices. My requests and concerns were dismissed and refused by the Maintenance Supervisor. This all took place at the aircraft in front of the assigned Mechanics and Maintenance Lead. Eventually; the Supervisor brought the Line Quality Control Lead over. I reviewed my concerns about the undocumented maintenance on the wear blocks and whether the re-profiling modification could make sufficient contact with the track and; therefore; wear properly. I was asked how the parts were to be installed in the aircraft by the Line Quality Control Lead. I outlined the Aircraft Maintenance Management instrument procedure for him. He and the Maintenance Supervisor left the area and 5 minutes later a Line Inspector was sent over to inform me I had been removed from the aircraft; was to give a turnover and report to an aircraft which wasn't scheduled to be in ZZZ during my shift. Callback conversation with Reporter revealed the following information: Reporter stated the CRJ-700 had arrived with an unknown problem causing the slats to fail to extend and the Rub Blocks have a well-engineered role in ensuring the reliability of the slat function. He had concerns over the undocumented modification of theses blocks. He does not know what material the blocks are made of. Reporter stated he felt pressured to sign for undocumented maintenance on a high profile aircraft with a flight control failure problem. When working as an Inspector; he falls under the Quality Control Department because his carrier does not have a Chief Inspector. Reporter stated he gets direction and assignments from their Maintenance Supervisors; who also handle their time-off requests; vacations; travel; sick pay and payroll. He was reassigned to another aircraft that was not even scheduled to arrive at his station during his shift. Reporter stated a Shift Lead later informed him; he would make sure all the Slat Track Rub Blocks would be replaced; even the modified ones.,A Maintenance Inspector performing a Required Inspection Item (RII) on Slat Track to Rub Block clearances on a CRJ-700; describes his efforts to obtain approved documentation for the rework on the old rub blocks that were reinstalled.,
818383,ASRS Database Online custom search,turnover,200812,Operator: Air Carrier | Make/Model: A319,Component: Powerplant Fire/Overheat Warning | Problem: Malfunctioning,Function: Lead Technician Manager | Human Factors: Communication Breakdown ,,Contributing Factors: Aircraft; Logbook Entry; Human Factors | Primary Problem: Human Factors,Upon arrival at XA15; found a message on Lead's desk. Dayshift Lead stated that aircraft would arrive in need of MEL upon arrival per Maintenance Controller. Aircraft was to arrive at XA28. Meanwhile; I was receiving turnover information on Aircraft Y which had a left engine HPTCC replacement in progress of which required my attention. I then received a phone call from Maintenance Controller explaining that Aircraft X would need an MEL placed on it upon its arrival. I stated to Maintenance Controller that I would call him to apply the MEL when I got the chance to meet the aircraft. I then went out on the ramp to review the status of Aircraft Y. When I was briefed of the status of the valve change; I then proceeded to Aircraft X to find the Aircraft being loaded with passengers. At this time I worked my way to the flight deck and spoke with the Captain. I informed him that we would apply the MEL since this was a previous problem he had on this aircraft. At this point I grabbed the logbook and worked my way back out to the jetway phone and commenced communications with Maintenance Control. Maintenance Controller and I began the process of MELing the aircraft. I was relying on his input as I did not have the MEL book in front of me. He guided me through the installation of the MEL #26-12-01b; and the verbiage to be written underneath of the MEL. I asked if there were any special procedures required by Maintenance and there were none. Never in our conversation did we exchange whether it was a follow-up or not. So I assumed it was a different placard not requiring a follow-up. Please note that I was made aware of the MEL infraction later in 2008 by the Manager. Replaced placard from the other to orange. The event occurred due to time constraints and the inability to review and verify the proper application of the MEL. My reliance on the information led to the application of the wrong placard. In the future; the MEL book will also be removed from the cockpit and reviewed prior to acceptance and application of MEL. Callback conversation with Reporter revealed the following information: Reporter stated the orange placard would alert the flight and maintenance crews of an MEL deferral and the requirement for an additional procedure to be followed. The additional procedure would require some kind of action to be accomplished by Operations (flight crew); maintenance or both. In his case; one of the fire loops on #2 engine was deferred but required the pilot to perform a fire loop test on the A319 prior to each flight. With the incorrect colored placard installed; the preflight fire loop test may not have been performed on following flights. The orange placard was later installed.,A Lead Mechanic is informed by his manager he should have installed an orange type placard on an A319 for the MEL of a #2 engine fire warning loop; requiring pilot to verify loop integrity prior to each flight.,
821512,ASRS Database Online custom search,turnover,200901,Operator: Air Carrier | Make/Model: B737-700,Component: Fuel Crossfeed | Problem: ,Function: Technician  | Human Factors: Communication Breakdown ,,Contributing Factors: Aircraft; Company Policy; Logbook Entry; Incorrect / Not Installed / Unavailable Part; Human Factors | Primary Problem: Human Factors,Removal of the Right-hand Main Landing Gear Inner Door per CDL 32-10-3B has a Maintenance Procedure that requires the 'daily' application of grease to the Fuel Crossfeed Valve Actuator Shaft per the Aircraft Maintenance Manual. An entry in the Maintenance Log is required to document that the procedure has been accomplished. Maintenance Control monitors the compliance of the CDL procedure by opening a second log page used for tracking these procedures and is deferred maintenance tracking. At XA26 the aircraft arrived. Knowing that the procedure had not been complied with for the day; the Line Maintenance Coordinator was notified by phone at approximately XA50 and was told to accomplish the procedure. They were told that this had not yet been done for the day and that this procedure had to be accomplished and documented prior to midnight. Upon my arrival to work today; while preparing for shift turnover; I was checking to see if all open tracking deferrals that had a daily; or every cycle inspection requirement; and had their associated procedures accomplished or not. Looking in Maintenance Compliance Systems for the aircraft and the tracking log page; I saw that the CDL procedure had not been accomplished as was requested the previous night because the date of accomplishment in Maintenance Compliance Systems was the Jan/XB/09 instead of the Jan/XA/09. This indicates a failure to comply with the CDL Maintenance Procedure of a 'daily' application of grease. It appears that since the aircraft remained overnight; the accomplishment of the procedure was pushed to the overnight work package instead of doing it when requested. My safety concern over this practice is that the aircraft could have been called upon by the operation earlier in the evening and could have flown away without the application of fresh grease onto the actuator shaft. It had already flown 3 cycles from the previous day's application.,A Mechanic reports the 'daily' application of grease to the Fuel Crossfeed Valve Actuator on one of their B737-700's was not accomplished as required by the CDL; for deferring a removed right Main Landing Gear inner door.,
822522,ASRS Database Online custom search,shift_change,200812,Operator: Air Carrier | Make/Model: B757-200,Component: Fuel Line; Fittings; & Connectors | Problem: Malfunctioning,Function: Lead Technician Technician | Human Factors: Communication Breakdown ,,Contributing Factors: Chart Or Publication; Human Factors; Manuals; Logbook Entry | Primary Problem: Human Factors,To assist in the prevention of this happening again; I would suggest the General Manual be more specific in the equipment RII listing. In reviewing the pertinent chapter; it states that autopilot components are not included. The Linear Variable Differential Transformer (LVDT) works directly with the autopilot system and can be mistaken as a non RII item. The Aircraft Maintenance Manual does show tiny RIIs off to the side and if concentrating on the wording; could be missed. I believe these could be factors in this discrepancy. I was informed that I may have committed a violation of not having an RII documented on Aircraft X. In December 2008; the crew was troubleshooting an aircraft trim problem. A rudder LVDT was changed at shift change and turned over to the next crew. The Mechanic did not sign for the installation. I checked the Mechanic's work and printed his name and signed my name per the General Manual. I informed the oncoming crew that it required rig and operational checkouts. The next crew checked the LVDT and found it bad. They replaced the first LVDT with a new one. Rigged and Operations Checked the new one and signed the item off as serviceable. The logbook reflects this work. The problem is it was an RII and the RII block was not signed off. The logbook page does not show the RII block being signed off. Supplemental information from ACN 822523: I received an email informing me that I reviewed and released Aircraft X's logbook and failed to notice a missed RII inspection that was required for a rudder LVDT replacement that happened in December 2008. Supplemental information from ACN 822524: We were working a LVDT change from a logbook write-up of excessive rudder trim. We were continuing a task started on dayshift. Inspection did inspect the rig but we neglected to have him sign the RII block in the logbook page. We were working under the direct supervision of a Lead Technician. I signed the logbook as a summary of the work performed by the Mechanics under my supervision that day.,Two Lead Mechanics and a Mechanic who were working a LVDT change from a logbook write-up of excessive rudder trim; are informed they did not have the required inspection (RII) block signed off in the logbook; prior to releasing the B757-200.,
825752,ASRS Database Online custom search,turnover,200902,Operator: Air Carrier | Make/Model: B777-200,Component: Cargo Pit Compartment | Problem: ,Function: Technician Technician | Human Factors:  ,,Contributing Factors: Aircraft; Human Factors | Primary Problem: Human Factors,On the last 3 hours of our 11+ hour shift; we were assigned to repair damaged wires in the forward pit ceiling of aircraft. There was no turnover from previous crews working the aircraft. We reviewed the General Manual Boeing Standard Practices Manual for wire repair; and then went to the aircraft to inspect the damage. We found 2 small wires that had slightly damaged insulation in approximately 1/8 inch area. This area was cut out; the wire stripped; inspected; spliced per the General Manual 2-0-15. 1 small wire that had slight discoloration on the insulation but appeared serviceable was wrapped with Teflon tape for good measure. The 2 C2 hydraulic pump aluminum cables that were damaged; were spliced with AMP copalum splices; per the Boeing Standard Wiring Practice Manual 20-30-13. The third cable was wrapped with Teflon tape for good measure. At this point we were past the end of our shift; so we closed up the aircraft. There was no power on the aircraft at any time and the hydraulic pump connector was disassembled; so we could not check its operation. The splice repair on the C2 cables was signed off and continued the item for securing and close-up. I overlooked the write-up for the 3 small wires next to the C2 pump cables. There was no one to turn the job over to.,Two Mechanics report about repairing damaged electrical wiring in the forward pit ceiling of a B777-200; but overlooked three other small wires previously written up; next to the Center-2 Hydraulic pump wires.,
828633,ASRS Database Online custom search,"shift_change, turnover",200903,Operator: Air Carrier | Make/Model: B737-800,Component: Indicating and Warning - Landing Gear | Problem: Malfunctioning,Function: Technician Technician | Human Factors: Communication Breakdown; Troubleshooting ,,Contributing Factors: Chart Or Publication; Human Factors; Manuals; Aircraft; Airspace Structure | Primary Problem: Human Factors,Aircraft XXX experienced an air return due to right gear retraction failure as a result of the omission of proper maintenance installation procedures of the spoiler speed brake interlock cable. Several problems; in my opinion; contributed to the mishap. Here is the sequence of events that occurred prior to the air return. Fellow technicians Mr. X and Mr. Y and myself worked the first 7 hours of the shift clamping; safetying and installing panels per the work card tasks for the right-hand main gear. At approximately XA30 we routed the interlock cable through its respective position alongside the gear. Knowing we would not have time to install the cable; we signed our work completed. I then proceeded to write a work interruption for swing shift as to what was required to be completed next; that data included the installation and adjustment of the speed brake interlock cable. I also gave an oral summary of our work activity and what was necessary for the next technicians to do; directly to the swing shift Lead Technician. No signoff of the interlock was made at this time by myself. The next day; I observed the gear prior to my shift start. I noticed the cable was attached and safetied. When the shift began; I thumbed through the work card and observed the speed brake interlock cable adjustment was signed for as completed. With this information at hand; we proceeded to install the gear doors and set out to rig them during the swinging of the gear portion of the work card. Now late in the shift; I signed off the several sections pertaining to gear door installation and rigging. In retrospect; I concluded that my biggest failure in the task was not short signing my work on the first step of the door installation. This section also contained a step to install the interlock cable. There is no inspection buyback on that particular part of the work card. In retrospect; I know I should have short signed the door installation and left the installation step of the interlock to swing to complete. This would have alerted the next technicians to check the installation and readjust the cable. In my defense; I feel the work card is poorly written and should have a separate signoff with inspection buyback on the cable installation; instead of being part of the doors which has no relevance to the cable procession of tasks. I certainly have learned a lesson regarding checking every sentence of each task before signing off. I should always remember to short sign any work performed and have inspection sign; too; on my work performed. Fortunately; no one was injured due to my mistake; but I regret the time; money and inconvenience I put our company (and its passenger) through. The work card is poorly written and should be modified to have a separate step for maintenance and inspection to buy back. It should not be part of the door installation. Perhaps if communication between the swing Lead Technician and myself had been cleared; this might not have happened. In addition; if our air carrier had provided a better overlap of inspectors during the shift change this could have meditated the problem as well. Supplemental information from ACN 828980: At the beginning of my shift; I was assigned from my Lead to work on right-hand main landing gear. I received a brief verbal only turnover from day shift Mechanic that the spoiler interlock cable was completely installed and that it's ready to rig. I then performed the next step on the work card to adjust/test the cable. I followed the Aircraft Maintenance Manual and made 1 turn to the eye bolt at the cable end to make the rig pin S/B 3 fit freely through the yoke of the interlock valve. Then I conducted the test of jacking up the strut a minimum of 1.5 inches up to a maximum 3.0 inches -- the spoilers deployed at about 2.25 inches. The test was good; so we lowered the plane and I instructed Mechanic to tighten the jam nuts and safety wire everything. He did and I had a quick look at everything; and it lookedOK. I then stamped off the step in the work card. Day shift did not communicate they were having a problem with the install of the cable. The Mechanic did not mention there was anything wrong when he did the final safety wire. Callback conversation with Reporter ACN 828633 revealed the following information: Reporter stated some of the work cards don't always follow maintenance friendly processes. Certain steps involving the spoiler speed brake interlock installation should not be part of the gear door installation card. A separate Inspection signoff; at the least; should be added to the gear door card.,Two Mechanics report a B737-800 experienced an air turnback due to a right gear retraction failure caused by the omission of proper maintenance installation procedures of the spoiler speed brake interlock cable.,
830651,ASRS Database Online custom search,turnover,200906,Operator: Air Carrier | Make/Model: MD-80 Series (DC-9-80) Undifferentiated or Other Model,Component: Horizontal Stabilizer Trim Motor | Problem: Malfunctioning,Function: Technician Technician | Human Factors: Time Pressure; Troubleshooting ,,Contributing Factors: Aircraft; Company Policy; Environment - Non Weather Related; Human Factors; Manuals; Chart Or Publication | Primary Problem: Human Factors,After 7 hours of troubleshooting this aircraft in miserable weather; my co-worker and I consulted with our Manager and his Manager. It was then decided that we replace the stabilizer trim primary drive motor. We were informed at that time that; conveniently enough; it's in stock here. Anxious to fix the aircraft; we hastily installed the replacement drive motor. The cold weather coupled with a stiff wind of 25-30 MPH; and throw in some snow -- made the conditions almost unbearable. We wanted to get done. The PIREP indicated the stabilizer trim would only operate in one direction. We checked operation of the stabilizer trim in both directions ok. It was near the end of our shift; and we wanted to complete the job. In our haste; we failed to notice the part number difference for the stabilizer trim drive motor between the newer MD-80 and the legacy part number. In addition; we did not consider the stabilizer trim speed difference during our checkout. Always check for proper effectivity for replacement parts. Always check the tag and part you are installing for proper part numbers and serial numbers. Don't let distractions affect the proper completion of aircraft maintenance tasks. Bad weather played a big role. Time constraints -- toward the end of shift. The different configuration of the new MD-80 aircraft having a different stabilizer trim drive motor. Pressure on self to finish job and not let everybody down. Supplemental information from ACN 829654: During consultation of troubleshooting; Supervisor and Manager thought main drive unit was bad. We were at a remote office so they looked up part number; showed we had that part in stock. We then went to the ramp and installed the unit. It was cold; windy and snowing; and we had to work at top of vertical fin. When we did our final paperwork; we didn't notice that the 2 part numbers didn't match. The checkout showed that the stabilizer operated normal up and down. We had the PIREP that the stabilizer would only operate in one direction. We didn't notice at that time that it was running too fast. Double-check part numbers and part lookup for aircraft effectivity. Different aircraft configuration for newer MD-80 aircraft part look-up done by Supervisor and Manager. Cold; windy and snowing hastened the installation of part; toward end of shift missed part number difference on FAA 8130 tag. Callback conversation with Reporter ACN 830651 revealed the following information: Reporter stated his carrier did not have a hangar facility available; so they both ended up staying outside on the ramp; using an open flatbed truck platform while changing the stabilizer primary drive motor; which is located at the top of the vertical fin. The dayshift Mechanic's turnover said the stab would not trim 'up;' and suggested a stabilizer trim relay may be the problem; and if that didn't work; than the primary drive may be the answer. Reporter stated he and another Mechanic changed the trim relay; which was located just inside the mid cargo door entry sill. The relay change did not correct the problem. He was told three times; the primary drive motor for that MD-80 was available. Reporter stated the Maintenance Manual checkout procedure essentially called for checking the 'pickle' switches and suitcase handles for correct operation. All operations checks were good. The primary drive motor replacement procedures do not call out for a speed check of the stabilizer. But in the stabilizer gearbox change section; which is after the motor drive change section; there is a check for 'time of travel' of the stabilizer. Reporter stated they just did not notice the different part numbers on the FAA 8130 parts tag and should have not been so distracted by the cold weather and end of shift. But he also questions why a different electrical canon plug; or different attach bolts for the primary drive motor; were not designed to help prevent the installation of an incorrect speed ratio drive motor.,Two Mechanics report on troubleshooting and then changing the horizontal stabilizer primary drive motor at the top of an MD-80 vertical tail; outside; snowing; approximately 15 degrees; with winds of 25 to 30 MPH. Incorrect stabilizer drive installed.,
833889,ASRS Database Online custom search,turnover,200904,Operator:  | Make/Model: B737-300,Component:  | Problem: ,Function: Inspector  | Human Factors: Communication Breakdown; Distraction ,,Contributing Factors: Aircraft; Chart Or Publication; Company Policy; Environment - Non Weather Related; Equipment / Tooling; Human Factors; Procedure | Primary Problem: Procedure,I was sent down line to take over inspection on a fuel tank slat can repair on aircraft. When I got there; the mechanics and other Inspector were gone. The paperwork was a mess and parts were scattered. No mechanics went there when I did. They came in later in the day. The mechanics and Supervisor that came had never been on a down line before; so they were unfamiliar with the process. Having been down line; I was working as point of contact to get things going. At one point I was told by my supervision that engineering was throwing a fit because Quality Control is taking control up there and told me to stand down. We finished the repair and Maintenance Control made the call to ferry the aircraft and boro the slat cans. In all the confusion of picking up the job with no turnover; messed up paperwork and missing parts; all of us failed to notice a confined space entry form was never done at the time. When we started; the tank had been open at least 18 hours. Maintenance Control should have sent a tank sniffer with the first guys who went and the changing of crews on down line trips is a serious safety hazard. The same crew who starts a job should see it through so situations like this don't happen.,A B737-300 Inspector on a field trip describes the disorganized conditions he encountered when he arrived at a down line station involving no turnover; messed-up paperwork; missing parts; leading edge slat cans; open fuel tanks and failure to file an opened fuel tank entry form.,
835993,ASRS Database Online custom search,turnover,200905,Operator: Air Carrier | Make/Model: EMB ERJ 145 ER/LR,Component: Air Data Computer | Problem: Malfunctioning,Function: Technician  | Human Factors: Communication Breakdown; Training / Qualification; Time Pressure; Distraction; Confusion ,,Contributing Factors: Human Factors; Staffing; Procedure; Environment - Non Weather Related; Company Policy; Chart Or Publication | Primary Problem: Human Factors,An Embraer 145LR aircraft had a fault of ADC #2; and was troubleshot from first shift. I had gotten the turnover verbally from first shift. I went out to the aircraft and removed and installed the air data computer (ADC). I had asked my Lead three times to bring somebody in with RII; and experience with using the barometer tester. I was met with very unclear; unintelligible responses. I had then gone out to set up the test equipment. After I had set up the test; I had called my Lead; to please send someone out with the qualifications. The Lead had sent out another Mechanic; who had never used the equipment. It had taken some time; but I was able to perform the operational checks; and leak checks in accordance with the AMM I had gotten the job done; and had signed off the logbook. The plane had left before anyone had caught the fact that I had missed the RII. And I was informed last night; by my Supervisor; that the equipment and computer were reduced vertical separation minimums (RVSM) sensitive; as well. It was caught that the RII was indeed missed; by our quality control persons; later in the evening. I am very unclear on how it missed the RVSM sensitive as well. I was not informed of this until late last night.Time; teamwork and a huge misunderstanding of the task at hand. My first mistake was not checking out the RII list. I was working under the assumption of a dated information bulletin; stating that (if); only one ADC computer's lines were broken it was not RII. The bulletin was read; as well as informed by my Lead. I was not even aware that the computer was RVSM sensitive as well. Yes; I had asked my Lead for someone with RII; and was met with resistance; and ignorance; and angry mumblings. I was told that the plane was hard timed; when I had made my 4th request for help. The help I had received was from another Mechanic; no fault of his own; but had never had even been exposed to the testing equipment. That day; we had no one qualified for avionics; nor RVSM. The job card from the AMM; and instructions from the baro tester were clear; and I was able to perform the task. I had gone ahead and signed the logbook; seeing as the computer had passed the tests.As far as I know what has transpired; is the plane had come back the next morning; and the ADC #2 was removed and replaced; with all the qualifications met.The information; is and was very easily attainable; And one thing I do know that is my fault was not reading the RII list; and working off a dated bulletin. Yes; I had asked for help; and even someone with RII. But I was focused at the job at hand; and did not make the push for the RII. Manpower is a consideration here as well. There was no one qualified to run the equipment; or has the training; for the task that night. I do not know if someone had even an inspector's qualifications that night as well. My Lead was under pressure to get the plane flying; and had a very unclear idea of the work being done; and I had received that pressure from my Lead; to get the plane off the gate. Training would also help in this case. We only do have 2 people with the qualifications working on second shift. They work opposite schedules; so if one cannot make it to work; then everyone else without training on these sensitive areas have to figure it out.,A Mechanic reports about the events surrounding his efforts at accomplishing the removal and installation of an ADC #2 on an Embraer 145LR; that had been released for service without proper inspections to satisfy reduced vertical separation minimums (RVSM) operational requirements.,
837623,ASRS Database Online custom search,turnover,200905,Operator: Air Carrier | Make/Model: B737-700,Component: Fan Blade | Problem: Malfunctioning,Function: Inspector Technician | Human Factors: Confusion Confusion; Communication Breakdown; Situational Awareness,,Contributing Factors: Human Factors; Company Policy; Chart Or Publication; Logbook Entry; Procedure; Manuals | Primary Problem: Procedure,I reported to work on overtime for day shift. Upon arrival I was told that I would be the Inspector for aircraft #1 engine fan blade change due to bird strike that occurred on the previous day; taking it out of service. I then got a turn over from the Routine Overnight Inspector (RON) Inspector; who showed me the maintenance manual references and maintenance task cards that were used and up to what step they got to. He also showed a card that required a sign off; after completed fan blade installation and engine run; after borescope. Inspected borescope. Two Mechanics were working the blade installation; following step by step the maintenance manual references. I confirmed the new fan blade weights; with the fan blade plot paper work matched and also called Maintenance Control regarding spinner weights. I then inspected the fan blade platform pins per the maintenance manual task. (Which consisted of the fan blade retainer; mid flange of the fan disk; and forward flange of the booster spool?) I then stamped my number on four steps that were completed with per maintenance manual. The following steps were to install fan blades. I gave a turnover; since he was the Inspector taking over; informing him that the two mechanics were following the maintenance manual and lubricating the blades and spacers per maintenance manual and that they had the OK to install. I went home. I was told later that aircraft had to divert due to high engine vibration. /// Aircraft had a diversion due to high #1 engine vibration. Aircraft had a bird strike on the #1 engine and damaged several blades and platforms. I was assigned with another Mechanic to clean and prepare the engine for inspection. I was assigned with another Mechanic to install the new fan blades set; shims; platforms and all other parts of the fan assembly previously removed. Everything was installed per the maintenance task card and applicable Maintenance Manual reference. After completion of the assembly; I was one of the Mechanics that performed the engine run and Balance Survey; as called out by the Maintenance Task and Maintenance Manual. During the engine run; #1 engine reached 3 units of vibration; compared to 1 unit on #2 engine; at the highest N1 setting. After completion of the engine run; I acquired from the airborne vibration monitor (AVM); a new balance trim solution and replaced the weights on the spinner as called for by the AVM; and documented the new installed weights on the Maintenance Task Card. The problem was fixed as documented in (our) maintenance computer syster by Mechanics; by performing another engine balance. After the fact finding meeting; it was brought to my attention that the RII inspection block on non-routine card was marked 'NO'; instead of 'YES'; and I signed the Airworthiness for aircraft.,An Inspector and Line Mechanic report on their involvement with # 1 engine fan blade replacements on a B737-700; after the aircraft had previously diverted for engine vibration from a bird strike.,
840490,ASRS Database Online custom search,shift_change,200904,Operator: Air Carrier | Make/Model: Dash 8-400,Component: Oil Pressure Indication | Problem: Malfunctioning,Function: Technician  | Human Factors: Troubleshooting; Workload; Communication Breakdown; Confusion; Fatigue; Situational Awareness; Training / Qualification ,,Contributing Factors: Human Factors; Manuals; Aircraft; Chart Or Publication | Primary Problem: Chart Or Publication,The aircraft had been down all day for an oil pressure indication problem. #2 engine oil pressure would fluctuate at and above rating detent. Swing shift changed a number of items with no help. When I arrived on grave shift; it was decided that we would change a relay in relay junction box 1 under the floor in the cabin. One of the Leads found the part number for the relay. We picked it up in stores and installed it in the junction box. At that point swing shift left for the day. I installed the junction box; completed the operational checks and signed it off. It passed all of the operational checks in the Aircraft Maintenance Manual (AMM). This was quite some time ago; so I don't remember exactly who I was working with that night.Apparently; a couple months later; the same aircraft started having the same problem. Another Pilot wrote up the same discrepancy; oil pressure indication fluctuating at high power. That is when the relay was changed again; and it was discovered that I had installed the incorrect part number relay. The Mechanic (who) worked that defect; apparently found the relay to not be the correct part number. The same Mechanic corrected the discrepancy it at that time.To this day I cannot find the correct part number relay anywhere in the manuals. There is a green sheet in the wiring manual ATA-79; that says something about an engineering order; but I was not aware that green sheet existed at the time; and it isn't very clear as to what it means. In hindsight; I should have researched the part myself instead of taking someone's word for it; but the relay we installed matched the relay we removed which probably made me feel more comfortable with installing this relay. Although; if I had researched it myself; I'm not sure I would have been able to find the correct relay in the manual. I find the green sheet in ATA-79; of the wiring manual to be unclear. Other than that; I need to be more vigilant in ensuring that the parts I'm installing are correct and effective to that aircraft.,A Line Mechanic reports he installed a relay under the cabin floorboard of a DHC-8-400; for an oil pressure indication problem on #2 engine. The same problem resurfaced a couple of months later; and the relay he installed was found to be an incorrect part.,
840858,ASRS Database Online custom search,turnover,200904,Operator: Air Carrier | Make/Model: B737-800,Component: Powerplant Fuel System | Problem: Malfunctioning,Function: Technician  | Human Factors: Troubleshooting ,,Contributing Factors: Aircraft; Manuals; Procedure | Primary Problem: Procedure,April 2009; I was assigned to change an HMU on #1 engine. Myself; another Mechanic and an RII Inspector took a turnover from swing shift who had the old hydro mechanical unit (HMU) about half way out. We finished the job and did the required leak check and operational tests. No leaks were noted during these checks. The aircraft was then taxied to the gate for departure. Again; there were no leaks at that time. The aircraft flew a leg; and upon arrival it was discovered that the #1 engine had a fuel leak. The Technician there found that 2 bolts were loose on the fuel discharge line from the HMU. He secured the line and released the aircraft back to service. I was notified of this situation in June 2009 by e-mail from my company that the FAA may be initiating a letter of investigation against myself and the RII Inspector. All I can recall from 2 months ago is that we installed the HMU per the Maintenance Manual and all required leak and operational checks were satisfactory.,A Mechanic reported a fuel leak was found; on #1 engine of a B737-800; on the first flight after he had changed a hydro mechanical unit (HMU).,
843995,ASRS Database Online custom search,turnover,200907,Operator: Air Carrier | Make/Model: MD-80 Series (DC-9-80) Undifferentiated or Other Model,Component: Fuel Booster Pump | Problem: ,Function: Technician Technician | Human Factors: Confusion; Distraction; Situational Awareness; Time Pressure; Communication Breakdown Distraction; Time Pressure; Confusion; Workload; Communication Breakdown,,Contributing Factors: Equipment / Tooling; Procedure; Manuals; Logbook Entry; Aircraft; Chart Or Publication; Human Factors | Primary Problem: Human Factors,I started at XA00 early start; for 4 hours of fuel tank overtime work; and was assigned to an MD-80 aircraft to finish a fuel pump and harness replacement job. I was told the tanks were closed and signed off. I was told of some confusion about a type of tape to use to satisfy the AMM. I was told that an 'Approved Addition' to the AMM was coming from engineering. After the 'Engineering Approval' arrived; I completed the task of installing the tape on the fuel pump wires. I noted that the fuel tank plates were installed. I was told that a leak check was still needed for the plates and the spar wire feed through grommet. The other assigned AMT transferred fuel and I inspected the spar grommet for leaks and the fuel tank plates for leaks. I then installed the Tie Tape and was approved. At this time I was late for the start of my scheduled shift assignment of XE:00 to XO:30. I hurried and signed off my part of the work accomplished so that I could start my regular work assignment. I would recommend a Dedicated Check List for Leadership to ensure all required paperwork is pulled for fuel tank; Maintenance Check Work Cards; AMM and General Procedures Manual (GPM) 13-02. Dedicated checklist for fuel tank work package review. More training on preventing the 'Norms' with fuel tank work. Dedicated Fuel Tank Coordinator assigned to ensure all Coordinator functions are accomplished. Right now the Coordinator is a dual job function usually not assigned; example one AMT is the Coordinator/Attendant. I had assumed all the necessary documentation was pulled and printed; for example the Task Cards and the AMM and the GPM. I assumed all the procedures were followed up to the point of me starting work on the aircraft. /// My work shift started at XA:00 for daytime overtime. I was assigned and tasked to a MD-80 aircraft; for a right wing aft fuel boost pump wiring harness change. No turnover was giving to me upon arrival other than the aircraft's location in the hangar; and that everything was documented on the work progression form. I worked with other Mechanics on 4-hour holdover to complete the harness change. Between XE:00-XF:30 the Holdover's signed their portion of the tasks they completed and then departed. Thereafter; I completed the outside portion of the fuel tank harness; which consist of wiring connection points; routing; and security. At this time; it's about XK:00 hours and that's when I noticed the Maintenance Manual reference error; in Step B(9) of AMM 28-20-07-2; 'Removal/Installation of Fuel Pump Electrical Conduit.' That step requires installation of tape on electrical wires from grommet to terminal board. The problem with this is what tape? And why isn't this information located at the beginning of the chapter under equipment and materials list. I brought this to the attention of management for correction and authority from engineering for a line change approval. Now it's about 45 minutes to an 1 hour from the end of my 10 hour shift; and nothing was getting resolved on how they were going to handle this problem. At this time I'm trying to review and complete paperwork; when Management handed me some faxed reference of electrical tape Part Number and manufacturer for the Boeing 717 aircraft fleet type that will be incorporated in the MD80 fleet later in the year. How does this help me now; I asked? And where is the engineering approval? This is where the disagreement took place; and I needed to get my paperwork duties in order; before my shift expires. I allowed this situation to entice me to overlook and rush through procedures listed on the GPM; Maintenance Manual; and Maintenance Check Work Cards; which was my oversight. Prior to departing my shift I briefed our Technical Lead who was on-shift about the engineering approval requirement needed so the aircraft could be completed. Company should require classroom training and Annual Recurrent Training. Have a mandatory checklist to complete prior to each Fuel Tank Entry job. Awareness intervention for fuel tank qualified crewmembers; which could be introduced via training department. Management to allocate a designated member to be the Coordinator to be in charge of each job; separate from crewmembers who are performing the fuel tank job. GPM 13-02 does give a description of assignments; but it's not performed in a organized manner. My error is assuming that the proper paperwork was previously printed; and while trying to review logbook and paperwork I was distracted from my duties to handle Engineering Approval (changes) in Maintenance Manual Procedures. In essence; I performed an oversight of required paperwork.,A Lead and two other Mechanics report about confusion; distractions; and pressures to accomplish wing tank fuel boost pump changes and fuel tank wire harness replacements; that led to the wing tanks not having the required Clearance to Close; RII Inspections accomplished prior to closing-up the wing fuel tanks on an MD-80 aircraft.,
850877,ASRS Database Online custom search,turnover,200909,Operator: Air Carrier | Make/Model: B757-200,Component: Escape Slide | Problem: Improperly Operated,Function: Technician  | Human Factors: Communication Breakdown; Situational Awareness; Confusion ,,Contributing Factors: Chart Or Publication; Procedure; Company Policy; Human Factors | Primary Problem: Company Policy,Working a damage report; proceeded to check on the right hand overwing exit for some damage; assuming the pre-dock was complied with since all the seats were loose and several doors open. Me and my Lead went to the overwing exit and I opened it; deploying the slide. Pre-dock card not complied with. It was close to break and inspectors were leaving and I wanted to comply with my job and before my shift turnover.,A Mechanic working an overwing dent damage write-up on a B757-200; assumed the pre-dock job card had been fully complied with; opened the right hand overwing exit; inadvertently deploying the slide.,
853168,ASRS Database Online custom search,turnover,200909,Operator: Air Carrier | Make/Model: Q400,Component: Pneumatic Valve/Bleed Valve | Problem: Malfunctioning,Function: Technician  | Human Factors: Communication Breakdown; Confusion; Situational Awareness ,,Contributing Factors: Aircraft; Human Factors; Manuals | Primary Problem: Human Factors,Received a turnover report from Swing shift on a Pilot report Write up on a DHC-8-Q400 (#2 engine TQ; FF; ITT split). Swing shift had already ordered the P2.6 valve and printed out the removal and installation Task from the Q400 AMM. Mechanics were going to replace the valve but were working on another task. My task was to remove and replace the P2.7 Inter Compressor bleed off valve. The aircraft was parked at 4-spot for Maintenance work. I did the removal and installation of the valve; but neglected to further research Task 75-31-01-400-801 which calls for installing the Cannon connector P6 with heat shrink. It was later brought to my attention that night; that there was a Supplement to be followed for the installation of heat shrink. This Supplement was given to me by another Mechanic; after my discussion with Day shift Lead if I had applied heat shrink to the Cannon plug.During Turn-over report to Day-shift Lead; I was asked if the P6 Cannon plug had heat shrink applied and I answered 'No' and when asked if there was heat shrink applied prior to my removing the P2.7 valve; I replied 'No there was not any heat shrink on the Cannon plug when I removed it.' I told him that I would return to the aircraft and install the heat shrink and he replied to me not to do so; as he would take care of it if need be. I had thought that since there was no heat shrink on the cannon plug when I removed it then there was not supposed to be any applied when I installed the Cannon plug P6. I failed to research a Reference Task on the installation of a Cannon plug which calls for installation of heat shrink. This is in the Task for installing the P2.7 valve: 75-31-01-400-801. It is my understanding that another Mechanic applied the required heat shrink to the Cannon plug after my shift ended and I had gone home. Place a statement in the AMM in the step procedure for connecting the Cannon plug; or a following step stating that heat shrink needs to be installed in accordance with (IAW) heat shrink Supplement. Also the Task 70-00-15-400-801 mentions that applying heat shrink is 'optional'.,A Line Mechanic reports he failed to apply heat shrink material to a P6 Canon plug connector that was part of a # 2 engine P2.7 inter-compressor Bleed Off Valve replacement procedure he had accomplished on a DHC-8-Q400.,
854582,ASRS Database Online custom search,turnover,200910,Operator: Air Carrier | Make/Model: Dash 8-400,Component: Main Gear | Problem: ,Function: Technician Technician | Human Factors: Confusion; Communication Breakdown; Situational Awareness; Training / Qualification Confusion,,Contributing Factors: Human Factors; Manuals; Chart Or Publication | Primary Problem: Chart Or Publication,I received a turnover from graves; on the disassemble of the right hand (R/H) MLG Stabilizer Strut ('H' member); to perform Non-Destructive Testing (NDT); then a reassemble after NDT. After Inspection was finished with the NDT; I had begun the reinstall of the 'H' member using the original hardware and after removing the parts from the parts bags tied to the correct location from the removals; there were two washers attached to both Stabilizer Brace pins; one small thin washer still coated with grease attached to the head of the bolt; and a larger one which went on the nut side. Both bolts had the exact same stack ups. During installation; I installed the bolts the only possible way that they could be installed; since the 'H' member had an anti-rotation tab on it to prevent the bolt from spinning. I left the smaller washer on the head side of the bolt; which still allowed the anti rotation tab to work; and the larger washer under the nut; torqued and safetied; by Inspector. Then I turned over the rest of the install to swing shift. The operational checks of the gear was not complied with until day shift the following day; when they realized the R/H gear was not locking 'Down' during the Alternate Extension Operations Check; even after attempting to pump it to the 'Down' and locked position. I then went over and told them I had put it together the day before and explained to them what I had done. Mechanic realized that the washer on the nut side was tight; and that as far as he knew; it wasn't always tight after torquing; and that it maybe was over torqued; binding it up and not allowing it to lock 'Down.' When he took it apart to do a re-torque; he noticed the washer under the head side of the bolt; that he didn't remember ever seeing there before. I told him I wasn't sure if it was installed for shimming purposes; but they were there during removal. They looked it up in the Component Maintenance Manual (CMM); and it did not show the washer. We looked at the left hand (L/H) gear and there were no washers under the bolt head; so they removed the washer and re-torqued; performed the Operational Check and it passed. That's when I found out that; there shouldn't be a washer under the head of the bolt; even after flying in that way. I then walked over to the aircraft I was working on; for a clarification and realized that the L/H gear on another -Q400 (aircraft Y); also had washers under the heads of both stabilizer bolts; this is when the big question came up. So we all confronted Leads and Supervisors of the problem. Because someone else had installed it incorrectly prior to my reinstall of original hardware. /// In the morning; two other mechanics and myself were doing Main Landing Gear (MLG) swings and MLG door Fit and Fare Checks on a DHC-8-Q400; (aircraft X). When we came to the Alternate Extension part of the Check; the right hand gear failed the check because the gear would not lock in the 'Down' position; either Manually or with the Alternate Extension hydraulic pump. After attempting the Operational Check a few times; we re-torqued the pins (Illustrated Parts Catalog IPC 32-11-16 fig.1 pg.2 item 30) on the Stabilizer Brace assembly to ensure they were reinstalled correctly. After we re-torqued the bolts; the right hand MLG still failed the Alternate Extension Operations Check. At this time I went to the left hand gear and looked at the Stabilizer Brace assembly to compare with the right hand side. I noticed that the left hand gear side pins (IPC 32-11-16 fig.1) had two threads protruding from the nut and the right hand side only had one thread protruding out past the nut. Then I looked closer at the right hand gear side and noticed washers under the head of the pins that were not present on the left hand side. This washer is not shown in the IPC; or in the Component Maintenance Manual (CMM); under the head of the pin (IPC 32-11-16 fig.1). We removed the washers from the right hand side and reinstalled and torqued the pins. Then we performed another Alternate Extension Check that; this time; the MLG passed. After all the paperwork was done it was brought to my attention that another -Q400 (aircraft Y); just in for Special Federal Aviation Regulations (SFAR) modifications (mods); left hand gear also had washers installed under the pins on the Stabilizer Strut. At this time; Mechanic Z and I gathered some references together and proceeded to go upstairs and inform the day shift Supervisor; swing shift Supervisor and Heavy Check Manager what we had found.I am not exactly sure why the extra washers were placed under the head of the pin. In my opinion it could be partially caused by the Mechanic looking at the IPC 32-11-16 fig.1 pg.2 and becoming confused with the illustrations and installing the washer under the head of the pin where it should not be.,Two Mechanics report difficulty in getting a DHC-8-Q400 right Main Landing Gear (MLG) Stabilizer Strut Brace (H-member) to lock in the 'Down' position manually or with the Alternate Extension hydraulic pump.,
857906,ASRS Database Online custom search,shift_change,200910,Operator: Air Carrier | Make/Model: B737-800,Component: Engine Air Anti-Ice | Problem: Malfunctioning,Function: Technician  | Human Factors: Time Pressure; Distraction; Situational Awareness ,,Contributing Factors: Human Factors; Aircraft; Environment - Non Weather Related | Primary Problem: Human Factors,Received an ACARS message ahead of arrival and prepared for deferral of #1 engine Anti-Ice (A/I) valve. Ran overtime list and held one Mechanic to assist; then gathered required tools and equipment; including cowling pump; ladders. etc. Glanced over applicable MEL and associate Maintenance Procedures Manual (MPM). Encountered difficulty with locking feature of High Pressure (HP) Modulating valve; but eventually secured in the 'Closed' position. Continued on with the Engine Cowl A/I valve MPM procedure. Locked valve 'Open' and as I proceeded with the next step to remove the connector; was informed of another potential maintenance issue with an interior item to address on the same plane. Returned to Task and failed to completely read the step and pulled the wrong connector. In hindsight; I had two opportunities to read the procedure completely. I made the assumption that since I deactivated the valve; the connector I was removing was on the valve; similar to my experience with MD80's. After the air interruption; we focused our attention on the HP valve since it had given us some difficulty during the Lockout procedure. Eventually removed the valve; suspecting an internal failure causing the cockpit annunciation but found nothing suspicious. At this point I questioned Maintenance Control as to whether or not we were overlooking something obvious. We came to the conclusion that is was best to replace both valves and associated seals to eliminate the problem; placards; etc. Maintenance Control called around shift change at 3 PM; for an update on parts and to assess the scenario and after conferring on their end momentarily; asked if I pulled the connector on the valve or the pressure switch...problem solved; error uncovered. Don't make assumptions and also realized that as much as we strive to minimize delays; if awareness and attention to detail costs a few extra minutes... so be it. The alternative can be a mess that never needed to happen.,A Line Mechanic reports on how distractions and assumptions led to his disconnecting the Nose cowl Anti-Ice valve connector; instead of the Pressure switch connector on the # 1 engine of a B737-800. An air turnback to departure airport was required.,
875106,ASRS Database Online custom search,turnover,201001,Operator: Air Carrier | Make/Model: B757-200,Component: Gear Lever/Selector | Problem: Malfunctioning,Function: Technician  | Human Factors: Confusion; Communication Breakdown; Situational Awareness ,,Contributing Factors: Chart Or Publication; Human Factors; Procedure | Primary Problem: Human Factors,Performed RII for nose landing gear Sequence Valve change on a B757-200 aircraft. On turnover; we were informed that ADC VMU/MMO switch had been returned to the 'Normal' position and that a separate Logbook entry had been completed with this information. Had assumed that other than the Sequence Valve change; along with the Operational Check and Leak Check; that the aircraft had been returned to normal configuration. All Operational checks and Leak checks were normal for the Sequence Valve change and gear swing. Gear Lever Lock circuit breaker pulled with a permanent type collar installed. Flight Crew had to retract the gear using Lock Override procedure. Would recommend discouraging the use of permanent circuit breaker collars which could lead to the impression that the circuit breaker is in it's 'normal' position.,A Mechanic reports he had performed an RII Inspection and nose landing gear swing on a B757-200 after a sequence valve change. Aircraft was released for service; but the outbound flight crew had to use the landing gear lever lock override switch to raise the gear lever. The landing gear lever lock circuit breaker was found still pulled with a permanent collar installed.,
875505,ASRS Database Online custom search,turnover,201002,Operator: Air Carrier | Make/Model: B777-200,Component: Hydraulic System Lines; Connectors; Fittings | Problem: Malfunctioning,Function: Technician Technician | Human Factors: Communication Breakdown; Distraction; Situational Awareness Distraction; Communication Breakdown; Situational Awareness,,Contributing Factors: Company Policy; Human Factors; Aircraft | Primary Problem: Human Factors,On returning to work after my days off; I was notified that during a internal Quality Assurance (QA) Audit the #2 eng hydraulic pump Depressurization Valve connector was found disconnected with no related documentation. After reviewing my action [for] February 2010; I recalled working the item on a B777-200 aircraft on the above date. While accomplishing this Job (removal of the#1 igniter boss); I had a difficult time loosening the boss. Some heavier than normal tool was required to break to boss loose. The use of these tools came in the vicinity of the hydraulic pump connector and wiring. In anticipation of the possible slipping of the tool and damage to the connector or wiring; I decided to remove the connector precautionary. After removing the boss there was some delay obtaining the parts to complete the job; this lead to a job turnover at end of shift. Several write-ups were made regarding the job; however the removal of the hydraulic pump connector was not included. /// I was assigned to work a #2 engine Igniter Plug Immersion Depth check. The Maintenance Manual (MM) has us remove the Igniter boss; determine the proper Igniter immersion necessary and add or remove shims to the boss prior to re-installation.,Two mechanics report they were notified that an internal Quality Assurance (QA) Audit found a # 2 engine hydraulic pump Depressurization Valve connector had been disconnected on a B777-200 with no related documentation. One Mechanic had disconnected the valve connector as a precautionary action while removing the # 1 Ignitor boss with heavy tools.,
876907,ASRS Database Online custom search,turnover,201003,Operator: Air Carrier | Make/Model: Regional Jet 700 ER/LR (CRJ700),Component: Leading Edge Slat | Problem: Malfunctioning,Function: Technician  | Human Factors: Situational Awareness; Workload; Distraction ,,Contributing Factors: Company Policy; Human Factors; Procedure | Primary Problem: Human Factors,I showed up for [shift] turnover and was assigned to Aircraft'X'; a CRJ-700. I was then made aware by my Lead that Aircraft 'Y' was at the gate and was having starting/APU/bleed air problems and was needed for revenue. So; I rushed to the gate with my tools and got busy troubleshooting/fixing the issue. Because of the associated Cowl Anti-ice Cautions; the Pilots didn't feel comfortable taking the aircraft and were reassigned to Aircraft 'Z'. After talking to my Lead; we decided bringing Aircraft 'Y' back to the Hanger was our best plan and that way; since I had troubleshot the problem to an APU Load Control Valve; my Lead would have another Mechanic change it out. While driving Aircraft 'Y' to the Hanger; I noticed that the Center tank had 1300 lbs fuel; often an indication of a leaking Ejector or other internal fuel lines. After parking Aircraft 'Y' I headed back to the gate to get Aircraft 'X'; drove that aircraft back to the Hanger and parked it inside for troubleshooting and other maintenance.I then went back to Aircraft 'Y' and defueled the Center tank. I had the assigned Mechanic sump the Center tank and made him aware of the leak check procedure. I then went back to Aircraft 'X' and started troubleshooting the right-hand Wing Slat Status Message MEL. While doing the checks on the slat skew sensors with a multimeter and a cheater (my skin spoon); several people had been coming up to me with questions: Mr. 'X' needed screws or a Part Number for them; Mr. 'Y' needed help with issues for a Detail Visual Inspection (DVI) of the Rudder Travel Limiter; Mr. 'Z' needed help with how to do the lubrication of the APU door actuator; Mr. 'W' couldn't get our aircraft to take oxygen. I let myself get distracted from my own work/focus and set the Skin Spoon on the bottom lip of the slat right by were I was working. When it got close to go time (the XA.00 hanger shuffle); Mr.'V' started hollering about how long it was taking. I was trying not to be the bottleneck; so I quickly re-paneled my aircraft; sucked up the slats; checking for Maintenance Diagnostic Computer (MDC) messages; pulled electrical power; moved my tool box; ran out; grabbed a Tug; and relocated the CRJ-700 outside. I then came back in and completed my paperwork; continuing the MEL since we didn't have parts. I then took a short break and put my toolbox back; not realizing I was short a Skin Spoon. All the other tools I had used I [believed] were home safe and sound. A fellow Mechanic was assigned to troubleshoot a Slats Fail Caution message and had made me aware he had found a Skin Spoon lodged in the slats. Since I had been there the night before I checked my tools and was unable to locate one of my two Skin Spoons. I feel the event happened primarily because I let outside factors/distractions; dictate my normal system of checks and balances. Another way to say it would be that I let the situation control me instead of controlling the situation. I came forward to the Supervision and let them know that I believed it was my tool that caused the event. The problem with the aircraft was rectified. My suggestions would be: 1) Do not let situations take you out of your game. 2) Never use an aircraft as a workbench.3) Obtain a company issued tool from our stores with a streamer on it 4) If using my own tool; affix it with a streamer.,A Mechanic reports a CRJ-700 he worked on the night before; had returned to field with a Slats Fail Caution message. A Skin Spoon tool was found wedged between a slat and the wing lower surface. Mechanic had placed the Skin Spoon on the lower lip of one of the slats; but the tool did not have a Red streamer attached.,
885035,ASRS Database Online custom search,turnover,201004,Operator: Air Carrier | Make/Model: SF 340B,Component: Powerplant Mounting | Problem: ,Function: Technician  | Human Factors: Situational Awareness; Communication Breakdown; Confusion ,,Contributing Factors: Human Factors; Procedure; Environment - Non Weather Related | Primary Problem: Human Factors,Mechanic 'X' and myself were instructed to blend the aft engine tower mount and replace the engine mounts on a Saab 340 aircraft. I had started with the blending process and when that was finished we were waiting on confirmation that the blend was still in limits; so I then proceeded to replace the engine mounts. We were short hardware for the mounting bolts. We had ordered more; but were still short. I had enough [hardware] for the side I was working which was the right side. we had one for the left. Mechanic 'X' had been working on the left side when he 'passed down' [gave verbal turnover] to me because of getting switched to another plane.He told me the new mount was 'on' and secured with old hardware loosely. I acknowledged what he told me and I then put the one new bolt in and waited for the other three to arrive. When they arrived I took the old bolts out and immediately replaced them with the new hardware that had come. I torqued the bolts and safetied. I proceeded to then continue with the rest of the install. The 'passdown' [turnover] that I had gotten from my fellow Mechanic verbally; was plain and clear. And maybe with both good and bad mounts on the table at the same time it could have been a possibility that it [bad mount] may have been set down in doing the green Tag and then grabbed again by mistake and reinstalled on the engine. The engine was removed and correct mount was put on. I suggest getting a better turnover from fellow Mechanics rather than just verbal; actually show part and possibly write it down.,After receiving a verbal turnover; a Line Mechanic completed an engine mount replacement on a Saab 340 aircraft. Previous Mechanic mentioned he had removed the 'old' mount and the 'new' mount was already 'in position.' The 'old' engine mount was later discovered still installed at the same location.,
908900,ASRS Database Online custom search,turnover,201008,Operator: Fractional | Make/Model: Citation V/Ultra/Encore (C560),Component: Rudder Trim System | Problem: Malfunctioning,Function: Technician  | Human Factors: Situational Awareness; Communication Breakdown; Confusion; Distraction ,,Contributing Factors: Aircraft; Procedure; Chart Or Publication; Company Policy; Environment - Non Weather Related; Human Factors; Manuals | Primary Problem: Human Factors,I work a night shift and when I reported to work August 2010; I was assigned to work on a Cessna Citation 560 Ultra; along with another Mechanic and a Lead/Authorized Inspector (AI). The aircraft had been in the hangar for several days but it was my first day to work on it. From the turnover I received from the previous shift and my other coworkers who had also been working on that aircraft; the Rudder Trim had failed a Travel Check that was part of the Routine Check. Specifically; the rudder trim was traveling more in one direction than the other. I was also informed that the Rudder Trim Actuator had been replaced and signed off. Since the person who replaced the actuator was working with me that day; I felt that continuing from where the job was stopped was reasonable and did not check the installation of the actuator; and the [trim] cables were [already] installed; and the writeup I was working on was to rig and tension the cables and perform the Travel Check. I started by attempting to center the Trim Tab control chain on the sprocket in the cockpit which did not improve the failure sufficiently. Therefore I thought the same could be done at the Trim Tab actuator which has a similar chain/sprocket system which was not centered. My colleague who also installed the actuator; decided to do that and accomplished the Task. I tensioned the cables and performed the Travel Check which was within limits. During the travel checking process; I was in the cockpit moving the control wheel while the Lead/AI and the other Mechanic working with me were at the tail measuring the travel and giving me orders to move the wheel to 'nose left' and 'nose right'. I signed off the Write-Up; since I did the tensioning of the cable and was involved in the Travel Check as well. Once all maintenance was complete; the aircraft was released for an Operational Test Flight which is a standard practice when flight control surfaces are affected. More than a month later; I was informed this morning that the Trim Tab control cables were found cross-installed and the Trim Tab was found to travel in the opposite direction from what is commanded by the turning of the Trim Tab Control Wheel. While I am glad that no accident was caused by it; I am also shocked that the error occurred and it was not caught earlier. What I believe happened is; during the Travel Check; when my co-worker and the Lead/AI told me; by means of the two way radio we used for communicating; to turn the wheel to 'nose right'; the Trim Tab was also turning right and that created a 'false agreement'.Complacency might have played a role in that while I was just turning the [Rudder Trim] wheel left and right; I did not have the Maintenance Manual physically with me and I was just turning the [Trim] wheel. The fact that trim tabs move in opposite direction was missed; although that was clearly stated in the Maintenance Manual. I believe the error could have been avoided if we both had the copy of the Maintenance Manual and if we were reiterating the steps as we performed the Travel Check. Another point that could have helped capture the error early is a quick check of the installation of the cables even if the Task was complete and signed. I have learned a great deal from this and will share the lesson to my co-workers. This report is prepared to notify my involvement in a maintenance activity that was not accomplished correctly; with no intent to do so; and to share lessons learned by using the provisions of the NASA Aircraft Safety Reporting System.,Thirty plus days after a Rudder Trim Actuator change on a Cessna Citation 560 Ultra; a Mechanic was informed the trim tab cables were found crossed and the trim tab was found to travel in the opposite direction from what was commanded when turning the trim tab wheel. Aircraft had flown 53 legs before a pilot noticed the incorrect tab movement during a preflight check.,
910519,ASRS Database Online custom search,"shift_change, turnover",201009,Operator: Air Carrier | Make/Model: MD-80 Series (DC-9-80) Undifferentiated or Other Model,Component: Air Conditioning and Pressurization Pack | Problem: Malfunctioning,Function: Technician Technician | Human Factors: Situational Awareness; Confusion; Communication Breakdown Communication Breakdown; Situational Awareness; Distraction; Confusion,,Contributing Factors: Company Policy; Procedure; Manuals; Human Factors; Equipment / Tooling; Environment - Non Weather Related; Chart Or Publication | Primary Problem: Human Factors,I was scheduled to work the night shift. I had completed my assigned work for the night and had just finished my lunch. I was asked by my Lead Mechanic to assist Mechanic 'Y' change the right Air Cycle Machine (ACM or air conditioning pack) on an MD-80 aircraft that he was assigned to. The ACM had to be changed due to an inbound pilot report for insufficient cooling. I was told that Mechanic 'Y' had everything disconnected and needed help getting the pack out. When I arrived at the aircraft; the mounting bolts were all that needed to be undone. I noticed a large box on the back of the golf cart Mechanic 'Y' was using. The size of this box was consistent with ones that serviceable ACMs come in; so I thought Mechanic 'Y' already had a serviceable ACM to replace the one we were removing; which he had. After removing the defective ACM; we prepared the serviceable ACM to be installed.We got the 'new' ACM installed and most of the duct work connected 15 minutes prior to shift change. Two mechanics who work the dayshift were going to finish installing the remaining ducting and perform the Leak and Operational Checks. It was at this time I filled out the FAA-8130 Serviceable Tag and did not see that the part we installed was a XYZ-AAA6 instead of XYZ-AAA1; which is required per the IPC (Illustrated Parts Catalog). It was not until the end of the day that I realized that we had installed the incorrect part on the MD-80 aircraft. I immediately called Company Maintenance Control and advised them of what had happened. The aircraft was in an airport for the night. Our company does not have aircraft maintenance in this airport. Maintenance Control arranged to have a XYZ-AAA1 installed before further flight.I signed the Field Service Maintenance Report for the changing of the ACM before my shift ended. Another Mechanic said he would sign for the work he did; and then print my name in the Logbook after he completed his work on the aircraft; and he would make sure the Airworthiness Release was signed. I told him that was fine with me as this is an approved method of documentation.Suggest having the different ACM's painted different colors; or put a marking of some kind large enough to denote the difference on the ACM's. Aircraft configurations [are different because] there are two different internal ACM configurations; but they look identical on the outside. /// I installed the T-duct and safetied electrical connector per turnover from night shift. Operational and leak check right pack operation. Operational check OK. Signed logbook and field trip maintenance report.Should have had the graveyard shift sign work they accomplished; and I should have signed only my portion of the work.I was assigned a turnover on right ACM (Air Cycle Machine) change. Job was almost complete. One duct and one electrical connector installation was turned over.,Two Mechanics report installing an incorrect Air Cycle Machine (ACM) at the right pack position on an MD-80 aircraft. Internal configurations are different; but the two ACMs look identical on outside.,
916522,ASRS Database Online custom search,turnover,201010,Operator: Air Carrier | Make/Model: B767-300 and 300 ER,Component: Compressor Stator/Vane | Problem: ,Function: Technician Technician | Human Factors: Workload; Time Pressure; Situational Awareness; Communication Breakdown; Distraction Communication Breakdown; Distraction; Situational Awareness; Time Pressure; Workload,,Contributing Factors: Environment - Non Weather Related; Company Policy; Chart Or Publication; Aircraft; Human Factors; Procedure; Manuals | Primary Problem: Human Factors,Mechanic Y and I were assigned to a B767-300 to replace the #1 engine VSV (Variable Stator Vane) actuator. We were in the process of removing the actuator; had everything disconnected; but couldn't get it out of the support bracket; we worked on it for quite a while. We checked with other AMTs (Technicians) that were on duty that night; but no one we asked had ever accomplished the task before. After a couple of hours of struggling and trying to get it out; we removed three fittings; reference (Maintenance Manual) MM 75-31-02; Items 9; 12 and 14 on Figure 401; Sheet 2 of 2; which were not called out to be removed in the MM. It would have saved a least an hour plus of time and frustration.After the removal we started to install the new one; got as far as the nut on the eye bolt; I dropped it a couple times and eventually lost it to the point of not being able to find it. We looked and looked for quite a while. While my partner looked; I decided to order a new one; ZZZ did not stock it; so I had to rush it from ZZZ1. After looking for quite awhile we were getting frustrated but we finally found it.At around XA:00am; our Supervisor informed us; they needed our plane to replace another because it was trapped inside the hangar by a broken down cleaners truck. Talk about pressure; we still had to complete the installation; run the engine; accomplish the tests and leak check the actuator. With all the rushing to finish the job and push aircraft out for the [engine] run; I forgot to call for an inspection. After the run; we reopened the engine to find the [actuator] lower line was leaking. At this time the Supervisor was standing there watching our every move; waiting for the plane. We rushed to find the cause of the leak but it was already time for Dayshift to take over; so I notified the Dayshift Lead [Mechanic] we would need somebody to take over.I made a write-up for the leak check; signed off the original write-up and updated the leak check write-up as to where it was leaking. With all the pressure to get the plane out; I forgot to make a write-up to have the actuator inspected and since the installation was complete; I didn't think to give the MM and task paperwork to the Dayshift mechanics. They were working a fuel leak. I gave the Dayshift mechanics a Maintenance Turnover; but forgot to inform them of the Inspection [requirement]. A couple days later; I found the task's paperwork procedures in one of the drawers in my toolbox. I looked it over before throwing it out; right then I realized I had forgot to get it inspected. I looked up in the aircraft maintenance computer to see if the Dayshift mechanics caught it. I notified my Lead and we called Maintenance Control to notify them of the missed inspection. The actuator is not an RII item; but was called out on the task's paperwork. The Maintenance Controller On-Duty issued a special procedure to have the actuator inspected before departure. The inspection was completed and no faults found. I do believe if we weren't rushed to get the plane out; the inspection would have been done. We were all stressed out by the end of shift; all I wanted to do was just sit down and relax. /// Mechanic X and I were assigned to a B767-300 aircraft to replace the # 1 engine VSV (Variable Stator Vane) actuator. We worked on the VSV actuator throughout the night taking no breaks or lunch. We were having a hard time getting the actuator out and asked several other AMTs (Technicians) if there was some trick to the actuator removal. Nobody on shift that night had ever done this job before. Eventually we figured out we needed to remove three adapters on the actuator in order to remove it. This step was not called out in the removal text section of the MM; and resulted in the removal procedure taking a lot longer.When we went to run the engine to check for leaks; one of the [actuator] lines was leaking; so Mechanic X ended up writing that leaking line up and signing-off the VSV actuator replacement task card without noticing it needed an inspector's verification (it was now close to our shift finish time). The job to fix the leaking line was turned over to Dayshift. I was not aware of this inspection requirement misstep until days later when the Mechanic X informed me that we missed the inspection verification.,Two Mechanics report on their efforts; difficulties and reduced Maintenance schedule while accomplishing the removal and replacement of a #1 engine VSV (Variable Stator Vane) actuator on a B767-300 aircraft.,
917333,ASRS Database Online custom search,turnover,201011,Operator: Air Carrier | Make/Model: Regional Jet 200 ER/LR (CRJ200),Component: Nose Gear | Problem: Malfunctioning,Function: Technician Technician | Human Factors: Time Pressure; Situational Awareness; Distraction; Communication Breakdown; Workload Workload; Situational Awareness; Training / Qualification; Distraction; Confusion; Communication Breakdown,,Contributing Factors: Environment - Non Weather Related; Company Policy; Aircraft; Human Factors; Procedure; Manuals | Primary Problem: Manuals,The CRJ-200 aircraft was in the hanger for (Nose Landing Gear) NLG vibration at XA:00 pm when we arrived at work. Dayshift was working the aircraft and changing the Torque Links until XB:30 pm until Mechanic Y and I received a [work] turnover. (Typically this procedure takes about four hours) I only mention this because the aircraft's Release time of XC:30 pm was set. So at XC:00 pm; the Lead [Mechanic] approaches us and asks if the plane is going to make the XC:30pm flight (no it didn't). Now the pressure begins. [We had] the Lead and Maintenance Control asking 'how much longer?' Suddenly other mechanics arrive to help us downjack the plane as soon as it looks like we are done. Steps were missed and I failed to set the Targets for the Proximity System. So when the aircraft took off; the NLG failed to retract causing an air return. The Maintenance Manual does not call for a gear swing. This would have prevented the incident. /// Mechanic X and I were assigned to get a turnover from two Dayshift mechanics on changing the nose landing gear Torque Links; due to vibration when taxiing. The Dayshift mechanics had been working on this job at least since our shift started at XA:30 pm. The aircraft Release had been set for XC:00 pm. This gave us a minimal amount of time to complete the majority of the job.When we got to the plane; the only parts of the job that had been completed were that the plane was on jacks and lower torque link was removed. The mechanics giving us the [Work] Turnover and Mechanic X discussed different techniques for removing the upper torque link. Due to the knowledge Mechanic X displayed on how to remove the upper torque link; I correctly assumed that he had done this job before. Since he had done it before and I hadn't; he took the lead on the job. We installed the lower torque link and then started removing the upper. Mechanic X did most of the work due to the fact that he was more knowledgeable of the job and that there isn't really much space to have four hands working on it at the same time. I was basically watching him work and learning how to do it and helping out whenever I could. About the time we got the upper torque link installed; the Lead Mechanic came over to check on our status and see if we would make the Release time of XC:00 pm and Maintenance Control asked how soon we would be done. Immediately after that; the Lead sent other mechanics out to take the aircraft off jacks; assuming that we were done. We did the Operational (OPS) Check of the torque links and a Taxi Check to make sure the vibration from the original discrepancy did not persist; but in our haste to get the plane out of the hangar to make the release time; we missed the step in the Maintenance Manual where it says to do a Clearance Check of the Proximity sensors. During other Operations Checks and Taxi Check; no indications were given that anything was wrong.We both should have read through the Maintenance Manual again; to make sure we didn't miss anything. The fault was noticed by the flight crew as the gear was retracted. As it stands now the Maintenance Manual does not require a gear swing after changing the torque links. It would have prevented this fault in flight if a Gear Swing was accomplished after changing the torque links. In my opinion; it would only be necessary to do a swing if the upper torque link is removed or replaced since the Targets for the Proximity sensors are on the upper link and there are none on the bottom link.,Two mechanics report about how pressure and distractions to make an aircraft release schedule contributed to their missing a step in the CRJ-200 Maintenance Manual; requiring a Clearance Check of the Nose Landing Gear (NLG) Proximity sensors; after replacing the upper and lower steering Torque Links. Gear swing was not required. NLG failed to retract; causing an air turnback.,
918154,ASRS Database Online custom search,"shift_change, turnover",201010,Operator: Government | Make/Model: Agusta Undifferentiated or Other Model,Component: Powerplant Fuel Control | Problem: Malfunctioning,Function: Technician  | Human Factors: Confusion; Communication Breakdown; Troubleshooting ,,Contributing Factors: Aircraft; Company Policy; Environment - Non Weather Related; Human Factors; Procedure | Primary Problem: Human Factors,I was notified that an Agusta A119 helicopter was grounded by previous tour (shift) due to high Inter Turbine Temperature (ITT) of 805 C (Celsius). In the early hours of the morning; the helicopter had just landed and engine was at idle RPM. Pilot was assigned with a new mission. When he was in transition from idle to maximum power; he noticed a rapid rise of temperature to 805 C and proceeded to shut down engine. These types of incidents had happened previously; but [were] not properly documented on the aircraft maintenance in-flight log.I proceeded to turn battery power on aircraft and noted that on EDU (Electronic Display Unit) #1; the ITT was showing a temperature of 1277 C and needle was pointing at the maximum temperature of gauge. Helicopter had been grounded for about four hours. I de-cowled aircraft engine compartment area to gain access to its' wiring and components according to Agusta-Westland A119 Koala Maintenance Manual. [I] also made available the use of Pratt & Whitney PT6 series Engine Maintenance Manual (EMM). After trouble shooting of system; engine trim compensator was removed and replaced with another trim compensator which was retrieved from the Parts Room. Did note that there was no paperwork with the unit; but continued with the installation according to the EMM since we [are] suppose to have the paperwork required in our Records Office.At the end of my tour [shift]; which was late afternoon; did a [shift] turnover to the next platoon (crew). The next day; at approximately noon; continued with the trim compensator adjustment in accordance with the EMM with my co-worker Detective X. Since he was assigned to the Parts Room I asked him about the trim compensator paperwork; which he had no information of. [Before shift change] Sergeant Y asked me what the [maintenance] turnover was. When I attempted to passe the information over to Sergeant Y; he turned around and started a conversation with Detective X; not paying attention to what was said. I left at the end of my tour (shift). The next day; when I returned to work I did notice that the helicopter was cowled; and the discrepancy was signed but no A & P certification number. I proceeded to ask Detective Z about the paperwork for the trim compensator since he was assigned to the Records Office. He told me that he was going to look for it; since he did not have it readily available. Due to weather; the A119 Koala helicopter did not fly on my tour. Paperwork was not showed to me since Detective Z left early that morning and no one else had access to the information.The next day; I asked my immediate Maintenance Supervisor; Sergeant A; about the paperwork for the trim compensator. His answer was that the turnover he received from Lieutenant B was that it was returned to service. I explained to Sergeant A my concern about the paperwork for the trim compensator unit that I had installed on the helicopter; since no document had been presented to me. [Approximately 20 minutes later]; Sergeant A returned to the Parts Room where I was with other Aircraft Maintenance Technicians (Detectives/Police Officers) and told me that the previous information [about the helicopter returned to service] was told to him by a higher Supervisor; also that I knew what to do and the ball was in my court.After he went home I proceeded to call Detective Z; via cell phone and left him a message which he did not return. Proceeded to call Detective X and asked him again about the documentation for the trim compensator and he replied that he was on his way to the city Police Department Aviation Unit. Since no documentation was presented to me to prove the airworthiness of the engine trim compensator; I told my immediate Supervisor Sergeant C; that the helicopter was grounded; pending proof of documentation to me; since I was the Technician that had installed the trim compensator. Later; I was approached by Lieutenant B and was asked to provide the discrepancies sheet where the trim compensator was noted to have been removed and replaced. I told Lieutenant B that Detective Z should have possession of such documents. I also told Lieutenant B my concern about the documents that I have been requesting for the past few days.I signed out to go to lunch; when I returned from lunch I observed Police Department A119 Koala helicopter taxing out for a flight. I approached my immediate Supervisor pilot Sergeant C; pilot Sergeant D and pilot Detective E; expressing my concerns again and that the aircraft should return to base. The A119 was returned to base after flying 0.2 hours by Lieutenant B on a maintenance flight along with Detective X. I was summoned by Lieutenant B to report to the Operations Office where I was told that he had the documentation required and also I do not have the right to determine what aircraft is in; or out; of service; only he (Lieutenant B) will make that determination. I was also told that I was relieved from the maintenance floor until a meeting with Sergeant Y.Had the meeting with Lieutenant B; Sergeant Y and Detective E; where I was told that I had proceeded to intervene with the operation of the city Police Department Aviation Unit. Like I have done previous; I asked them to provide me with a Standard Operations Procedures (SOP) by the city Police Department Aviation Unit and was told that there was none available at this time. As a city Police Detective Specialist on the Aviation Unit I must follow all rules and regulations from the patrol guide; also I am bound and must follow Federal Aviation Administration rules and regulations which are FAR/AMT part 43; 65 and 91; to be able to perform maintenance; preventive maintenance or alterations on the Bell 412 and Agusta Westland A119 Koala helicopters for the city Police Department.,A city Police Department helicopter unit Mechanic describes the work environment and attitudes he experiences when trying to acquire documentation of serviceability for an engine trim compensator he replaced on a Police Department Agusta A119 Koala Rotorcraft helicopter.,
918756,ASRS Database Online custom search,turnover,201011,Operator: Air Carrier | Make/Model: B767 Undifferentiated or Other Model,Component: Winglet | Problem: ,Function: Technician Technician | Human Factors: Communication Breakdown; Confusion; Situational Awareness Situational Awareness; Confusion; Communication Breakdown,,Contributing Factors: Procedure; Human Factors; Equipment / Tooling; Chart Or Publication; Aircraft | Primary Problem: Chart Or Publication,I was told the fasteners were not found to be installed. When doing turnover with midnight crew on a B767; Aircraft X; the layout number of fasteners did not match the pre-drilled pilots [holes] in the outboard splice plate; number was less than print 767-xxxx diagram. Twelve fasteners (2 groups of 6) were found missing. We found the Installation Kit. Rib 32 lower doubler did not have pilot holes drilled at L-7 and L-9 locations. A write-up was initiated for Engineering clarification. As we tried to layout fasteners; it became apparent the pattern did not fit the Engineering print callout [diagram]. At which point we asked who laid out the fasteners on [another B767] Aircraft Y? No one was able to remember. A request was made to check Aircraft Y in the field. /// Upon laying out fastener length and type on the new lower skin for the B767 winglet modification on Aircraft X; a conflict was noticed between the fastener location called out in the drawing and the lower outboard half of the splice plate. Twelve fasteners were noticed to be missing. The new splice plate comes pre-pilot drilled on the outboard side to locate on the new lower skin. The pilot holes should have been located just forward of the L-9; and aft of the L-7 lower stringers. We received the new part without these pilot holes. These fasteners are not addressed on the task card to lay out a location. A write-up was initiated and Engineering was notified to address these fasteners.,Four mechanics report about insufficient pre-drilled pilot holes in a new lower splice plate of a B767 winglet modification kit. Their Engineering task card included an additional twelve fastener locations on the splice plate for installation of the winglet modification.,
918859,ASRS Database Online custom search,turnover,201011,Operator: Air Carrier | Make/Model: B757-300,Component: Escape Slide | Problem: ,Function: Technician Technician | Human Factors: Situational Awareness; Communication Breakdown; Confusion Confusion; Communication Breakdown; Situational Awareness,,Contributing Factors: Human Factors; Chart Or Publication; Procedure | Primary Problem: Human Factors,Crew Log page reports door slide fell off. Slide ordered by swing shift [Maintenance] crew and was told to install new slide. Replaced door slide at (1-Left) L1-door; reference (Aircraft Maintenance Manual) AMM Chapter 25-66-01. Crew report at a down line station states that the D-Ring was missing and the Door Assist Bottle empty. I never looked at the Door Assist Bottle and the D-Ring was mistaken for another ring on the slide. /// Crew stated (Door 1-Left) 1-L door slide fell off; did not deploy. Swing shift ordered new slide and [I] was given a verbal turnover to install new slide and old slide was removed. When aircraft arrived [at down-line station]; D-Ring was missing and [Door] Assist Bottle was empty. We installed new slide at Door 1-L as per (Aircraft Maintenance Manual) AMM 25-66-01 and D-Ring was mistaken for other ring on slide and bottle was overlooked.,Two Mechanics were informed a down-line station had reported a B757-300 Door 1-Left slide/raft D-Ring was missing and the Door Assist Bottle was empty. They had replaced the slide just prior to departure.,
939631,ASRS Database Online custom search,turnover,201103,Operator: Air Carrier | Make/Model: ATR 72,Component: Nose Gear | Problem: Malfunctioning,Function: Technician  | Human Factors: Time Pressure; Training / Qualification; Situational Awareness; Confusion ,,Contributing Factors: Human Factors; Manuals; Chart Or Publication | Primary Problem: Chart Or Publication,An ATR-72 was in the hangar and on jacks at the beginning of my shift at XA:30pm. I received my assignment for [another aircraft]; to work a bleed leak; but it was an aircraft on ground (AOG) for a tube assembly. Unable to do any work on my assigned aircraft; I moved to aircraft ATR-72. The discrepancy was nose gear strut (NLG) is showing no chrome. The previous shift had decided to do a full service of the NLG strut since the strut was low; but there were no signs of fluid leakage.I received a verbal [shift] turnover that the tool had been installed before I took over. I completed the service per the ATR-72 job card and Maintenance manual [Chapter] 12-12-32 and checked for leakage of the strut over the next hour. I removed tool XXX; (the wrench part); but was unaware that there were two pieces to the tool. The second piece was left on the schrader valve on the NLG strut and caused the schrader valve to break and sheet metal damage [occurred] behind the NLG strut. The plane returned to the hangar with the same discrepancy. It was then that I discovered the event.This event was caused by my lack of experience on the aircraft and on the task. The tool was already installed and both pieces have the same reference number. I removed the wrench half; but the other part is chrome and threaded like the end of a schrader valve so I thought that it was part of the gear assembly. It was not my intention to deviate from procedures. I had the reference printed out and went step-by-step. When the task said to remove tool XXX; it did not specify that it was two pieces.Maintenance manual procedures on this task should be clarified. Training for this task should occur notifying other mechanics who have not serviced an ATR nose strut; that this tool is two pieces and needs to be removed. Paint these tools red and attach a 'remove before flight' tag.,A Mechanic reported a company ATR-72 returned to the hangar with the same discrepancy of a nose landing gear (NLG)strut showing 'no' chrome; after he completed a previous full service strut procedure. He discovered the NLG schrader valve was broken and that he had removed only one part of a two-piece tool for the strut servicing.,
943863,ASRS Database Online custom search,turnover,201104,Operator: Air Carrier | Make/Model: A330,Component: Engine Air Anti-Ice | Problem: ,Function: Technician  | Human Factors: Situational Awareness; Training / Qualification; Communication Breakdown; Confusion ,,Contributing Factors: Human Factors; Procedure; Aircraft; Chart Or Publication; Company Policy; Environment - Non Weather Related | Primary Problem: Chart Or Publication,April 2011; I was involved with installing the right engine on an A330 aircraft. I was working with another Mechanic on installing parts that were on the table that needed to be installed on the [new] engine. There was a long duct assy with a start valve installed on it and a anti-ice valve and duct that needed to go on the engine. So I helped installed both on the engine. The next day; the Lead [Mechanic] was going over the paperwork and said that a shop work order was not signed-off. So I told the Lead I was there and helped do the work and would sign it off. Then I went out to the aircraft and did the operations and leak checks on both valves per the Maintenance Manual (M/M); all checked 'good.' Then two days later; I found out that the parts (duct assembly and start valve and anti-ice valve) were removed from the old engine and no one had robbed paperwork; or a Maintenance reporting form made out for the parts [removed]. Myself and the other Mechanic [were told] that the parts on the table were robbed from the old engine. We were told at the shift turnover; that they [the previous shift] had robbed parts needed to be installed on the engine going on. Working on this engine change; our company; Air Carrier X; did not have any jobcards for an engine change on the A330; so we were working from the Maintenance Manual (M/M) only. Note: On the little Airbus [A320/319]; the jobcard for an engine change does callout for you to remove the anti-ice valve and reinstall it on the new engine going on [the aircraft]; without doing a rob paperwork [procedure]. I believe that whoever removed the duct assembly with the start valve and anti-ice valve and duct; may have been thinking the same for the [engine removed from the] A330. But without any jobcard to work off of; myself and any other Mechanic would not have known this. I was told that the paperwork was being looked over and that someone noted that the start valve and duct assembly and anti-ice valve may have been removed from the old engine and did not have the paperwork. This was the first engine change. Supervisor was able to get ahold of Maintenance Planning and have the part and Serial Number (S/N) [assigned to] the new right engine assembly. I believe that if the company would have had a jobcard for the engine change; that outlines the work for the start valve and the anti-ice valve and duct to be removed and reinstalled on the new engine; like the little Airbus engine change; there would not have been an event.,A Mechanic reports involvement with a right engine change on an A330 aircraft without an engine change jobcard being available; and paperwork not being accomplished before the aircraft was released for service.,
958133,ASRS Database Online custom search,turnover,201106,Operator: Air Carrier | Make/Model: Q400,Component: Emergency Equipment | Problem: ,Function: Technician  | Human Factors: Training / Qualification; Situational Awareness; Distraction; Confusion; Communication Breakdown ,,Contributing Factors: Chart Or Publication; Human Factors; Procedure; Equipment / Tooling; Aircraft | Primary Problem: Human Factors,I performed a CVR Underwater Locator Beacon (ULB) Test in the tail of a Q400; Aircraft X. When completed; I gathered tools and removed them from area. I then asked Mechanic Y working on the APU; to verify that I had left nothing in the tail. He said that it was clear and I closed the access panel. I returned to Avionics area and had to search for the proper location for the ULB Tester (I did not remove it from the Tool Drawer area; it was sitting on the bench when I arrived on-Shift. Mechanic Z was preparing for the task and then had me do it while he set up for the Transponder Functional Test). I didn't see the proper location [for the Tester]; so I placed it in the second drawer from the bottom where I thought I had seen it months before. Approximately two weeks later; the Dayshift Lead asked us if we knew where the ULB Tester was at. I went to the drawer where I had placed it and it wasn't there. The Lead and I searched the Tool Drawer area and didn't find it. The other Avionics guys said it was probably in ZZZ1 because it; along with other equipment; was always being sent there. Later that weekend; I asked Parts Employee X; in Stores; if they had it by mistake and he thought it had been pulled to turn in. He said he would check the [Station] authorization list to see which one we had; but he thought that we weren't assigned one [Tester]. I didn't hear the results. Five days later; a Mechanic told me that a ULB Tester had been found in the tail of Aircraft Y; another Q400. I asked the Supervisor about it and the paperwork showed that I had been the one signing for doing the test on the ULB. (At that point I didn't remember which plane I had tested; it was only the second time I had done that test; the first being many months before). I told the Supervisor what I had been doing that night and that I had turned the Tester into the Tool Drawer area. It [the event] stood out because I felt stupid for not being able to remember or find the right place to put it in the Tool Drawer; and I remembered asking for the second set of eyes. A Mechanic found the Tester in the tail during an A-Check. I am new to the work group and am still learning where everything goes and the procedures of the group. I didn't verify that the Tester; already sitting out; was signed out and I didn't look for the tag on turn in. I took for granted that whatever had to be done prior was done. Suggest adding a visible Sign-out [Sheet] that has to be confirmed by another Technician when a tool is turned in; either at the time or at [shift] turnover.,Relying on another Mechanic to verify the internal tail section of a Q400 aircraft was clear; Mechanic X reports he closed the Tail access panel and signed-off a CVR Underwater Locator Beacon (ULB) Check. Approximately three weeks later; Mechanic X was notified the Tester equipment he used for the ULB Check was found in the tail of a Q400.,
961683,ASRS Database Online custom search,turnover,201106,Operator: Air Carrier | Make/Model: B737-700,Component: Horizontal Stabilizer Control | Problem: Malfunctioning,Function: Inspector Technician | Human Factors: Situational Awareness; Communication Breakdown Communication Breakdown,,Contributing Factors: Incorrect / Not Installed / Unavailable Part; Procedure; Human Factors; Company Policy; Chart Or Publication | Primary Problem: Human Factors,I have received a [company] letter informing me that two horizontal stabilizer pulleys; one for STA and one for STB cables; were left off [(not installed)] at STA 328 on aircraft.On shift turnover from day shift; horizontal stabilizer trim cable STA already installed by day shift Mechanic and all access ceiling panels 'OK' to close before my shift.On my shift; we were to finish checking cable tension and to complete cable adjustment test according to jobcard XXXX and maintenance manual. Because my shift was the last shift to complete jobcard XXXX; I; [as Inspector]; have to sign-off the Remove and Replace (R/R) jobcard for the horizontal stabilizer STA cable and I was not aware of any pulleys being removed and not being reinstalled. /// I was assigned; along with other mechanics; to take over on a horizontal stabilizer jackscrew and cable change. The jackscrew was already installed and all [access] panels and pulleys were removed and entered on a company maintenance form. I worked in the tail compartment and wrapped the [stabilizer trim] cable on the jackscrew and installed the cable guards.After the operational checks were completed and inspected; I made sure the maintenance form was signed-off. Then I signed-off the non-routine card (NRC). I was unaware of any pulleys not being installed.,Three mechanics and one Inspector report about their involvement with a horizontal stabilizer jackscrew and trim cables removal and replacement (R/R) on a B737-700 aircraft. Forward pulleys for the stab trim cables in main electrical equipment (E/E) compartment were not reinstalled; causing aircraft damage.,
966419,ASRS Database Online custom search,turnover,201108,Operator: Air Carrier | Make/Model: Dash 8-100,Component: Turbine Engine | Problem: ,Function: Technician Other / Unknown | Human Factors: Training / Qualification; Time Pressure; Situational Awareness; Confusion; Communication Breakdown; Workload Communication Breakdown; Training / Qualification; Situational Awareness,,Contributing Factors: Aircraft; Chart Or Publication; Company Policy; Human Factors; Procedure; Staffing | Primary Problem: Human Factors,We had an engine change on a DHC-8-100 aircraft for #2 engine leaking excessive oil. I was the Senior Mechanic on shift with three other mechanics with very little to no experience on an engine change. The weather at the time was very severe rain; so in turn only one Mechanic was sent up from ZZZ1 with all the equipment to change the engine. We were provided a hangar by another Air Carrier. So with the manpower we were given; we began the engine change with the paperwork. I handled the engine change; as well as the gate calls in the station.We finished the engine change the next day. From what I was told; everything went well with the engine change. The aircraft was ferried to ZZZ1 and did some flights from there from what I was told by Supervisor. A flight crew found oil coming from [propeller] hub assembly.The reason the event occurred was due to the lack of manpower and experience. When the engine was dropped; we needed a Quality Control (QC) Inspector; which was not able to get there on time due to weather conditions. So; Maintenance Control gave permission for Mr. X from ZZZ1 to have a temporary RII [inspection authority] for certain parts of the engine installation. As we continued to install the engine we needed more QC blocks signed-off by an Inspector. Mr. X from ZZZ1 insisted to continue and that he would RII the rest of the engine change. As far as I could think of; all the work that I performed on the hub assembly and the propeller was looked at by the Mr. X from ZZZ1 and was performed in accordance with the work card provided.From what I was told; the aircraft got ferried back to ZZZ1 and the work was looked at again. I have no comment or suggestions for avoiding this recurrence. /// I arrived at work in ZZZ1 and was given turnover on an engine change in ZZZ. Both the other [Maintenance] Controller and I were handling various facets of the maintenance being performed. These included movement of personnel and acquiring a hangar due to inclement weather. Due to personnel having to return to their home bases; we were left without an RII [qualified Inspector] on site [in ZZZ]. One of the mechanics called and said they had the engine out of the nacelle and had the new engine hanging from the chain hoists. Air Carrier Y [in ZZZ]; had given them a deadline of XB:00 PM to get the engine/aircraft out of the hangar. Our RII [Inspector] was not to be on-site before XC:00 PM.I was asked by Mr. X if I could issue a 'temporary RII' [inspection authority] for the engine installation. The individual assured me he had performed numerous engine changes while working routine overnight checks (RON) in ZZZ1. I explained at that point I would not issue a temporary RII for the entire engine change. However; I would issue a temporary RII for the pre-inspection of the nacelle and securing the engine in the [pylon] mounts. This should have allowed them ample time to meet the time constraints set by Air Carrier Y to exit the hangar by XB:00 PM. The Chief Inspector was out of the office so I contacted his delegate. I explained the deadline and we agreed to allow Mr. X to inspect the nacelle prior to the engine installation; putting the engine into the mounts and securing it; nothing more.I explained in detail to both individuals involved; prior to sending the temporary RII Inspector to ZZZ; Mr. X was to inspect only the nacelle prior to the engine installation and the engine installation in the mounts; which would allow us to secure the engine and safely move the aircraft. This was reinforced numerous times stating the same thing over and over to avoid any confusion as to the boundaries of the RII. He was also told that I needed him to fill out the temporary RII paperwork and fax it back immediately. Mr. X agreed and I started the process of filling out the paperwork and faxing it.I called ZZZ approximately three times requesting the return of the temporary RII paperwork. Evidently; Mr. X was too busy performing the inspections and couldn't take the time to review the paperwork and fax it back to Maintenance Control. My final call; I insisted (talking to the ZZZ Mechanic) that Mr. X stop what he was doing; fill out the paperwork; and fax it back [to ZZZ1]. I received the paperwork back prior to leaving at the end of my shift; XA:30 PM. I returned to work after my weekend and was advised the engine developed an oil leak.After my explanation [to Mr. X]; there should have been no question as to the limitations of the RII issued. Mr. X was questioned by the Mechanic on duty [in ZZZ] as to the limits of the temporary RII [inspection authority] and what Mr. X was actually inspecting. This disregard to the RII procedure and to myself; after making the limits of the RII issued crystal clear; should not be tolerated.,A Line Mechanic and Maintenance Controller report about another Mechanic who exceeded the temporary RII inspection authority issued to him by the Maintenance Controller to help expedite an engine change installation on a company DHC-8-100 aircraft. The #2 engine was replaced due to excessive oil leakage.,
979963,ASRS Database Online custom search,turnover,201111,Operator: Air Carrier | Make/Model: B767-300 and 300 ER,Component: Aircraft Logbook(s) | Problem: ,Function: Lead Technician Technician | Human Factors: Communication Breakdown; Confusion; Distraction; Situational Awareness; Time Pressure; Workload Confusion; Communication Breakdown; Situational Awareness; Distraction,,Contributing Factors: Chart Or Publication; Aircraft; Company Policy; Logbook Entry; MEL; Procedure; Staffing; Human Factors | Primary Problem: Company Policy,I was assigned acting Crew Chief duties at the hangar on Day Shift. I was asked to release the logbook for a B767-300. When I took over the process of the closing [out] of the logbook; the closing out and review; was already in process by another Lead Mechanic; and he was going home. He handed me the work package and logbook; and left for the day. I reviewed the work pack; and looked at the ZZZ [Maintenance] accountability sheet for the aircraft; and saw that everything was signed-for and accounted for (work cards; etc..); except for one item; which I then cleared. I was told this morning; that two MEL items were signed-for on the Maintenance Report; but never entered into the logbook. I believe a lack of communication (turnover) and a very busy day (Seven Out of Service (OTS) aircraft) led me to miss these items. I also know that it was my responsibility to make sure everything was in the logbook; and will be more diligent in my duties as acting Lead Mechanic in the future. Suggest taking the time to get a proper turnover and more careful review of paperwork. /// My job assignment was to taxi aircraft from the hangar to the terminal. In the midst of our assignments; we were asked to taxi a B767-300 to the gate and to start and run-up the # 2 Engine due to a fuel nozzle replacement. We went out to take the aircraft to the gate; we started-up and ran-up the engine normally; and at that time; we were told they [Operations] changed equipment on the trip; and to take the aircraft to a hardstand. When we returned; the Lead Mechanic asked me to sign-off the Maintenance Report item on the start and run-up of the aircraft; and I did so. We did not sign-off the MEL; or the clearing of the Logbook Deferral Sheet; which is normally handled by the Lead Mechanics here at the hangar. It was a very busy day yesterday; as there were many aircraft out of service here at the hangar and this may have contributed to the issue. As a future safety net; I will insist on reading the final entry before the logbook is released to assure accuracy.,Two Lead Mechanics and a taxi Mechanic working multiple aircraft; describe their involvement with a B767-300 aircraft that was released with two MEL items that had been cleared in their Maintenance Report; but not entered into the aircraft's logbook.,
981306,ASRS Database Online custom search,turnover,201111,Operator: Air Carrier | Make/Model: Regional Jet 900 (CRJ900),Component: Pitot-Static System | Problem: Malfunctioning,Function: Lead Technician  | Human Factors: Time Pressure; Distraction; Situational Awareness; Communication Breakdown ,,Contributing Factors: Aircraft; Chart Or Publication; Company Policy; Equipment / Tooling; Human Factors; Procedure | Primary Problem: Human Factors,November 2011. Early A.M. - Finishing CAT II Job Card/TOGA Check only with Digital Pitot-Static DPS-450 Air Data Test System (ADTS). Turnover from 3rd Shift: Pitot probe on right side replaced due to suspected leak but 'no fix'; system failure still the same (DPS-450 Airspeed set to 85 KTS but PFD-1 and -2 indicating 77 and 72 KTS respectively). Third Shift relieved and went home; I swapped Pitot Probe Adaptors from another test kit and using same DPS-450 [tester unit]; set Airspeed to 85 KTS and noted PFD-1 and -2 now both reading 85 KTS.[I] completed TOGA Check portion of Job Card satisfactorily. [I] verified Leak Check of Right-Hand (RH) Pitot Probe; good per Aircraft Maintenance Manual (AMM). Removed Pitot Probe Adaptors and black Electrician's tape wrapped around left and right side S2 ports (usually used to get a better seal on the Probe Adaptors). I also checked the Angle of Attack (AOA) vanes and noted black Electrician's tape was used to hold them at '0' degrees for the CAT II Job Card. I missed the black Electrician's tape around the S1 port on the left side as we normally don't apply it there. Aircraft flew three legs and; inbound on last leg; pilot reported EFIS COMP MON EICAS message [Master Caution on PFD Output] and an altitude split of 250 FT between PFD-1 and PFD-2. Maintenance personnel met aircraft at the gate and noted black Electrician's tape burned on Left Pitot Probe around the S1 port. Pitot/Static Probe replaced and aircraft returned to service. [I was informed by] my Operations Manager.I accept full responsibility since I should have performed a more detailed inspection of the Probes once I had removed the Probe Adaptors and black Electrician's tape. I believe the color of the Electrician's tape made it easier to miss and especially on the AOA vanes. Red Flags should be attached to the Pitot/Static Probes and the AOA vanes when performing tests on these items. Only Red (or White/Contrasting) Tape should be used for the purpose served by the black Electrician's tape to add an extra measure of safety and observation. Left Side Pitot/Static Probe was replaced by Maintenance; tested and aircraft returned to service. Suggest 'Red' Flags should be attached to/near the Pitot/Static Probes; Static Ports and the AOA vanes when performing tests on these items using Probe Adaptors and/or the DPS-450 [tester]. The 'Red' Flags are only removed after inspecting the Pitot/Static Probes and Static Ports. Only Red (or White/Contrasting) Tape should be used (for the purpose served by the black Electrician's tape in this case) to add an extra measure of safety and observation..,A Lead Mechanic involved with finishing up a CAT2 Job Card/TOGA Check; suggests only 'Red' or 'White' Contrasting type tape should be used to secure test adapters on Pitot-Static System probes and AOA vanes. He missed a piece of 'Black' tape that melted on a CRJ-900 left pitot probe at the S1 port causing an inflight Master Caution EICAS message.,
984814,ASRS Database Online custom search,turnover,201112,Operator: Air Carrier | Make/Model: Q400,Component: Hydraulic System Pump | Problem: Malfunctioning,Function: Technician  | Human Factors: Distraction; Situational Awareness; Time Pressure ,,Contributing Factors: Aircraft; Chart Or Publication; Procedure; Manuals; Human Factors; Equipment / Tooling | Primary Problem: Human Factors,I took a turnover from dayshift to complete a flush [procedure] of the Number 2 Hydraulic System; and to finish the installation of the Number 2 Engine Driven Hydraulic Pump (EDP). I used a highlift [vehicle] to gain access to the EDP. Both cowl doors (forward and aft) were open. As I raised the lift; I was trying to be careful not to hit the aft cowl door. I was able to attach the pressure and return lines to the EDP along with the drain line on the bottom of the EDP. From the position I was at; I didn't see that the case drain line on top of the EDP was capped. The flight crew reported to Maintenance that the number 2 Hydraulic System was low on fluid. [This was] due to; not closing the aft cowl door and extending the lift up to gain better access; I missed seeing the line on top of the EDP. The EDP was Removed and Replaced (R/R). [Would] suggest paying attention to details and take a closer look. Flight was canceled.,A Line Mechanic reports he failed to reconnect a case drain line to a Number 2 Engine Driven Hydraulic Pump (EDP) on a DeHavilland Q-400 aircraft. Flight crew reported the Number 2 Hydraulic System was low on fluid. Flight canceled.,
988529,ASRS Database Online custom search,turnover,201201,Operator: Air Carrier | Make/Model: A319,Component: Cockpit Window | Problem: Malfunctioning,Function: Lead Technician Technician | Human Factors: Distraction; Confusion; Communication Breakdown; Situational Awareness Fatigue; Distraction; Workload; Time Pressure; Situational Awareness; Communication Breakdown,,Contributing Factors: Human Factors; Logbook Entry; Incorrect / Not Installed / Unavailable Part; Aircraft | Primary Problem: Incorrect / Not Installed / Unavailable Part,It was brought to my attention that the aircraft I had Released for Service had parts missing from a First Officer's Sliding Window replacement during overnight maintenance which my shift [had] received a Turnover on to complete.The A319 aircraft was turned over to Dayshift for completion of installation of First Officer's Sliding Window pane. Reference Log page XXX. 'Partial work turn over' stated all work was completed except for Final Adjustments and installing the trim around window. Aircraft Maintenance Manual (AMM) 56-12-11-400 was being followed for window replacement. Upon completion of job; I cleared work pack; closed MEL on Window Heat; reviewed all paperwork and made entries in Sceptre [Maintenance Computer System]. I signed-off Airworthiness and Released aircraft for service. Several hours later we received a call from the Third-shift Mechanic stating he forgot to install one of two bolts and nuts on the window release handle where it attaches to the window trolley bellcrank; item #380 Illustrated Parts Catalog (IPC).Immediately I checked and found the A319 aircraft on lay over in ZZZ1. I called my Supervisor and informed him of the situation. We called ZZZ1 Maintenance and asked them to confirm bolt and nuts missing; which they did. In the meantime we checked IPC 56-12-11; located part numbers and called ZZZ1 with part numbers. I then had a conversation with ZZZ1 Lead Mechanic and using IPC reference; location of missing hardware was established. Shortly thereafter; ZZZ1 Lead Mechanic called and reported to me job was completed. I expressed my gratitude to him for their help in solving our dilemma. /// During a January night; 2012; Myself and another Mechanic were assigned to work an MEL on an A319 aircraft. MEL was for First Officer's 'Window Heat fault'. After some troubleshooting; it was determined that the First Officer's window would need to be replaced due to internal arcing. A new First Officer's window pane was sent for the aircraft. After determined the effectivity of the new pane; we proceeded with the task of replacing the First Officer's window pane. A Remove/Installation Manual was available on site and used as references. During removal of the old window pane; I discovered that the two fastening nuts at the bottom aft corner of the window are not accessible without removing at least one of the two bolts that attached the handle bellcrank to the aft window mechanism; (reference Illustrated Parts Catalog (IPC) 56-12-11; so I proceeded to removed one of the bolts' and set it aside; noting that the bolt must be left out for the installation of the new window pane. By the time I'd installed and torqued the new window pane; I noticed that it was getting close to the end of my shift; so I proceeded to the office to fill out a Maintenance Turnover form. When I arrived at the office I discovered that a Lead Mechanic had already filled out a turnover form on my behalf. I reviewed the turnover and it approximately stated that an old window pane was removed and a new window pane installed and torqued; and that a Rigging Check of the window is required. I agreed with the turnover and proceeded back to the aircraft to collect my tool and went home shortly thereafter. Several hours after I'd returned home; it suddenly occurred to me that no mention of the removed bellcrank bolt were mentioned in the turnover; so I immediately contacted the Lead Mechanic on duty and informed him of the removed bolt. A short time later the Lead Mechanic on duty called me at home and informed me that the aircraft is now in ZZZ1 and that he had contacted ZZZ1 Maintenance concerning the bolt; and ZZZ1 is sending mechanics to the aircraft to verify the installation of said bolt. This is the extent of my knowledge concerning this case.Prior to the occurrence; I'd work on the window for the entire shift; having taking only about a ten minute break in between. Only after I arrived home and relaxed for several hours then it just occurred to me that a mistake may have been made. [This was] caused by long hours of continuous work; too focused on a particular part of the task. I have no knowledge of what actions were taken. Suggest having a co-worker relieve you after several hours of continuous work.,After a Lead Mechanic had signed-off an A319's Airworthiness and Released the aircraft; a Line Mechanic informed the Lead Mechanic that one of two bolts and nuts for the First Officer's Window Release handle had not been installed. Window had been replaced due to a First Officer 'Window Heat fault'.,
993461,ASRS Database Online custom search,shift_change,201202,Operator: Air Carrier | Make/Model: B737-400,Component: Fire Protection System | Problem: Malfunctioning,Function: Technician  | Human Factors: Distraction; Situational Awareness; Time Pressure; Communication Breakdown; Workload; Confusion; Troubleshooting ,,Contributing Factors: Company Policy; Environment - Non Weather Related; Human Factors; Aircraft | Primary Problem: Human Factors,At shift change; [I] received a gate call for a B737 aircraft with numerous items to be addressed. Last item; due to wheel well fault; had to change Fire Control Unit (FCU). Called for paper work; pulled FCU; verified proper Part Number (P/N) to Stores. Part arrived before paperwork arrived. And being pressed for time; had pulled circuit breaker prior to removal; and thought powering down aircraft would negate any electrical power to FCU. Swapped out FCU's and preformed operations check; operations good; then discovered light plate was missing. [I] powered down aircraft battery switch to 'OFF'. While installing light plate had to slightly move APU and #2 engine fire handles for installation of light plate. [I] verified discharge [of fire bottles]. Pilot refused to take aircraft or have an MEL issued for [crew] oxygen (O2) at 1;000 PSI for jump seat riders standing by. [I] serviced O2 to full level. Finished all other maintenance items except FCU; and were at least 30-minute into [departure] delay. Aircraft temporarily taken out of service; and all involved sent for drug and alcohol [tests]. Suggest [that] regardless of delay; wait for paperwork to arrive to start job.,A Line Mechanic reports the APU and #2 engine fire bottles were inadvertently discharged; even with the battery switch 'OFF'; when he was transferring a lighted faceplate from a malfunctioning Fire Control Panel (FCP) to a replacement FCP on the P-8 Center Control console of a B737 aircraft.,
994790,ASRS Database Online custom search,turnover,201202,Operator: Air Carrier | Make/Model: B747-400,Component: Traffic Collision Avoidance System (TCAS) | Problem: Malfunctioning,Function: Technician Technician | Human Factors: Other / Unknown; Time Pressure; Communication Breakdown Communication Breakdown; Other / Unknown,,Contributing Factors: Company Policy; Human Factors; MEL; Procedure; Chart Or Publication; Aircraft; Manuals | Primary Problem: Human Factors,We had Aircraft X; a B747-400 with a TCAS lower antenna [write-up]. We found the coax [cable] was bad at the bench plug; so we robbed [cannibalized] the harness from Aircraft Y; another B747-400; which was going to ZZZ1 on a ferry flight for a corrosion repair. I was told to install the bad harness from Aircraft X onto Aircraft Y. I do believe we are not supposed to install a known bad part on an aircraft. I felt that I was under extreme pressure by management to install this bad part. /// A local Line Maintenance Specialist approached me with a TCAS antenna harness and informed me that I was to install said harness in Aircraft X; a B747-400 aircraft [at the] TCAS bench plug. He is in a new position [carried over] from the merger of Air Carrier Y into our Air Carrier X. This position is Management and the closest parallel I have to it would be our Engineering group which is also Management. As a Union Shop our rules forbid Management from doing hourly rated work. This Specialist was involved with the TCAS harness so a Union Steward intervened and reminded him that he was doing hourly rated work. The solution for this situation; he was told; would be to have hourly rated employees perform this function that he was doing on his own. The Specialist agreed so I was assigned to help with this project on his orders which I did. His objective was to rob; [cannibalize]; from Aircraft Y; a B747-400; a good [TCAS} harness; which our Air Carrier X does not stock locally; and install it on Aircraft X. Aircraft Y was being prepared for a ferry flight for a permanent sheet metal repair under an Engineering Directive; Engineering Change Repair Authorization (ECRA). The TCAS job was to be a new deferred item. I understood that this deferred item would be to install a harness (Serviceable or Non-Serviceable) in position; and I was following verbal orders from the Maintenance Specialist. No one was certain that this harness would fix the problem.,Three Avionics Technicians; a Maintenance Specialist; a Maintenance Analyst; and a Maintenance Controller report about their involvement with four COAX cables robbed (cannibalized) from one B747-400 and installed on another B747-400 aircraft for a TCAS unit with a faulted lower antenna. The TCAS cable configurations were not Effective; not interchangeable; between aircraft.,
995436,ASRS Database Online custom search,turnover,201202,Operator: Air Carrier | Make/Model: Brasilia EMB-120 All Series,Component: Elevator | Problem: Malfunctioning,Function: Technician  | Human Factors: Distraction; Communication Breakdown; Training / Qualification; Troubleshooting ,,Contributing Factors: Aircraft; Company Policy; Human Factors; Manuals; Procedure | Primary Problem: Aircraft,I was informed by our Maintenance Director that the 'elevator of an EMB-120 had come off in-flight'. I was not made aware of the day or time; only that the elevator had come off and an emergency landing was made successfully. My initial reaction was shock. My initial thought was a possible flutter situation since the right elevator was one I had worked on and a complete Static Balance was completed on the elevator before it was reinstalled on the aircraft. As it turned out; the elevator involved was the left elevator; and initial investigation has indicated that two bolts were missing and that the [left] elevator did not depart the aircraft; but did cause a serious inflight emergency. My only involvement with the hardware in question was to clean it; inspect it for corrosion; damage; and any defects or other reasons to replace it. I saw no reason to replace any of the bolts in question on either the right or left elevator hinges so I took no action to remove them. My inspection confirmed correct installment and safety of the hardware with reference to the Manufacturer's Illustrated Parts Catalog (IPC); that is; the pileup [stacking/ positioning of washers and spacers during bolt installation]. I was informed by the Director of Maintenance at the time; that the event had occurred. I am not certain what had occurred other than two of the outer hinge bolts in the vertical axis of the left elevator hinges are missing and the movement of the elevator in flight precipitated an emergency landing. When installing the elevators; no defects in this hardware or missing hardware was noted or observed. Subsequent RII Inspection of the aircraft upon completion of installation did not indicate any of this hardware involved to be missing or incorrectly installed. Suggest [that] a more direct; comprehensive form of supervision of all personnel on the floor is indicated; comprehensive training on aircraft type is needed; Mechanic work habits and Work Turnover Procedures need to be improved; and given the availability of modern technology; i.e. digital cameras; etc.; better documentation of work performed should be brought to use in a more comprehensive manner. This is especially true when primary flight controls and flight critical components are involved. I am absolutely certain that the work I performed on this aircraft involving the elevators was completed 100% correct; and that when this aircraft was released to flight I volunteered to fly on the initial test flight after a complete brief with the company pilot as to the scope and detail of the work done by myself and others. I am equally as certain that the hardware in question was in fact installed properly; that it was in an airworthy condition; that our company RII Inspector did in fact look at and inspect every phase of this effort; including the hardware in question; and that the cause of its missing from the aircraft is not due to any error on my part.,A Mechanic reports a company EMB-120 Flight crew declared an Emergency; landed heavy; at high speeds with flaps up; to controlled violent Pitch-up and Down movements of the aircraft. Mechanic suspects hardware bolt failures of the elevator hinges in flight; in icing conditions; are occuring.,
997853,ASRS Database Online custom search,turnover,201203,Operator: Air Carrier | Make/Model: B777-200,Component: Powerplant Fuel Control Unit | Problem: Malfunctioning,Function: Technician Technician | Human Factors: Communication Breakdown; Situational Awareness; Troubleshooting Situational Awareness,,Contributing Factors: Chart Or Publication; Aircraft; Human Factors; Procedure; Manuals | Primary Problem: Aircraft,March 2012; I was assigned to pick up a B777-200 aircraft at a Terminal Gate. I was at the gate when aircraft arrived and helped park it. After aircraft was chocked; the # 1 Engine continued running for about four minutes. I was going to connect a headset to the aircraft to find out why; [when] just at that moment I heard and saw # 1 Engine spool down. Did walk around on aircraft and noticed smoke coming from # 1 Engine for about three or four minutes. Went up to cockpit to get ready for taxi off gate and saw Pilot; he made no comment to me about the aircraft. Looked at the Flight Displays and noticed message: Left Engine Fuel Valve. Checked Chapter-31 in Maintenance Page and saw it was an erasable message. We see this message often after maintenance has been done; or when somebody moves the 'Cutoff' switch [Fuel Control Switch] out of sequence. We were delayed on gate for about one hour. After pushback; we had two normal starts; nothing unusual noted. Taxied aircraft to large hangar inbound A-Check. Left seat; moved 'Cutoff' switch to 'OFF' and engine did not respond. Moved Cutoff lever [switch] back to 'ON' [Run] and then back to 'Off'; engine still did not respond; removed fuel pump pressure and proceeded to lift Fire handle to force pylon fuel shutoff valve to close. Engine continued to run for approximately 30-seconds. Conferred with taxi partner to interrogate [B777] Maintenance Access Terminal (MAT) to see if there is a fault. Fault message was present and printed copy to give to Swing Shift Lead and Supervisor; which was 15-minutes after our shift had ended. Made an electronic maintenance write up and notified Swing Shift Lead and Supervisor. Went home.Next day; was assigned Fuel Control Unit (FCU) [Fuel Metering Unit (FMU)] change on same aircraft. Checked Maintenance computer to see what had been done to aircraft since my [Shift] turnover from previous day. There was an Engineering Order to test Fuel Metering Unit (FMU) and then run engine. The Test portion had been completed and all that was left was to run Engine # 1 two times; to see if engine would repeat the previous day's results; or if it would operate normally. But decision was made to replace FCU. Fuel Control Unit [Fuel Metering Unit (FMU)] was replaced and aircraft was pushed out for test and leak check and dry motor [operations]. Knowing that there was a possibility of extra fuel being left over in engine because of aborted shutdowns and possible checks being done on the off-shifts; care was taken to dry motor engine longer than normal. I and other mechanics have had experiences with B777 engines after heavy maintenance that have had booming starts with flames shooting out the tail pipe before. Even dry motoring the affected engine for longer than five minutes does not help; the booming and flaming starts. I motored engine to 25% N2; or Max Motor; engine was ready to light-off. Upon moving 'Cutoff' switch to 'Run'; immediately heard a loud boom; looked out of cockpit window which was open and saw a large fire cloud. Ground Mechanic immediately responded and yelled 'Fire' into headset. I had a millisecond to respond and knowing that this engine has had some problems shutting down I instantly moved 'Cutoff' [switch] to 'Off' and continued motoring engine [with Starter]. Again looked out cockpit window and saw flame was gone but still had large amount of smoke; continued with motoring until Ground Mechanic had cleared me for Shutdown. Twenty minutes later; restarted same engine with normal start and one hour later started two more times and engine started normally. ETOPS aircraft. /// Pushed a B777-200 airplane outside for engine run. Motored engine for five minutes or so; told cockpit [Mechanic] clear for engine start. Immediately noticed ball of fire and smoke. Relayed message to cockpit via headset. Cockpit responded and kept motoring engine till flame and smoke had cleared.,A Line Mechanic reported his concerns regarding B777 aircraft engines experiencing booming fireball; hot engine starts with flames shooting out the tailpipe.,
1007796,ASRS Database Online custom search,turnover,201204,Operator: Air Carrier | Make/Model: EMB ERJ 145 ER/LR,Component: Cockpit Window | Problem: Malfunctioning,Function: Technician Inspector | Human Factors: Situational Awareness; Communication Breakdown Situational Awareness; Confusion; Communication Breakdown,,Contributing Factors: Manuals; Incorrect / Not Installed / Unavailable Part; Procedure; Aircraft; Chart Or Publication; Company Policy; Environment - Non Weather Related; Human Factors | Primary Problem: Human Factors,An [Aircraft Status] Turnover from third shift to day shift involved the replacement of a First Officer's windshield replacement where the seal installed was not correct for the Mod status of the aircraft. The seal was installed by third shift and the turnover to day shift started with the windshield being ready for install on the airframe; which is where I; [Mechanic X]; took over. I installed the windshield with no problems and the Operational Leak Checks were good. I am not sure; but I feel that the event occurred prior to myself getting involved. I feel that it is and has always been important to verify that the correct parts are used according to effectivity. /// Company EMB-145 aircraft arrived at the hangar for a Windshield Heat Fault. After troubleshooting; [it was] determined bad windshield at First Officer's position. Windshield was removed and the aircraft was prepped for new; by Mechanic Y. I looked at windshield frame for proper prepping; along with sealant in four corners. I looked at the new windshield and provided oversight during the new seal for proper installation and everything looked correct. The shift was ending so a [shift] turnover was generated where the Mechanic signed-up to the specific task and I signed the RII. [There was a] misunderstanding of seal effectivity. For my involvement; make sure to ask the Mechanic about his experience with the task at hand. Verify the 'Effectivity' of the part being installed more closely. Talk to the Lead Mechanic to ensure that at least one of the mechanics performing the work has done the job before. Mechanic; who installed window; caught the error and had called Maintenance Control to have aircraft removed from service.,Four mechanics and one Inspector report about their involvement with a First Officer's Forward Windshield replacement on an EMB-145 aircraft. An incorrect pressure seal had been installed; requiring aircraft be removed from service.,
1010625,ASRS Database Online custom search,turnover,201205,Operator: Air Carrier | Make/Model: MD-11,Component: Circuit Breaker / Fuse / Thermocouple | Problem: ,Function: Technician  | Human Factors: Situational Awareness; Communication Breakdown; Distraction; Workload ,,Contributing Factors: Aircraft; Company Policy; Incorrect / Not Installed / Unavailable Part; Staffing; Human Factors | Primary Problem: Company Policy,Opened the # 1 engine left-hand engine cowl and thrust reverser (T/R) on an MD-11 aircraft at Gate XXX for hanger crew to Remove and Replace (R/R) the # 1 Engine Integrated Drive Generator (IDG). Did not pull and collar the circuit breakers called out in the Aircraft Maintenance Manual (AMM) 71-10-00-2-1. Was working other gates and also right after cowling was opened; hanger mechanics showed up and I gave them a turnover and forgot to pull and collar circuit breakers. I was working other gates that night; things were hectic and [I] was going back and forth to other aircraft. I did miss pulling and collaring the circuit breakers. I think if one is assigned to work an Out of Service (OTS) aircraft; you should be relieved of all other gates. We normally work with a shortage of manpower.,A Line Mechanic reports he did not pull and collar Circuit Breakers that were called out in their MD-11 Aircraft Maintenance Manual (AMM) Chapter 71-10-00-2 for replacement of the # 1 Engine Integrated Drive Generator (IDG). He had been working multiple gates and the Out of Service (OTS) MD-11 aircraft.,
1013406,ASRS Database Online custom search,turnover,201205,Operator: Air Carrier | Make/Model: Regional Jet 200 ER/LR (CRJ200),Component: Rudder Control System | Problem: ,Function: Lead Technician Technician | Human Factors: Workload; Communication Breakdown; Confusion; Distraction; Situational Awareness Training / Qualification; Fatigue; Distraction; Communication Breakdown; Situational Awareness,,Contributing Factors: Weather; Equipment / Tooling; Human Factors; Manuals; Procedure; Chart Or Publication; Aircraft; Company Policy | Primary Problem: Human Factors,Mechanic X was performing cable tensions on the aileron; rudder and elevators of Aircraft X; a CRJ-200 aircraft. Mechanic Y and Mechanic Z were waiting for Mechanic X to finish Tension Checks before they performed the Function Check of the Rudder Power Control Unit (PCU). Mechanic Y said he was waiting on the rig pins for the Functional Check of the Rudder PCUs; so I; Lead Mechanic X; told Mechanic X that we needed to pin the rudder for the Rudder PCU Task; so we would remove them after completion. (At this time I was going through all the Task Cards to see what needed completion and what was completed before dayshift left at XB:30 pm; there were about 90-Task Cards total). We would not do the Rudder PCU Task card till after lunch (XA:00 pm).I found out from another person four days later that Aircraft X had to return to gate because the rudder would not move. It was determined that the rudder rig pins were left in. After looking at the Rudder PCU Task Card; it was discovered rig pins were not needed; it only called for the Rudder Rig Kit installation. It is not necessary to perform a Travel Check of the rudder after the Rudder PCU Task; so if the pins were left in it would not be known. We do not make a write-up for rig pins being installed due to the fact that Task Cards have a block to sign for the removal of them. However; we sometimes encounter more then one Task Card requiring the same items to be pinned; but there might be three people doing three different tasks; sometimes crossing over into different shifts with turnovers.It should be required that the person installing the rig pins for a specific item make a write-up in our maintenance tracking system stating the pins are installed; regardless if the Task Card has a [sign-off] block for it. /// Knowingly left forward and aft Rudder Quadrant rig pins in Aircraft X after finishing Rudder Tension Check Task Card... I and Mechanic Y were both assigned to the same Aircraft X. I was finishing up a Rudder Tension Check Task card late in my shift (day shift). Mechanic Y works Second Shift and was about three hours into his scheduled shift. He had just started setting up for a Rudder Backlash Task Card. At the time I thought his Task Card called for all the rudder quadrant pins to be installed; plus one more in the tail. So as I wrapped up my paperwork I decided to initial the [sign-off] block on the task card where it states to remove all the [rig] pins and check for free rudder movement; thinking when Mechanic Y was finished; he would remove all the rig pins. I found out after I came back from my weekend that he was responsible for only one rig pin; which goes thru the Rudder Limiter in the tail. Mechanic Y did nothing wrong here. Therefore; I thought it was okay to sign-off my Task Card and enter it into our Maintenance Tracking System. As a result; the installed rig pins went unnoticed until Aircraft X was leaving the gate. The flight crew noticed the rudder pedals were in a locked condition. That resulted in the aircraft returning to the gate. Subsequently; Maintenance personnel found the pins still installed in the rudder quadrants.I should have just left the task card [sign-off] block open; where it states to remove all rig pins. I just assumed my co-worker was going to pull the pins when he was finished. This assumption; and by not telling my co-worker a second time about the [rig] pin status before I left for the day; caused this incidental; excessive [high] temperatures.,Two Mechanics and one Lead Mechanic report about their involvement with a CRJ-200 aircraft that returned to the gate after a flight crew noticed the rudder pedals were in a locked condition. The CRJ had just been released from a Heavy Check the day before. Rig pins had not been removed from the rudder pedal quadrants.,
1014442,ASRS Database Online custom search,shift_change,201205,Operator: Air Carrier | Make/Model: A320,Component: Airframe | Problem: ,Function: Lead Technician  | Human Factors: Communication Breakdown; Confusion; Situational Awareness ,,Contributing Factors: Aircraft; Human Factors; Procedure | Primary Problem: Human Factors,During a shift change; a floor beam was picked up on to continue installation. While working the installation it was found that the floor beam had been forced down over a Hi-Lok; causing a gouge in the beam in an area where no limits for damage are allowed; the beam was removed. When we came back to work; the same beam had been re-installed. I feel this is a safety issue. This happened at our Contract Maintenance Repair Station. This was on Air Carrier X's A320 aircraft. Two people were heavily involved with this. It was also brought to the attention of the Director of Maintenance (DOM) with no response.,A Lead Mechanic working for a Contract Maintenance Repair Station reports about a new floor beam that had been gouged when forced down over a Hi-Lok during installation on a Customer A320 aircraft. The beam was removed due to no damage allowed; but later found reinstalled.,
1016941,ASRS Database Online custom search,shift_change,201112,Operator: Air Carrier | Make/Model: B777-200,Component: Oxygen System/Pax | Problem: Malfunctioning,Function: Technician Inspector | Human Factors: Communication Breakdown; Distraction; Situational Awareness Communication Breakdown; Situational Awareness,,Contributing Factors: Aircraft; Procedure; Human Factors; Chart Or Publication | Primary Problem: Human Factors,I found in 'A' Zone on a B777-200 aircraft; First and Business Class Oxygen Generators were not re-activated. The Task Card was signed-off by an Aircraft Maintenance Technician (AMT) as being completed and sold to [signed-by] Inspection. I spoke to the Inspector who did the inspection and pointed out to him the Oxygen Generators are still de-activated. Due to the shift change; the Inspector decides to generate [make] a Non-Routine write-up. /// Job Card requires my presence to inspect Zone #1 Oxygen Generator re-activation of the firing mechanism on all Passenger Service Units (PSU).,A Mechanic and Aircraft Inspector report about a B777-200 aircraft Passenger Oxygen Generator that was found still pinned (deactivated) months after returning to service; after cabin maintenance work had been performed.,
1018500,ASRS Database Online custom search,turnover,201205,Operator: Air Carrier | Make/Model: EMB ERJ 145 ER/LR,Component: Nose Gear | Problem: Malfunctioning,Function: Inspector; Technician Technician | Human Factors: Communication Breakdown; Situational Awareness Communication Breakdown; Situational Awareness,,Contributing Factors: Human Factors; Chart Or Publication; Aircraft; Manuals; Procedure | Primary Problem: Manuals,Aircraft had the Nose Gear Sliding Tube Seals replaced during 3rd Shift [Midnights] due to a leaking strut pilot report. Third Shift to First Shift Turnover was to reinstall the previously repaired nose strut and sliding tube seals back into the Nose Gear Assembly. About three hours into the 1st Shift [Dayshift]; we started where 3rd Shift left off in the Turnover. I; as Inspector X; inspected Aircraft Maintenance Technician (AMT) X in doing this procedure in accordance with Embraer Maintenance Manual 32-20-08; Page 417; [which was] our Turnover point from 3rd Shift. We finished the task and aircraft was returned to service. First flight; Aircraft had an air turnback due to after takeoff; an 'AIR/LDG IND' on EICAS [message appeared] as Landing Gear selected 'Up'. Override functioned properly; gear was 'Down' and 'Locked' for landing. Aircraft returned to field with no other incident. My understanding was the Aircraft was returned to the hangar for a Gear Swing and discrepancy was duplicated. Teardown of nose gear strut and removal of sliding tube assembly and seals revealed and found Centering Upper Cam 90-degrees out. Reference Non-Routine Work Card (NRWC) turnover; discrepancy found after my shift had ended. Embraer Manual does not call out for a Gear Extension and Retraction Check; or a Weight on Wheels (WOW) Operational Check after a nose strut sliding tube seal replacement or full service of Nose Landing Gear (NLG) strut. Turning the nose wheels to one side; then selecting Gear 'Up' while on jacks would be a check to see if the Centering Cam functions properly. My suggestion would be to advise the Manufacturer of this problem and revise the current Work Card to perform these procedures. [Our] Air Carrier could also generate a Quality Control (QC) Alert stating a Gear Extension and Retraction Check and or WOW Operational Checks will be performed until Embraer Manuals are updated or revised. Complete nose strut servicing should also have a Gear Extension and Retraction Check to prevent similar occurrences happening in the future. /// I; as Mechanic Y [3rd Shift]; was assigned the task of repacking the nose strut on an Embraer aircraft. I had completed the task in accordance with Maintenance Manual 32-20-08; up to Step-2p of that Maintenance Manual. I had repacked the Nose [Sliding Tube] to the point of ready to assemble back into the [Nose] Gear; which is where I turned over the job. When I returned to work the next day; I was told about the event. It is my understanding that the [Nose] Gear was assembled and operationally checked in accordance with the correct manual and found to be good. When the aircraft was taking off; it is my understanding that the [Nose] Gear would not retract. When the aircraft was taken out of service; it was found to have the Upper Cam 90-degrees out of alignment. When assembling the Nose Gear with the gear sleeve on; it is hard to notice the upper cam; to notice [see] what position the upper cam is in. When doing this task the Maintenance Manual does not direct you to perform extension and retraction of the gear which might of found this discrepancy prior to aircraft release.,Two Inspectors and two Mechanics were involved with the Nose Landing Gear (NLG) Sliding Tube seals replacement and installation on an EMB-145 aircraft that required an air turnback after takeoff.,
1033344,ASRS Database Online custom search,turnover,201208,Operator: Air Carrier | Make/Model: B737-400,Component: Fuselage Main Frame | Problem: ,Function: Lead Technician Technician | Human Factors: Confusion; Communication Breakdown; Situational Awareness Confusion; Situational Awareness; Training / Qualification; Communication Breakdown,,Contributing Factors: Chart Or Publication; Human Factors; Procedure; Aircraft | Primary Problem: Human Factors,Aircraft X; a B737-400; was found with corrosion on the intercostal at the aft end common to Body Station (BS) 986.50 floor beam. This corrosion was visible while standing on the ground looking up through the open Outflow Valve. This was written up [in the logbook]. At this time it was believed the corrosion was more then simple surface corrosion and extended between the floor and the floor beam; extensive photos were taken by Inspection at this time. The area in question also contained some re-work; a roughly trimmed cutout in the intercostal that had been made for the Hi-Lok to clear. The job was turned from graveyard [shift] to dayshift at the morning meeting. At this meeting it was understood by the off-going shift that the aircraft was to be ferried elsewhere for the repair of the floor beam due to the extensive nature of the work.After the turn over it was noted that the Dayshift Manager and the Dayshift Airframe Supervisor were at the aircraft and observing the area of the discrepancy. The sign-off of the discrepancy was done on a write-up. The corrosion removal was done by a Graveyard Mechanic who had stayed over for an engine run on another aircraft. This Mechanic said he did not see any rough re-work area and only removed surface corrosion from the area. A Dayshift Mechanic signed-off the painting of the area and another Dayshift Mechanic signed-off the entire job. There is no documentation that the Airframe Shop had evaluated or worked this discrepancy. [Later] in the evening; it was noted by the Graveyard Mechanics that the aircraft was in revenue service and apparently the corrosion issue and the rough rework area had not been addressed. The original write-up did provide sufficient detail of the discrepancy and the turn over at the morning [meeting] did not adequately cover the defects. The Mechanic who removed the corrosion and the Inspector were not aware of the detailed photos of the area. /// I was performing a walkround on a B737-400 aircraft that was on a Routine Overnight (RON) [check]. I looked up in the Outflow Valve and noticed corrosion on the floor support and an incorrect blend out on the edge. I notified my Lead and Supervisor to the damage and documented the corrosion. I thought that the write-up was adequate to address the corrosion and did not document the blend out when it had corrosion also. I stated the wrong Body Station (BS) - it should be Body Station 967 to 986.50 instead of the 986.5 to 1006 that I wrote. My Lead and Supervisor were shown the location and the next shift was shown the location. At the beginning of my shift; I was informed that aircraft was put back into service instead of being ferried back to a vendor for repair as previously told to me.I work Graveyard [Shift] and I documented the corrosion. My Lead and Supervisor knew of the corrosion at the morning turnover meeting. My Lead and Supervisor notified the oncoming shift of the damage and corrosion and that it needed to be addressed. In the morning meeting; they stated that the Ferry permit was being worked on; my write up was sufficient; and a turnover was not required. The Dayshift Lead and Supervisor knew about the damage. Somewhere there was a breakdown in communication: the edge damage and corrosion was not addressed. We have an Airframe Shop who is supposed to work on corrosion; they were not the people that removed the corrosion. A Graveyard Technician that was working on a different airplane in a different hangar and walking through was given the assignment to remove the corrosion instead of having the next shift Airframe Shop address the write-up.My Lead notified Maintenance Control that there was a discrepancy that may not have been addressed correctly. Maintenance Control grounded the plane; flight cancelled; and flew it back for Inspection. A better turnover meeting between shifts involving technicians; supervisors and leads could eliminate some miscommunications. Using the Airframe Shop to address elements in their work scope rather than [using] an inexperienced Technician. The other item that could help eliminate errors is a large graphic to see Body Stations and some training on how to read Body Station charts. Supervisors or Leads should review the write-ups to insure locations and descriptions are accurate.,A Lead Line Aircraft Maintenance Technician (AMT) and another AMT report about their involvement with a B737-400 aircraft that was released with known corrosion on the internal fuselage aft end; at the outflow valve area common to Body Station (BS) 986.50 floor beam. Aircraft later grounded and flight canceled.,
1057981,ASRS Database Online custom search,turnover,201212,Operator: Air Carrier | Make/Model: Beechjet 400,Component: Antiskid System | Problem: Malfunctioning,Function: Technician Technician | Human Factors: Confusion; Situational Awareness Communication Breakdown; Situational Awareness; Training / Qualification,,Contributing Factors: Manuals; Human Factors; Aircraft; Chart Or Publication | Primary Problem: Human Factors,I was assigned the Anti-Skid Control Valve union filter cleaning Task Card on a Raytheon Beech jet 400 aircraft while working in the hangar for Air Carrier X at ZZZ. I performed the task in accordance with the Hawker 400/400A Maintenance Manual (M/M) 32-40-00. When I was reinstalling the lines I mixed up the aft hydraulic pressure lines to the valve. The lines were not hard to install in this way and the installation seemed right to me. I had my Lead Mechanic buy-back [verify] the work. We ended up job stopping the task; with the Brake Bleeding and Anti-Skid Control Check still needing to be accomplished. The lines still got mixed up even though the lines were tagged. I could have taken a picture of the valve before I started the task. This would probably have prevented the lines from being installed wrong because I would have referenced the Maintenance Manual (M/M) and the picture. The Anti-Skid Brake System Check in the Maintenance Manual says to push both brakes at the same time during the Check. A revision to the manual that would require each brake to be checked individually and verify proper operation probably would have caught the problem in maintenance. The Repair Station could adopt a policy of requiring a run/taxi after brake maintenance procedures. This would have caught the problem while it was still in maintenance. Graveyard shift. Gate-turn back. /// I; Mechanic Y; received a [shift] turnover from Mechanic X for a BE400A aircraft. Per Mechanic X; he removed the Power Brake Anti-Skid Control Valve from the aircraft and performed filter maintenance earlier that evening. He stated removal was necessary for ease of maintenance and there was difficulty of component during reinstallation. I then asked if the valve needed to be leak checked. His answer was it had been completed. Thus; the Power Brake System already had been operated via hydraulic mule. Furthermore more instruction was stated from Mechanic X. It included a brake bleeding procedure remaining in the task due to the lack of O-rings in the Parts Department. The task stated 'Refer to MANUAL BRAKE BLEEDING' procedure. Mechanic X then went onto explain that the 'MANUAL BRAKE BLEEDING' was incorrect; and for us to perform the 'POWER BRAKE BLEEDING'. Mechanic X stated it was a common practice at the Aircraft Service Centers and [our] Air Carrier at ZZZ to perform the 'POWER BRAKE BLEEDING'. I then accepted the work. As we began working the 'POWER BRAKE BLEEDING'; we noticed the brake bleed cart [was] already connected to the aircraft brake assemblies by Base Technicians. This eliminated us from actually connecting the hose assemblies to the brakes. We went on to performing the 'POWER BRAKE BLEEDING' as stated during the turnover. During the brake bleed; I and another Technician Z opened the # 3 and # 4 bleed cart valves and examined the fluid for any air in the hydraulic fluid. We never saw any entrapped air during the bleed process. As we continued the # 3 and # 4 valves were shut off. I then asked the Brake Pedal Operator about the brake pedals being firm and he stated they felt good. The brakes also showed good and equal pressures as they were operated several more cycles. We then went on to perform a successful ANTI-SKID FUNCTIONAL TEST. Finally; the jobs were both completed in the afternoon when the O-rings were received and the brake bleed cart removed.After learning about the event; several items could be open for discussion so further or similar events do not take place: 1) The Brake Bleed Cart should have been installed correctly. EG: The # 1 Brake bleed hose and gauge should have been connected to the Left Main Brake Assembly and the # 3 Brake bleed hose and gauge should have been connected to the Right Main Brake Assembly. 2) The incorrectly installed hydraulic lines and valve connections should be permanently marked to ease the proper installation process. 3) The oncoming shift should have inspected the brake bleed equipment for proper installation prior to use. 4) If the brake cart was not already set up for use; our crew may have used vinyl tubing and drip pans to perform the brake bleed method; thus we would have physically seen the fluid directly flowing out the brake assemblies; allowing us to discover the incorrect valve installation. 5) More complete training needs to be accomplished for all team members on all multiple aircraft types for more proficient skills and understanding.,Three Aircraft Maintenance Technicians report about their involvement with a power brake anti-skid control valve filter change and power brake bleeding procedure that resulted in a gate return of a BE-400A aircraft. Flight crew noted the left pedal controlled the right pedal and the right pedal controlled the left pedal.,
1072461,ASRS Database Online custom search,shift_change,201303,Operator: Air Carrier | Make/Model: Embraer Jet Undifferentiated or Other Model,Component: Aileron Trim System | Problem: Malfunctioning,Function: Technician  | Human Factors: Communication Breakdown; Distraction; Situational Awareness; Training / Qualification; Time Pressure ,,Contributing Factors: Aircraft; Human Factors | Primary Problem: Human Factors,March 2013; an Embraer aircraft was released for a Functional Check Flight (FCF) flight where they found the ailerons stiff and about thirty minutes into the flight they were unable to engage the Aileron Trim System the FCF was canceled and returned to ZZZ. Whereupon further investigation it was found that the flight deck Aileron Control Cables were over tensioned. I [had] started the Aileron Cable Rigging Task on [approximately] eight days earlier at around XA:00am. I checked the rig pins to make sure they were all installed and checked the temperature in the aircraft near the control cable as per Aircraft Maintenance Manual (AMM) 27-11-01. I compared the temperature; it was 71-degrees; to the Cable Load Chart which was 94-lbf (pounds foot); plus or minus five pounds (lbs) for the Hand-wheel [Control Wheel] and 112-lbf; plus or minus five pounds for the Wing and Fuselage cables. With the GSE-074 Tensiometer; I checked the tension on all the aileron cables and found them all to be out of limits. At that time I proceeded to adjust the cables in the Flight deck area to the 94-lbs plus or minus 5lbs; as listed on the chart; then I moved on to the wings and fuselage areas and adjusted them to 112-lbs plus or minus 5lbs.By the time I got the wings and fuselage [cables] ready to run them through; the temperature had dropped due to the hangar doors being opened up. So I unpinned the cables and ran the controls through ten times and repined the cables and rechecked the chart for the new temperature and found them to be out of limits again. I noticed when I was rechecking the cables that the cables were not setting in the Tensiometer like they should be; so after a closer look at the Tensiometer I found the body was coming apart and the cable was sliding behind the risers. So I tagged the Tensiometer (Out of Service) and turned it in to Parts and picked up a smaller one for doing the flight deck cables; which was an alternate [tensiometer] as called out in Engineering Notice-27-121 Revision-1. I also got the Tensiometer from the hangar tool box that was a GSE-074 for the wings and fuselage. I checked the chart in the smaller tensiometer box to see what riser to use with the cables I was measuring. One cable was a 3/32' [of an inch] and needed a Number 1 and one was a 5/32' and it needed a Number 2-C riser. I then proceeded to check the tension again in the flight deck but was told to stop due to a Brake Check that needed to be accomplished for troubleshooting and Avionics' work that needed to be completed. So I stopped work in the flight deck and proceeded to the wings and fuselage areas where the temperature had raised again; so I had to recheck the cable chart again for the right load. During the adjustment I noticed the load kept changing by as much as 20-30-lbs with only 1/2 of a twist of the [cable] turnbuckle. I started looking up and down the cables and found one of the Sheetmetal people was sitting between the [Cabin] seat tracks working and had his feet resting on the aileron cables. So I told him to put his feet somewhere else [because they] were giving me high [tension] readings. By that time it was shift change so I proceeded to gather up my stuff and documented what I had completed and went home.When I returned the next day I picked up where I left off. I started off [by] running the Flight Control cables through the full range of movement and then repined the cables. I proceeded to check the temperature and check the charts for the proper load. The temperature had dropped so I had to re-due everything from the day before and start over. I adjusted the cables in the flight deck area; [and] then the wings and fuselage; then I pulled the rig pins and ran the aileron cables through; rechecked all the cables and had at least one cable per sector bad. Again I checked the temperature; readjusted the cable tension; ran the aileron cables through the range of movement and found them to be out of range. With all the work going on in the aircraft my Lead Mechanic noticed I was getting frustrated so he had me explain what the problem was and where I was in the task; so I could turn it over to someone else. When the plane flew [approximately] eight days later; it had aileron problems. Ailerons would not operate correctly. The next day I came to work and saw the aileron cable access panels were open and found out what had happened. I talked to some of the mechanics; I found that I used the right tools and chart to start with; but when I used the alternate tensiometer I did not cross reference the load in the AMM to the chart that was in the tensiometer box; which caused me to overload the flight deck cables. [Recommend] finding a Tensiometer that is usable for all the aircraft cables and will fit in the area of the flight deck; this should minimize the chance of misreading the load limits of the cables.,An Aircraft Maintenance Technician (AMT) was informed that an Embraer aircraft was unable to engage the Aileron Trim System during a flight test after he had accomplished an Aileron Control Cable rigging Task Card.,
1073895,ASRS Database Online custom search,turnover,201303,Operator: Air Carrier | Make/Model: Q400,Component: Oil Cooler | Problem: Malfunctioning,Function: Technician  | Human Factors: Situational Awareness; Communication Breakdown; Time Pressure ,,Contributing Factors: Aircraft; Human Factors | Primary Problem: Human Factors,On a March 2013 morning; Mechanic Y and I; as Mechanic X; took a turnover from graveshift mechanics on the replacement of the #2 Engine Oil Cooler shroud. The installation was done; only remaining steps were to apply firewall sealant and close engine cowling and do Operational and Leak Checks. The cooler was only removed to Facilitate Maintenance; same Serial Number cooler re-installed. We read the task for Oil Cooler Installation; and printed it off along with the task for Engine Leak Check. (Paragraph-5D); not realizing we had failed to notice the Task for Oil Pressure Check and adjustment (Paragraph-5E). I thought we had put the task copies on the aircraft before we pulled out of the hangar; and didn't realize we didn't have them onboard until we were running the engines. In the interest of time; we decided that it was a standard leak check and proceeded with the runs; warming the oil. We had several other checks to do. From reading the Task earlier; I incorrectly remembered the oil temperature (temp) called for in the task as being 60 degrees. As I recall; we achieved an oil temp in the low to mid 60's. We missed the part about the 80% NH. We monitored oil pressure being in the normal range as part of standard run procedures. After shutdown; Mechanic Y performed a Leak Check of the cooler; with no leaks noted; then he signed-off the Non-Routine [Write-up/ Task Card] while I cleaned our mess in the hangar. In-flight enroute; the pilot reported oil pressure fluctuations; then a steady decline in oil pressure along with oil pressure caution light. The engine was not shutdown; and the flight diverted. On-call Maintenance reported large quantities of oil on cowling and no oil showing in quantity sight gauge or dipstick. The event occurred because an O-ring was cut on installation of the inboard oil cooler line at the oil cooler. The cooler shroud has sharp edges. The leak did not happen until the aircraft was in-flight; approximately 25-minutes from [my divert airport] is my understanding. I and a fellow Mechanic were sent to [my divert airport] to investigate what happened. We began engine removal and when the suspect line was removed; it was noted that the oil O-ring had a slice out of the outer edge. Me and Mechanic Y; (who was also in [my divert airport] for the engine replacement); were notified by a Supervisor that the Flight Data Recorder (FDR) and or Engine Monitoring Unit (EMU) download showed that we had missed a step. We then reviewed the associated task involved and realized the mistakes that had been made. We should have taken the time to shutdown the engines and get the printed task; complacency.,A Line Mechanic reported a damaged O-Ring seal for an Air/Oil Cooler line on #2 Engine had caused an inflight diversion of a company Q-400 aircraft; due to a steady loss of oil pressure and oil quantity.,
1079952,ASRS Database Online custom search,turnover,201303,Operator: Air Carrier | Make/Model: B777-200,Component: Microphone | Problem: Malfunctioning,Function: Technician  | Human Factors: Confusion; Situational Awareness; Communication Breakdown ,,Contributing Factors: Aircraft; Human Factors; Incorrect / Not Installed / Unavailable Part; Chart Or Publication | Primary Problem: Human Factors,I was assigned to work an Engineering Order on a B777-200 aircraft. The Job Card was mostly completed when I was asked to pick up on the work turnover that was already in progress. I started at Step 10; A;(7). When I arrived at the aircraft; the [flight crew] Oxygen (O2) stowage box was already installed with a completed Leak Check. The stowage boxes were already installed but not signed for; so I checked to make sure that all the fasteners were tight. From what I have been told all four O2 Mask microphones were not connected to the back side of the stowage box. There were several people that had been working on this Job Card over several shifts and I was tasked to complete an already started job. Turnovers from [Maintenance] crew to [Maintenance] crew need great improvement and the Avionic's Department needs more Operational Checks prior to release of the aircraft. Airworthiness Directive.,An Aircraft Maintenance Technician (AMT) was informed that all four flight crew Oxygen (O2) mask microphones on a B777-200 aircraft were found not connected to the back side of their stowage boxes. Lack of adequate Maintenance turnover communications between shifts and the need for more Avionics's Operational Checks prior to aircraft release were noted.,
1088834,ASRS Database Online custom search,turnover,201304,Operator: Air Carrier | Make/Model: B767-300 and 300 ER,Component: Leading Edge Slat | Problem: ,Function: Technician  | Human Factors: Confusion; Situational Awareness; Time Pressure; Training / Qualification; Workload; Communication Breakdown ,,Contributing Factors: Staffing; Company Policy; Environment - Non Weather Related; Human Factors; Logbook Entry | Primary Problem: Human Factors,Late afternoon; I; as a Maintenance Inspector; was assigned to perform the RII Inspection portion of the Number 8 Slat installation on a B767-300 aircraft. The unserviceable slat had been removed from the aircraft and the replacement had just arrived and [was] delivered shipside [to aircraft]. Upon arriving at the hangar; I found the slat shipping crate open and a valid [FAA]-8130 Parts Tag installed. I verified Part Numbers (P/N) and Serial Numbers (S/N) and then crossed the Manufacturer's Part Number (MPN) in the Illustrated Parts Catalog (IPC) to ensure proper 'Effectivity'. The maintenance crew; under the guidance of a field trip Lead Mechanic was in the process of transferring components between the slats. I initiated an inspection of the replacement slat in the crate for FOD and Serviceability. During this inspection; using a mirror and flashlight; I found an aircraft damage sticker and a dent immediately adjacent. The damage was to the inboard leading edge lip but was not obvious in the crate due to the slat being packed inverted. I stopped the inspection and asked Line Maintenance Supervision to track the part history. The prior aircraft was identified (can't remember aircraft number) and I began investigating that aircraft's damage history. The damage sticker was not associated with that slat; or wing [nor] subsequent research of that aircraft's entire damage history database. I turned my efforts to locating the damage limits in the Structural Repair Manual (SRM) and determined that the damage was out of limits. Line Maintenance was notified and the installation procedures halted. A maintenance team was assembled to deal with the issue. I returned to the Quality Control (QC) Inspection Shop at [another] hangar and prepared the High Frequency Eddy Current (HFEC) equipment for B767 Aluminum Surface Inspection as a precaution. At approximately XA:15am; with only 15-minutes remaining on my scheduled shift I returned shipside and accomplished an HFEC Inspection on the dressed portion of the slat with no cracks indications. At this point; I was uncertain if the replacement slat had any other issues that could prevent installation. I am also unaware of any procedures to document maintenance on a component that is not associated with an aircraft. My shift ended and I went home. Day Shift; same day; the QC Manager made the decision to transcribe all open items to the Aircraft's logbook and to accomplish an XX entry for the B-Check Maintenance Work completion (similar to the Special Permit Maintenance Ferry format). An additional logbook write-up was generated requiring a B-Check Aircraft Release. An envelope labeled 'Out of Service' (OTS) with Maintenance Non-Routine write-ups was created against the aircraft to deal with the slat replacement. For Line Maintenance; a decision was made to continue with the slat installation and work was completed on shift. Sometime during the course of his shift; Line Maintenance Supervisor X valiantly took the initiative and attempted to document the off-wing maintenance of the replacement slat. Per the General Procedures Manual (GPM) 09.XX.YY; Paragraph-G; he generated a logbook write-up addressing the technical aspects of damage; rework; HFEC and damage entries. In the 'Action Taken' portion he did omit the names and numbers of persons involved in the maintenance and my information for the HFEC Inspection. With no Afternoon QC shift; we tackled the Night Shift workload that night without a turnover. Aircraft X was assumed completed and in service. Early next morning; our crew had just finished work on a B777 Blade Lube Inspection and was preparing to break for lunch. I was contacted by Line Maintenance Night Shift Manager X to review and release Aircraft X. The Widebody B-Check Release requires a QC Supervisor/Inspector holding proper Aircraft Release qualifications. I worked thru what was supposed to be my lunch period investigating GPM requirements and guidelines for the maintenance work completion review and aircraft release. Shortly afterward; I reported to the hangar and began the task. I felt the earlier QC decisions did not alleviate me of responsibility; so I accomplished a review of all ten B-Check package envelopes plus the 11th OTS package. My failure to complete the task before shift's end could mean Aircraft X would not be released until the next aircraft release qualified person reported for duty 14+ hours later. Well after XA:00am; I worked the OTS portion of the package and the aircraft logbook. My major focus was on RII qualifications; compliance; technical references and an unbroken sequence of installation. Although the GPM is clear about RII and Confirmation Checks I don't recall a reference relating to the verification of other qualifications (NDT; Borescope; etc.). With the Line Maintenance Day Shift Manager hovering; I released the aircraft and pulled the logbook copy sheets. I returned to my work area at [the other] hangar and left work. I failed to notice the issue with Line Maintenance Supervisor X's entry; especially as it pertained to work with which I was associated. This was my first aircraft release. In my opinion; this event is a culmination of several errors across departments that eventually snowballed into the current situation. I personally had the ability to rectify the situation; but failed to identify the error. This issue started with the failure of the checks and balances in the Overhaul Shop. Something as seemingly obvious as a damage sticker and dent were overlooked when the FAA-8130 Parts Tag was issued. Locally; we allowed the delay in obtaining a replacement part to influence what should have been a 'best practice' decision. There has also been a growing insistence on critical task initiation at shift's end. The remaining work window must allow for task completion; documentation and turnover. This was definitely the case with the end of shift HFEC [Inspection] that previous morning and the Aircraft's release the following morning. In Aircraft X's situation; preliminary repairs were performed at shifts end; but part disposition was still in question. That issue leads to questions regarding maintenance documentation. Where should maintenance on components with no aircraft association [be] documented? I feel that Line Maintenance Supervisor X's effort to correct the oversight was valiant but fell a little short. The Mechanic who performed repairs and my information should have been a part of the entry. But his entry would have been totally inaccurate had the replacement slat been refused and returned to Overhaul. We cannot install an unairworthy component; yet we couldn't document the slat against the aircraft until the part is installed. The overwhelming majority of ZZZ Inspectors have NEVER released an aircraft. This aircraft was my first and like driving a car for the first time; was a bit overwhelming. I feel I failed to catch and rectify the paperwork issue. Our local QC Management's decision to close out the B-Check Maintenance Work package and the associated envelopes and [then] issue an OTS package is not standard procedure and further complicated my review and [Aircraft] Release. Finally; the week prior to this incident; I failed to complete paperwork on a B767 requiring a Special Permit Maintenance Ferry prior to shifts end. This resulted in me being unfairly singled out and criticized by the Line Maintenance Day Shift Manager while in attendance at the Manager's turnover meeting. To prevent future occurrences I would recommend revising the GPM to address off-wing [component/parts] maintenance issues. I also strongly believe in the benefits of properly training personnel which is especially critical with regards to new and complex tasks. Careful consideration should be given to the assignment of tasks near end of shift. Reinforcing the idea that paperwork is as important as the task itself. Multi department (Stores/QC/Line Maintenance) linesof communication need to be established and use. Finally; the aircraft releases and maintenance work completion reviews should be treated like RII's and Confirmation Checks with an independent third party better poised to catch errors.,An Aircraft Maintenance Technician performing RII inspections describes his efforts to release a B767-300 aircraft after a B-Check and a damaged slat replacement. He failed to note a logbook entry by a Line Maintenance Supervisor that did not include his High Frequency Eddy Current (HFEC) inspection.,
1105726,ASRS Database Online custom search,turnover,201305,Operator: FBO | Make/Model: Gulfstream G650,Component: Aileron Control System | Problem: ,Function: Inspector  | Human Factors: Communication Breakdown; Confusion; Distraction; Training / Qualification; Time Pressure; Situational Awareness ,,Contributing Factors: Company Policy; Human Factors; Procedure | Primary Problem: Human Factors,I am a Second Shift Quality Control (QC) Inspector at a Manufacturer's Part 145 Repair Station. Copilot's flight control cable needed tension adjusted after pilot squawk earlier in the day. Company decided to do this shortly before the Second Shift ended due to early A.M. flight. Aircraft Manager hurried Maintenance and Inspection personnel to get this accomplished. Flight control cables rigged per Aircraft Maintenance Manual (AMM) and main access area between crew seats under cockpit floor was inspected for FOD and rig pin removal. I gave 'OK to Close' to the Maintenance personnel for the affected area. Aircraft flight next day was uneventful; but Customer of this new aircraft wanted crew seats changed out. It was discovered while removing crew seats that adjacent inspection panels to center under floor panel were not secured but had been covered up by the cockpit carpet. Also discovered that the control rod attach point cotter pin was not properly secured. This was not clearly visible to me when I looked under the floor and gave the 'OK' to 'Close.' Furthermore it was weeks later that I actually found out about this control rod and cotter pin issue.At the time of the Cable Tension Check; I was not made aware of the control rod having been removed; nor those other inspection panels being opened. Improper First Shift turnover accountability and lack of proper training to ensure all cotter pins are properly secured on both pilot and copilot control modules. Recommended to FAA that the Aircraft Manufacturer make a form for inspectors to use as a checklist for these cotter pins. Also recommended to FAA that the Aircraft Manufacturer and it's Partner not have such a hurried corporate culture for this new aircraft; as everyone feels pressured to get work done fast. Company Repair Station did in-house Safety Management System (SMS) safety investigation and subsequent voluntary disclosure to FAA who has asked those involved to submit a letter of their own actions. Not aware of any personal violations at this time; but FAA is continuing to investigate this matter with personnel involved. I thought it prudent to file this report to benefit others of the importance of a proper Shift Turnover Record and not to hurry the work scope regardless of any corporate pressure.,An Aircraft Inspector reports about contributing causes for not seeing an incomplete installation of a cotter pin at an interconnect control rod attachment to a Co-Pilot's Flight Control Module (FCM) on a Gulfstream G-650 aircraft. Incomplete information of aircraft status during Shift Turnovers and a 'hurried corporate culture' were also noted.,
1109955,ASRS Database Online custom search,turnover,201307,Operator: Air Carrier | Make/Model: Dash 8-400,Component: Weather Radar | Problem: ,Function: Technician  | Human Factors: Situational Awareness; Communication Breakdown ,,Contributing Factors: Manuals; Aircraft; Human Factors; Procedure | Primary Problem: Manuals,Previous Station did not install the Weather Radar; only the Transeiver and we should [have] caught it on the install of the commercial radio avionics coupler; we were waiting on parts to arrive to fix the aircraft. The parts were scheduled to arrive 15 minutes before the flight was scheduled to depart. They were supposed to arrive earlier but the flight it was coming on kept getting delayed. [Mechanic Y]; the Mechanic who was going to replace the [avionics] coupler was a Swing-shift Mechanic and it was starting to encroach the end of his shift. I told Maintenance Control that the plane would not be ready for its flight and they should swap it with our Routine Overnight (RON) [aircraft] that we were scheduled to do a Line Check on. The [Maintenance] crew was already wrapping up the Line check and that plane would be ready sooner than this one. The part finally arrived along with some other robbed [cannibalized] parts that needed to be installed as well. I went out to the plane to help and see where the Mechanic was at. He had installed the Timer/Monitoring Unit (TMU) and was working on the avionics coupler. I closed up the wardrobe while he finished installing the coupler. We were hoping to solve two discrepancies with the coupler. A Weather Radar fail and an FMS 'Configuration Module Fail' [message]. After the installation we turned on the FMS and the 'Configuration Module Fail' message returned. We decided not to test the Weather Radar then because the FMS 'fail' returned. With the clock ticking we decided to return to the Shop to do more research into the problem; get a turnover and Mechanic Y could sign-off what he had done. He signed off the install and wrote up the Operational (Ops) Check of the Weather Radar. I told him I would take care of the Operational test of the Weather Radar System. This is where the error in communication and technical publication happens. When I go to do the Operations Test; I only take the Operational Test. This task says nothing about needing to remove the radome. When the Mechanic turned it over to me he left both tasks. I had informed him that I had just recently worked this Operations Check and was well aware of it so he probably took from that that I knew I needed to remove the Radome. In the end the Operational Test check was good; Weather Transceiver (WX) fail message did not return because the Operational Test can be passed with only the Transceiver installed and I signed it off. I have two other mechanics [that] were with me for the entire Operations Check. [Contributors were] the previous Mechanic at another Station not installing the whole part assembly. Us not catching it when we replaced the commercial radio [Avionics] coupler because we didn't remove the radome and the communication breakdown between where Swing shift left and Grave shift picked up. [Recommend] putting the removal of the radome in the Operational Test of the Weather Radar [Unit].,A Line Aircraft Maintenance Technician (AMT) describes the chain of events that led to a repetitive Weather Radar and FMS 'Configuration Module Fail' message on a DHC-8-400 aircraft.,
1127066,ASRS Database Online custom search,turnover,201308,Operator: Personal | Make/Model: S-76/S-76 Mark II,Component: Main Rotor | Problem: Malfunctioning,Function: Lead Technician  | Human Factors: Communication Breakdown ,,Contributing Factors: Company Policy; Human Factors; Equipment / Tooling | Primary Problem: Human Factors,Below is a report sent to Company X Corporate Flight Department in response to two maintenance issues and current Operating Policy. Followed up with my resignation. I would first like to discuss the events that surround the current issue related to Aircraft X; a Sikorsky S-76 helicopter; followed by my observations related to the damper replacement one week earlier on Aircraft Y; and observations related to tool control; hardware control and safety policy. The intent of this report is not meant to be malicious but viewed as an opportunity to improve your safety process. August 2013; I reinstalled the Number-Two Forward Firewall on Aircraft X; the first panel that I installed had several camlocks that required replacement. The camlocks were in a parts bag and there were no retainers for the camlocks; they were not mentioned in the turnover notes nor was there any mention of the disposal of the retainers. I inspected the area for the missing retainers and requested Quality Assurance (Q/A) also inspect the area prior to install of the panel; no hardware was found. The missing retainers were mentioned to Q/A; I don't remember the exact response but it was not one of concern. For the installation of the second panel I started by opening the hardware bag and counting the hardware and then counting the number of mounting points on the part. I found that I had three extra bolts and was missing one spacer and four washers. This was brought to the attention of QA and the response was ' I will ask Inspector X about it when he comes in'. I received a QA approval to install the panel; the panel was installed minus one bolt at the lower outboard corner; there were several attempts made by Inspector Y and myself to start the bolt and we concluded the nutplate was damaged and would need to be replaced at a later date. I entered a discrepancy in the Aircraft Maintenance book and signed the panel install. Not being sure of what to do with the extra hardware I placed it back in a bag and placed it in my desk knowing that I would need this hardware at a later time. When I left that afternoon; Inspectors X and Y were preparing to start the scheduled aircraft inspections. One hour later I received a call asking me for the location of the hardware; I told them exactly where it was. The next day I checked the aircraft; the missing bolt was installed and I could not find a record of the discrepancy that I had entered. I asked Mr. X what they did to fix it and the response was 'we bent the tab'. This was followed up by a morning teleconference with Mr.X and the Director of Operations. The purpose of the call was to lecture me about the hardware that was placed in my desk. The previous week a Main Rotor Damper was replaced on another S76 helicopter; the tools that were used to perform the task were out of a personal tool box and there was no tech data readily available; this is a major violation of tool control. That week in the staff meeting there was mention of knowledge of the uncontrolled tool box and that it needed to be removed. The tool control at Company X requires improvement. The Tool Box should be kepted in a secured area when not in use and a record of who used the tool box and on what aircraft it should be maintained. Tool Box should be inventoried when signed-out and in and should have an inventory of what is in each draw that alerts the individual as to exactly what they are looking for if a tool is missing. All the junk in the bottom draw of the tool box should be removed because it is uncontrolled and could be considered FOD. During the aircraft post flight inspection; the fuel samples are taken; the proper time to take fuel samples is during pre-flight or when the aircraft has remained static for a minimum of one hour. The fuel samples for the Fuel Farm should be done at the beginning of the day prior to any aircraft being fueled. Hardware needs to be controlled; and the Hardware Crib access should be restricted. When new hardware is required the mechanic should provide a part number for the hardware and when new hardware is issued; the old hardware should be properly disposed of so it does not become FOD. The Consumable Cabinets require an inventory sheet and the expiration dates need to be reviewed. There needs to be a list of what material is flammable and stored in the proper cabinet. One afternoon when I came in; the facilities person came into the office and pointed out that there was still flammable materials being stored in the wrong cabinet. The response from the Maintenance crew was 'OK; thanks; we will take care of it' and they went back to what they were doing. They should have made a note or created an action item list. The caulking and the HYSOL [adhesive] in the refrigerator needs to be removed because it is a health issue and does not require refrigeration. When there is a lost tool or missing hardware there needs to be a process in place for grounding the aircraft until the missing item is found or a satisfactory inspection has been completed. If your safety policy is going to work you need to make it clear that when there are missing items reported; there will be no disciplinary action.,A Lead Aircraft Maintenance Technician (AMT) describes his company's maintenance repair facility work environment for their corporate S-76 helicopters. He lists a lack of: proper maintenance record keeping; lack of shift turnovers; tool control; tool calibration requirements; fuel sampling; hardware part numbers and storage of flammable materials.,
1141950,ASRS Database Online custom search,turnover,201401,Operator: Air Carrier | Make/Model: A319,Component: Interphone System | Problem: Malfunctioning,Function: Technician  | Human Factors: Situational Awareness; Confusion; Communication Breakdown; Time Pressure; Workload ,,Contributing Factors: Human Factors; Company Policy; Procedure; Weather | Primary Problem: Human Factors,I started my shift and I was assigned to an A319 aircraft. I proceeded to continue the Trouble Shooting Manual (TSM) Task 77-00-00-810; and the non-routine write-up. The TSM and non-routine write-up discrepancy was completed. No faults found. I informed my Lead Mechanic that the task was completed. Maintenance Control requested that I check the chip detector; and the scavenge screen; no particle found. Later; I was informed that Maintenance Control was requesting to change out the Turbine Rear Frame Bearing Vibration Sensor. After lunch I started installation of the Turbine Rear Frame Vibration Sensor and completing the installation at XA:15 am. I used A320 Aircraft Maintenance Manual (AMM) Task 77-31-30-000 and 77-31-30-400. Completed Task Card 77-31-30-400 up to Step: 9 (Close-UP). Before moving aircraft out the hangar; one of the Mechanic's needed [help] to complete his job; the job was to replace the Call Horn; which was on MEL. At XA:45 am; I started on the paperwork for aircraft. At that time the Manager was requesting for the logbook; the paper was not completed; the [Maintenance] Ready Room was busy; because of shift turnover; weather was at red status and heavy rain; and Manager was requesting that aircraft be taken to gate 'now'. By this time my Lead informs me that he was leaving in fifteen minutes with two minutes to go. All the paperwork was in disarray and missing. With all the confusion and break down in commutation; the final task was not performed as require on task card.Prior to my shift starting; my Lead informed me that the aircraft I worked on that morning; had a problem with Number One Engine Thrust Reverser; did not deploy. [Contributing Factors were] time; stress; confusion; weather; communication. Once I was informed; I contacted our Union Safety Committee. Management needs to communicate with the Lead not the Mechanic; to keep stress level down.,An Aircraft Maintenance Technician (AMT) describes how time; stress; confusion; weather conditions and lack of adequate communications contributed to an A319 aircraft thrust reverser on the Number One Engine not deploying upon landing.,
1147516,ASRS Database Online custom search,turnover,201401,Operator: Air Carrier | Make/Model: Regional Jet 200 ER/LR (CRJ200),Component: Engine Oil Seals | Problem: Malfunctioning,Function: Inspector  | Human Factors: Communication Breakdown; Confusion; Situational Awareness; Distraction ,,Contributing Factors: Human Factors; Aircraft | Primary Problem: Human Factors,A CRJ-200 aircraft was at ZZZ hangar for overnight work. Included was a generator problem that required an IDG change. This work was assigned to a Technician; and I [performed an] RII of the installation. The IDG removal went well and it was decided to take a look at the [Accessory Gearbox (AGB)] IDG BB Axis carbon seal for condition while it was off. The carbon seal was removed and noted to be degraded. Another seal and packing were ordered. Meanwhile; it was discovered; after the IDG unit was removed; that we had in fact removed the wrong IDG. (This was due in part to a handwritten note that was [left] with the Shift Turnover that stated Number 1 IDG when it should have been Number 2 IDG.) I was then notified that the seal was ready to be installed on the Number 1 Engine. I verified the correct torque; seating and positioning of the carbon seal installation; but did not witness the actual build up and seal placement. The left IDG was then re-installed; inspected for installation; and the right side [Number 2 IDG] removed. Both engines were leak checked at idle and visually inspected with no leakage noted. Yesterday; I was told the Aircraft X had an air turn back in ZZZ1 for oil loss on the Left engine. Apparently there was a problem with the carbon seal installation. At this time; I am not aware of additional details. After reviewing the AMM for carbon seal installation; it is apparent that the o-rings must be installed and seated properly for a leak free installation. At the time; I thought I had visually checked the seal installation adequately; but for leakage to occur with a new carbon seal there must have been issues with the o-rings; I should have been much more thorough in the inspection. Graveyard.,An Aircraft Maintenance Inspector was informed that a CRJ-200 aircraft had an air turn back due to loss of engine oil after takeoff. He had previously inspected a carbon seal replacement on the Accessory Gearbox (AGB) prior to re-installation of the Left Engine IDG.,
1158761,ASRS Database Online custom search,turnover,201403,Operator: Air Carrier | Make/Model: A320,Component: Elevator | Problem: Malfunctioning,Function: Lead Technician Inspector | Human Factors: Training / Qualification; Situational Awareness; Communication Breakdown Workload; Communication Breakdown,,Contributing Factors: Aircraft; Chart Or Publication; Human Factors; Incorrect / Not Installed / Unavailable Part; Procedure | Primary Problem: Chart Or Publication,I was made aware of an incident regarding an aircraft I was involved in for removal and installation of an aircraft elevator. During the aircraft visit I was the Technician providing maintenance to our Customer's aircraft. The work involved required dis-assembly and re-assembly of various consumable parts on the elevator. During a high speed descent; a flight crew reported to their airline a flutter or tail vibration. Upon further investigation of the customer airline; it was discovered one or more Elevator Servo-Control bushings were not installed. It is possible I may have inadvertently left the bushing or bushings out upon re-assembly. It is also possible another Technician completed the assembly and I signed behind the Technician that actually performed the work; as is commonplace here. The procedure did not require; at the time; an RII Inspection during the assembly process for this flight control. This may have assisted in identifying any missing parts if an RII inspection was mandated for this primary flight control.The procedure at the time of maintenance was a task card assigned by the customer and was a one line sign-off item. However; the task required printing out approximately several dozen pages of the Aircraft Maintenance Manual (AMM) to remove and install the associated elevator. A breakdown of the work into various steps with interval required RII inspections may have prevented this incident from occurring. Our company carries a Shift Turnover Report; to assist in logging information when it cannot be completed during the same shift. The shift turnover also does not dictate a required RII Inspection. Other contributing factors may have been that at this juncture I was working possibly 12-hour shifts and that I was also involved in working on other assigned tasks. When returning to this task; I may have inadvertently skipped that step. As it is; I should have determined the bushing or bushings were not installed during the assembly process as I am the responsible Technician that signed for the work. /// I was made aware of an incident regarding an aircraft I was involved in for inspection of aircraft elevators. The particular aircraft had its elevators removed and re-installed for dimensional checks. During the Maintenance Visit (M/V) the Customer provides Task Cards to accomplish. After elevator installation the inspection was not identified as a Required Inspection Item (RII) on the associated Task Card. The instruction for installation of the elevators was to utilize the Aircraft Maintenance Manual (AMM) and sign-off was accomplished with a single line on the Task Card. During this time the Job Card did not require an RII Inspection of the Elevator Assembly. Upon completion of the technicians work I inspected the Final Task. The inspection and installation was recorded using the Aircraft Maintenance Manual (AMM) and documented on a Shift Turnover Report; a company provided form; where work 'in progress' can be documented. Upon completion of the Maintenance Check the aircraft was returned to service. After approximately several months in service; a flight crew reported a tail vibration during high speed descent. Further troubleshooting for the vibration revealed the finding that a bushing or bushings for the Elevator Servo-Control may not have been installed during the Maintenance Visit. The airline Customer informed my company of the discrepancy. My recommendation for installation documentation of this Primary Flight Control would be to break the AMM down into several job steps in lieu of one large job step of approximately 60 pages. While recently accomplished by the airline; the Job Card should then have already mandated an RII requirement during assembly of a primary flight control. Had this been implemented; at a minimum it is highly unlikely the Technician would not have inadvertently left out the affected part; it would have also allowed this Inspector to identify any missing parts or components.,A Contract Repair Station Technician and an Inspector were informed that the flight crew of a customer airline's A320 aircraft had reported a flutter/tail vibration during a high-speed descent. Bushings for the Elevator Power Control Unit (PCU) rod ends were missing at the PCU attachments to the Elevator.,
1162501,ASRS Database Online custom search,turnover,201404,Operator: Air Carrier | Make/Model: B777-200,Component: Potable Water Storage; control; indication | Problem: Malfunctioning,Function: Lead Technician  | Human Factors: Communication Breakdown; Confusion ,,Contributing Factors: Aircraft; Chart Or Publication; Environment - Non Weather Related; Human Factors; Incorrect / Not Installed / Unavailable Part; Procedure | Primary Problem: Incorrect / Not Installed / Unavailable Part,A B777-200 aircraft was in [Hangar] Bay inbound work for one of the waste water storage tanks had a broken inlet fitting. There was a [Work] Turnover [Report] from dayshift that the old tank had to be removed and the new tank was in stock from ZZZ1 as Aircraft on Ground (AOG). I ordered the new tank from Stores [Parts] for the mechanics. When they opened the box that the tank came in; there was damage to the new tank. I was never informed about the damage until one of the mechanics; Mechanic X; approached me and informed me that it was damaged and Supervisor X had told him to switch the inlet fitting on the new tank with the old one. At this point I approached Supervisor X and told him that since this inlet fitting was part of the tank that could not be accomplished because it was all one part; not an assembly.I was told multiple times to go ahead and install this new Frankenstein part; but I told everyone that asked me that we needed all the technical data and to see the Engineering Order (E/O) before we could proceed. An E/O was eventually issued by our Engineering; but we received a one page repair [instructions] that began at Step-6. I notified Supervision [management] that I needed the rest of the technical data before I could make a decision on whether this repair applied to our situation. I left the office and went to inspect the old and new tanks per the one page of the manual [that] I did have and found damage on a mating seal that the repair had you inspect. When I re-entered the shop; I observed Supervisor X talking with Mechanic X and the Mechanic was reading the [one page] sheet I just told Supervisor X we needed the rest of. I questioned the Mechanic and was informed that after I left the room; Supervisor X approached him and told him the repair was good and that it was 'OK' to proceed. I believe this situation could have led to an unserviceable part being installed on the aircraft. The actual Component Maintenance Manual (CMM) calls for testing and certifications to be accomplished to the tank after being repaired. We were being told to do a half procedure; and then install a known bad part with no certification and only a Leak Check being done. Reference material unclear. Missing documentation. [Lead] Mechanic.,A Lead Aircraft Maintenance Technician (AMT) reports about his Maintenance Supervisor's attempts to influence another mechanic to remove an inlet fitting from a new waste water storage tank to replace an inlet fitting found damaged on a B777-200 aircraft. Lack of required testing and certification of the repaired storage tank inlet fitting would have made the waste water tank unserviceable and not airworthy.,
1168040,ASRS Database Online custom search,turnover,201404,Operator: Air Carrier | Make/Model: B767-300 and 300 ER,Component: Main Gear | Problem: ,Function: Technician  | Human Factors: Communication Breakdown; Confusion; Training / Qualification ,,Contributing Factors: Aircraft; Chart Or Publication; Manuals; Human Factors | Primary Problem: Human Factors,Previous shift found crack in Left Main Landing Gear (MLG) Truck Shield. Myself and others were assigned to replace Truck shield. [We] could not find specific Aircraft Maintenance Manual (AMM) instructions. [We] chose to use part of AMM 32-11-18 which specifically talks about Shield and Electric Harness Removal and Installation (R/I). We did not disturb harness at all. During [Shift] Turnover there was confusion and not clear direction. After the process I realized the AMM previously instructed [removal] of the wheels and brakes and we did not accomplish. Our Air Carrier [should] provide a Repair Document for cracks in the shield. Also; provide AMM for Truck Shield replacement.,An Aircraft Maintenance Technician (AMT) reports he could not find specific instructions in the Aircraft Maintenance Manual (AMM) to Remove and Replace (R/R) a cracked lower Truck Shield on the Left Main Landing Gear (MLG) of a B767-300 aircraft. He decided to use part of the AMM to accomplish the R/R of the shield but realized later he did not remove the brakes and wheels as called out for in previous sections of the AMM.,
1173250,ASRS Database Online custom search,turnover,201405,Operator: Air Carrier | Make/Model: B737-700,Component: Horizontal Stabilizer | Problem: Malfunctioning,Function: Inspector Technician | Human Factors: Communication Breakdown; Situational Awareness Confusion; Communication Breakdown; Situational Awareness,,Contributing Factors: Incorrect / Not Installed / Unavailable Part; Human Factors; Aircraft; Procedure | Primary Problem: Human Factors,A B737-700 aircraft; Aircraft X; was in ZZZ for a Heavy C-1 (HC1) Check. I; Inspector X; was assigned to Heavy Tail Inspection. I found two each cracks on the Left-Hand (L/H) Horizontal Stabilizer lower inspar skin. Mechanics started the repair per Structural Repair Manual (SRM) XX-XX-01-2R-11; Repair 11. Per the SRM repair; Table 201 calls out the Repair Doubler to use 2024-T3 and Table 202 calls out for the Doubler to be .090' thousandths of an inch thick. As the night went on I stopped by to verify metal type and thickness and saw the X-colored Tag (Form) showing [2023]-T3; .090' thick on the 16'x16' inch piece on metal the mechanics had. I told them to carry on with the repair and parts fabrication (fab). During the fab of the repair parts; it was time to turn over [the work] to dayshift. At that time; I and the mechanics signed-off the steps on the (Form). The graveyard shift ended and the mechanics went home. I stayed and worked the aircraft. Dayshift mechanics took over the repair part fabrication and continued to install. At one point during the dayshift; the mechanics working the repair asked if the Doubler was in fact [2024]-T3; I responded; 'Yes.' I saw the X-colored tag (form) during the night shift. Mechanic X stated that it didn't appear correct; but with the information I told him; he continued on with the repair. With all solid fasteners installed and waiting on an Engineering Authorization (E/A) from Engineering for two blind fasteners to be installed; I then turned the aircraft over. [Several shifts later]; the dayshift Mechanic X that installed the repair on L/H Horiz Stab lower inspar skin on Aircraft X; needed some metal from the Sheet Metal (S/M) Shop. He then noticed that a sheet of [2024]-0 was mislabeled as [2024]-T3. He brought this to my attention and we realized that this was the same metal used on Aircraft X. At this time; we called the company Hot Line and the aircraft was grounded. [Recommend] better Vendor Quality Control (Q/C). /// I; Mechanic X; took a [Maintenance] Turnover from the grave shift B/C Check [Crew] on Aircraft X; a B737-700 aircraft for a Left-Hand (L/H) Horizontal Stab lower skin crack. The mechanics that worked it [on grave shift] had the Repair Doubler fabricated; all I had to do was countersink the fastener holes and install the repair. After installation; I noticed that the Repair Doubler had dimpled when I shot it on. I found this to be odd. I brought this to the attention of the Inspector X; he assured me that he had checked the [X-colored] Tag on the metal and it was [2024]-T3. [Several shifts later] while working on another aircraft; I noticed a piece of [2024]-O material in the Sheet Metal (S/M) Shop that was mislabeled [2024]-T3. At that time I realized that the wrong metal was installed on Aircraft X on the L/H Horizontal Stab lower skin. I then informed Inspector X that I had worked with on Aircraft X; and we contacted Maintenance Control and had the aircraft taken out of service. Upon further investigation; we found the Certifications (Certs) from the metal Vendor were wrong. The Certs said the metal was [2024]-T3; when in fact it was [2024]-O. Dayshift. [Recommend] while selecting metal for a repair; verify Tag and stencil on metal match.,An Aircraft Maintenance Inspector; a Parts Receiving Inspector; and an Aircraft Maintenance Technician (AMT) report about a Structural Repair Doubler that was inadvertently fabricated and installed from a mislabeled sheet of 2024-0 aluminum instead of the harder 2024-T3 ALCLAD aluminum material. Doublers are being installed over the Horizontal Stab skin cracks found on many B737-700 aircraft.,
1192113,ASRS Database Online custom search,shift_change,201407,Operator: Air Carrier | Make/Model: DC-10 30,Component: Exhaust Pipe | Problem: ,Function: Technician  | Human Factors: Confusion; Situational Awareness; Communication Breakdown ,,Contributing Factors: Aircraft; Chart Or Publication; Human Factors; Manuals | Primary Problem: Human Factors,Our Dayshift was called out to a DC-10 aircraft at the gate; July 2014; to cut the tack welds on the studs in the Turbine Rear Frame (TRF) struts on the Number 3 Engine. Dayshift cut the tack welds and assisted the line mechanics with removal of the studs. Line Maintenance then replaced the studs; during shift change at our shop. After shift change; late afternoon; we were called back to the aircraft to tack weld the studs in the strut per the repair. All of this was accomplished per the General Electric (G.E. Engine Manual 72-58-01; Repair 006; Figure 902; Stud Installation Subtask 72-58-01-310). After which I returned to update the repair in the logbook; and then called Quality Control (QC) to verify they knew about; and were going to do; a Fluorescent Dye Penetrant Inspection (FPI) on the welds as the repair called for. At this time; QC brought to my attention that we could not use the repair [procedure] from the Engine Manual without an Engineering Authorization (EA) from Engineering; because we were not in a shop environment; but was on the flight line. At which time I went to Engineering to ask about an EA. Engineering told me first to use the reference out of the Aircraft Maintenance Manual (AMM) that was given. I responded with; we could not use the AMM reference because it does not reference tack welding the studs in the strut. At which time I requested an EA and an Engineering Request (ER) had [already] been turned in from Line Maintenance requesting an EA (via an ER) to use the Engine Manual reference. Engineering said they would cut an EA and would attach it to the ER as soon as they could. After midnight; we received the EA from Engineering. At that time; I pulled up the aircraft on our maintenance computer; to check the status. It stated that Line [Maintenance] had put [the engine] back together with the aircraft and was getting ready to call the aircraft up [to release for service]. I then called QC to see if they had done the FPI; which they had not. So I called Maintenance Control to make them aware that the plane was back together and the FPI had not been completed. Maintenance Control told me at that time; Line Maintenance had done the FPI Inspection; it had checked good and the job was complete. I told Maintenance Control at that time; that the logbook had not been updated for the FPI and that I had an EA for the job; also; what did they want me to do with it? I was told by Maintenance Control; that the EA was a blanket EA and I didn't need to do anything with it. At this time it was at the end of the shift; I went home. I came in the next day and discussed the previous night's on-goings with QC.[Concerns were] that everyone not being on the same page; as far as what manuals can be used for what job. The General Maintenance Manual (GMM) states what the approved manuals are that can be used; but it does not break them down to specifics as far as when certain manuals can and cannot be used. I.E.. Engine Manual in a shop environment /or; not in a shop environment. There needs to be something put in print explaining to everyone when certain manuals can; and cannot; be used. Because it depends on what you read; how you interpret what it says; and who says what it is at this point. Just like the debate on when you can; and when you cannot use the Component Maintenance Manual (CMM).,An Aircraft Machinist describes his involvement with an on-wing tack welding of new studs installed at the aft flange of a G.E. CF-6 Engine Turbine Rear Frame (TRF) Assembly for a DC-10 aircraft. Aircraft was released without a required Fluorescent Dye Penetrant Inspection (FPI) being accomplished on the new tack welds and signed-off in the logbook.,
1194583,ASRS Database Online custom search,turnover,201408,Operator: Air Carrier | Make/Model: B737-800,Component: Fuselage Fairings | Problem: Malfunctioning,Function: Technician  | Human Factors: Distraction; Time Pressure; Communication Breakdown ,,Contributing Factors: Company Policy; Human Factors; Aircraft | Primary Problem: Human Factors,B737-800 aircraft. Overnight aircraft with Bill of Work (BOW) # XXXX for Routine Service. In the process of walkaround inspection; damage to 'Wing to Body' panel was found to have potential damage/and or delamination. I made decision to request a Line Engineering Order (LEO) at XA:00AM to allow the aircraft to fly with the panel damage; deferred. At shift turnover; (with the LEO not accomplished by our local technical support); Maintenance Supervisor X became irate and aggressive and tried to attempt to intimidate me by getting in my face and yelling that a LEO was not necessary and I needed to go out and finish the aircraft. I told him the only other option would require Non-Destructive Testing (NDT). I asked if he had read the paperwork that we had pulled up; and he said he glanced at it; and I needed to get out there and finish the aircraft. I told him that if he continued with his attitude that I would end the discussion. He then told me to; 'Go home then; right now.' I stated to him that I would; and would no longer discuss anything with him until he behaved in a more professional nature. After he regained composure; he stated that he was ready to have a professional conversation; at which point I returned to the office. He then asked if I would like a job extension to finish the aircraft; at which point I refused.The event occurred because you have a Front Line Leader violating critical behaviors and our air carrier's Rules of Conduct. The result is two fold: You have a hostile and intimidating work environment; in addition to serious 'Unacceptable Behavior' infractions. When a Front Line Leader attempts to intimidate an employee into working around FAA Rules and Regulations; or becomes aggressive and irate when faced with safety; quality or compliance [issues]; our whole 'Respect; Fairness and Accountability' culture is at risk. I will omit any suggestions with regard to Rules of Conduct. I believe that the event speaks for itself. Intimidation or interference with proper maintenance actions should not be tolerated. Safety standards reduced.,A Line Aircraft Maintenance Technician (AMT) describes a hostile work environment where an aggressive and irate Line Maintenance Supervisor attempted to intimidate him into working around FAA Rules and Regulations. Technician had found a damaged 'Wing to Body' panel during an overnight maintenance visit on a B737-800 aircraft.,
1231417,ASRS Database Online custom search,incoming_crew,201501,Operator: Air Carrier | Make/Model: A320,Component: Main Gear | Problem: ,Function: Technician  | Human Factors: Communication Breakdown; Confusion; Time Pressure; Workload ,,Contributing Factors: Chart Or Publication; Human Factors; Procedure | Primary Problem: Human Factors,I was assigned to work on securing the RH main landing gear side stay bushing Task Card with an Engineering Change/Repair Authorization (EC/RA). I; Mechanic X; was directed by my Lead Mechanic to work with Mechanics Y and Z. Lead Mechanic handed me the task card with EC/RA attached just before our afternoon break. I placed the paperwork in my toolbox and locked it; then went to break. Immediately after break; Lead Mechanic met with myself and Mechanics Y and Z to discuss the job. Lead Mechanic told us that the new retaining nut and washer were on order and should be delivered within minutes; and to go ahead and set up for installation. At that time; we briefly went over the paperwork for this phase; and the Lead Mechanic told us the torque was 500 foot pounds. While I ordered the sealant as required; Mechanic Y went to the hangar to obtain the torque wrench for this operation. Upon his return; I set the tooling in place; put the nut and locking tab washer in place; spun it down by hand; and then engaged the tooling to begin the final torquing of the retaining nut. Mechanic Y read off to Mechanic Z that the final torque setting was 500 foot pounds and that the initial torque setting was 440 foot pounds. Mechanic Z then set the torque wrench to 440 foot pounds; showed the setting to our inspector; and then attached the wrench to the tooling. I held the tooling in place while Mechanic Y and Mechanic Z applied the torque to the retaining nut. Once the initial torque was reached; we checked the tab lock positions (myself and our inspector); and it was necessary to advance the position of the retaining nut by close to 1/4 inch to align the lock tab. Once we reached 500 foot pounds; the tab lock was still not aligned. The inspector instructed us to back the collar off; and then reapply the minimum torque of 440 foot pounds; and recheck the tab lock position. We continued this through four break/reset sequences with no better luck. Mechanics Y and Z and myself went to see the incoming midnight supervisor; and explained the dilemma. He took the paperwork and briefly perused it; then said that we should turn the issue over to the incoming crew. We turned the paperwork over to Mechanic A; an Aircraft Maintenance Technician (AMT) on midnight shift; and explained what problem we were having. Mechanic A left our presence with the paperwork; and then returned to me approximately 15 minutes later to show me that he read (after struggling with the interpretation) that the applied torque was to be no more than 500 INCH pounds. The paperwork as written (exactly) showed '500 lbf. in'; in the text. By this misinterpretation; the applied torque was 12 times greater than was intended in the operation.,An Aircraft Maintenance Technician reports how misinterpretation of an A320 Job Card reference note contributed to a right-hand main landing gear side stay bushing retaining nut final torque being twelve times greater than specified. Technician also noted the differences in how information is presented to AMTs using Boeing or Airbus Aircraft Maintenance Manuals.,
1260909,ASRS Database Online custom search,turnover,201505,Operator: Air Carrier | Make/Model: B747-400,Component: Fuel Line; Fittings; & Connectors | Problem: Malfunctioning,Function: Technician  | Human Factors: Situational Awareness; Time Pressure; Distraction ,,Contributing Factors: Human Factors; Aircraft; Incorrect / Not Installed / Unavailable Part | Primary Problem: Human Factors,During the walk around inspection of a routine line maintenance turnaround; a fuel leak was observed at the Number-3 Engine pylon. After trouble shooting & investigation it was determined that a replacement fuel line was required & the flight was cancelled. The unserviceable fuel line was removed by the afternoon shift who wrote a comprehensive turnover. The new line was ordered from the manufacturer with all supporting hardware & arrived the next day. During the installation of the new fuel line; the aircraft was moved from the remote stand to the departure gate & Maintenance was informed that the scheduled departure time had been moved up by [two hours]. The interruption & time pressure resulted in distractions; although the new fuel line was fully installed with it's couplings tightened & leak tested as per Aircraft Maintenance Manual (AMM) procedures; I failed to install the safety wire lock on the fuel line coupling. After the flight departed I was reviewing the AMM procedures & discovered that the fuel line required a safety wire lock. I immediately informed the downline station where the aircraft was stopped & the safety wire lock was installed. I have no excuses for not completing the safety wire task but feel the distraction of moving the aircraft; the rescheduling of the ready time & not being involved with the removal of the unserviceable line the day before; all contributed to my mistake. After the aircraft was moved I should have reviewed the AMM tasks from the beginning & should not have been distracted by external factors.,A Line Aircraft Maintenance Technician (AMT) realizes he had not installed a required safety wire lock on a fuel line coupling that was replaced in a Number-3 Engine pylon prior to departure of a B747-400 aircraft. Technician noted how distraction of moving the aircraft; rescheduling departure two hours sooner and not being involved with the removal of the unserviceable line the day before all contributed to his error.,
1265615,ASRS Database Online custom search,turnover,201505,Operator: Air Carrier | Make/Model: MD-80 Series (DC-9-80) Undifferentiated or Other Model,Component: Horizontal Stabilizer Trim Motor | Problem: Malfunctioning,Function: Technician Technician | Human Factors: Communication Breakdown; Confusion; Situational Awareness Communication Breakdown; Situational Awareness,,Contributing Factors: Aircraft; Procedure; Human Factors | Primary Problem: Human Factors,Aircraft had been placed AOG in ZZZ1 after landing from ZZZ. Pilot stated that horizontal stabilizer was in a runaway nose down position and felt heavy during landing. Myself and another mechanic were sent from ZZZ2 to repair the Aircraft X and make serviceable. When we landed we got a turnover from the pilot and reviewed the logbook write up. Once we reviewed everything we attempted to operate the Stabilizer Primary Trim System and try and duplicate the fault; during the operation of the stabilizer primary trim we discovered the trim was no longer on a runaway nose down and in fact would operate normally in the nose down position; however; it would not operate in a nose up position. Contract Maintenance personnel that had been on the aircraft when it landed confirmed the pilots original defect of a runaway nose down situation. Me; [Mechanic X]; and my Partner; [Mechanic Y]; agreed we would replace the Primary Trim Motor as our first step; when we opened the packaging with the new trim motor we realized it had been removed as a serviceable unit from Aircraft Y and was missing half the gasket needed between the motor and the gearbox assembly. We notified Maintenance Control of the missing gasket and all agreed we would install the motor with the used gasket for troubleshooting purposes and verify if that would be a positive fix; Maintenance Control agreed to order a gasket aog and concurred with the installation of the motor; which was carried out per the Aircraft Maintenance Manual (AMM) using the old gasket and documented into the aircraft logbook. The access panel that was removed in order to access the trim motor; referred to as the 'doghouse'; remained off the aircraft during the troubleshooting for the remainder of the day. Once the motor was installed; we ops checked the system and found the fault was not fixed; all that occurred was that now we could actuate the stabilizer trim approx 1/8' [of an inch] and it would return approx 1/16' [of an inch]. We contacted maintenance control and stated our find and we agreed we would leave the motor installed and wait for the gasket to arrive the following morning. We continued to troubleshoot the system into the night. Prior to our duty time reaching 16 hours; we contacted maintenance control and gave a pass down of what had been accomplished for the day and agreed we would install the 'doghouse' panel to protect the motor and metal structure from the elements and temporarily secure it so as to allow quick access in the morning for the replacement of the gasket. The following morning when we arrived at the aircraft we contacted maintenance control as requested to notify them we were on the aircraft; and were asked to continue troubleshooting the system; at which point we followed the AMM Troubleshooting tree; and performed Power Checks at the Primary Nose up contactor; where power was confirmed to be found. In order to find power this required us to move the stabilizer nose up and nose down and no damage occurred during this time. Once we confirmed the presence of power at the contactor; we replaced the primary nose up contactor and performed an ops check of the stabilizer and found the fault to remain. We contacted maintenance control to report our progress; it was at this time we were asked by the maintenance controller to inspect the Jackscrew Assembly. Due to the fact the stabilizer was in a nose up position; we needed to move the stabilizer into a nose down position. During the movement of the stabilizer nose down position past the '0' detent we heard a noise and stopped the movement of the stabilizer. We looked around for the culprit of the noise and found nothing so continued to slowly move the stabilizer nose down; once it reached a '1' detent; we heard and felt the aircraft jump; at this point I realized the culprit was the stabilizer and believed the jackscrew had been damaged. Once I exited the aircraft and looked towards the tail section I immediately realizedthe 'doghouse' panel had been forcefully dislodged from the aircraft. I put on a safety harness and went to assess the damage and see what had caused the damage. Once i reached the horizontal stabilizer i realized the right elevator fairing had managed to lodge itself into the 'doghouse' panel and then be crushed by the panel while forcing it to come off the structure and ripping the screws securing it out. Once I assessed the damage we notified maintenance control of the incident along with my supervisor on duty in ZZZ2; and was told to take detailed pictures of the damage and submit them to maintenance control along with a written statement of the incident.Only preventative measure I can think of is that we should have secured the doghouse panel with all the required screws; gone to the hotel and gotten some rest and the next morning first thing should have been remove the doghouse panel and installed the gasket before continuing the troubleshooting of the system. /// When we arrived into the location; we decided upon changing the [Horizontal Stabilizer] Trim motor after consulting with the Capt. When we unboxed the Serviceable unit; which had been removed from another MD-80 aircraft; we discovered it had a partial gasket installed; instead of a serviceable one. We decided to install the unit without the gasket in order to ascertain if it was a positive fix; then have a new gasket sent. Maintenance control concurred. We then installed the 'doghouse' panel with 4 fasteners; since we would be removing it the next day in order to install the gasket. We then continued troubleshooting the system per the AMM for the rest of our duty time until around late afternoon. After finding out our reservations at Hotel X had been modified; I was [later] sent to Hotel Y. The next day; late morning; after continuing troubleshooting; and moving the stab up and down numerous times; we were directed by Maintenance Control to inspect the jackscrew for wear/damage. We moved the stab in order to access the panel on the side of the Vertical stab; and heard a thump; we thought possibly something had fallen next to the plane; and after waiting a few seconds; moved the stab again; when again a thump was heard. We went out to look at the plane; and upon inspection observed the doghouse panel leading edge sticking up from its faired position. The plane was powered down and after a closer inspection was made; found the inboard edge of the RH Stab had caught the lower edge of the doghouse panel. Since we had been cycling the stab all day I believe the wind caught the edge of the panel and dislocated it to the point where it was caught by the stab when it was moved. Completely securing the panel would have prevented this from happening; and I will ensure any panel I remove is secured prior to ops checking systems.,Two Aircraft Maintenance Technicians (AMTs) report how a 'Doghouse' access panel temporarily re-installed on the Vertical Stab of an MD-80 aircraft was damaged during Maintenance trouble shooting for an inflight runaway Nose-Down condition. Aircraft would not hold a Nose-up configuration when the Horizontal Stab's Primary Trim Motor 'pickle' switches on the Aileron Control wheel were released. Pilots used thrust and spoilers to augment lift.,
1331559,ASRS Database Online custom search,turnover,201505,Operator: Air Carrier | Make/Model: MD-80 Series (DC-9-80) Undifferentiated or Other Model,Component: Horizontal Stabilizer Trim | Problem: Improperly Operated,Function: Technician Technician | Human Factors: Troubleshooting; Fatigue; Situational Awareness Fatigue; Situational Awareness; Troubleshooting,,Contributing Factors: Human Factors | Primary Problem: Human Factors,Aircraft had been placed AOG (aircraft on ground) after landing. Pilot stated that horizontal stabilizer was in a runaway nose down position and felt heavy during landing. Another mechanic and I were sent to repair the aircraft and make serviceable. When we landed we got a turnover from the pilot and reviewed the logbook write up. Once we reviewed everything we attempted to operate the stabilizer primary trim system and try and duplicate the fault; during the operation of the stabilizer primary trim we discovered the trim was no longer on a runaway nose down and in fact would operate normally in the nose down position; however it would not operate in a nose up position. Contract maintenance personnel that had been on the aircraft when it landed confirmed the pilot's original defect of a runaway nose down situation. My partner and I agreed we would replace the primary trim motor as our first step; when we opened the packaging with the new trim motor we realized it had been removed as a serviceable unit from another aircraft and was missing half the gasket needed between the motor and the gearbox assembly. We notified maintenance control of the missing gasket and all agreed we would install the motor with the used gasket for troubleshooting purposes and verify if that would be a positive fix; maintenance control agreed to order a gasket AOG and concurred with the installation of the motor; which was carried out per the aircraft maintenance manual using the old gasket and documented into the aircraft logbook. The access panel that was removed in order to access the trim motor; referred to as the 'doghouse'; remained off the aircraft during the troubleshooting for the remainder of the day. Once the motor was installed; we ops checked the system and found the fault was not fixed; all that occurred was that now we could actuate the stabilizer trim approximately 1/8' and it would return approximately 1/16'. We contacted maintenance control and stated our find and we agreed we would leave the motor installed and wait for the gasket to arrive the following morning. We continued to troubleshoot the system into the night. Prior to our duty time reaching 16 hrs we contacted maintenance control and gave a pass down of what had been accomplished for the day and agreed we would install the 'doghouse' panel to protect the motor and metal structure from the elements and temp secure it so as to allow quick access in the morning for the replacement of the gasket. The following morning when we arrived at the aircraft we contacted maintenance control as requested to notify them we were on the aircraft; and were asked to continue troubleshooting the system; at which point we followed the troubleshooting tree; and performed power checks at the primary nose up contactor; where power was confirmed to be found. In order to find power this required us to move the stabilizer nose up and nose down and no damage occurred during this time. Once we confirmed the presence of power at the contactor; we replaced the primary nose up contactor and performed an ops check of the stabilizer and found the fault to remain. We contacted maintenance control to report our progress; it was at this time we were asked by the maintenance controller to inspect the jackscrew assembly. Due to the fact the stabilizer was in a nose up position; we needed to move the stabilizer into a nose down position. During the movement of the stabilizer nose down position past the 0 detent we heard a noise and stopped the movement of the stabilizer. We looked around for the culprit of the noise and found nothing so continued to slowly move the stabilizer nose down; once it reached a 1 detent; we heard and felt the aircraft jump; at this point I realized the culprit was the stabilizer and believed the jackscrew had been damaged. Once I exited the aircraft and looked towards the tail section I immediately realized the 'doghouse' panel had been forcefully dislodged from the aircraft. I put on asafety harness and went to assess the damage and see what had caused the damage. Once I reached the horizontal stabilizer I realized the right elevator fairing had managed to lodge itself into the 'doghouse' panel and then be crushed by the panel while forcing it to come off the structure and ripping the screws securing it out. Once I assessed the damage we notified maintenance control of the incident along with my supervisor on duty; and was told to take detailed pictures of the damage and submit them to maintenance control along with a written statement of the incident.Only preventative measure I can think of is that we should have secured the doghouse panel with all the required screws; gone to the hotel and gotten some rest and the next morning first thing should have been remove the doghouse panel and installed the gasket before continuing the troubleshooting of the system. /// [Report contained no additional information.],Two Maintenance Technicians reported that while moving the stabilizer on an MD80 for troubleshooting; it contacted and damaged the 'Dog House' panel because the panel was not properly secured.,
1366031,ASRS Database Online custom search,turnover,201605,Operator: Air Carrier | Make/Model: Regional Jet 200 ER/LR (CRJ200),Component:  | Problem: ,Function: Technician  | Human Factors: Communication Breakdown ,,Contributing Factors: Procedure; Human Factors | Primary Problem: Human Factors,This report is not specific to Aircraft X; but instead applies to all aircraft as a safety issue. Aircraft X was chosen for the aircraft number because it was the latest aircraft involved with this issue. I was not personally involved in this incident. However; I felt I needed to file a report simply to address this ongoing fleet wide safety issue.It was brought to my attention that several individuals (myself included) have had safety concerns with ground pressurization of the aircraft. Ramp personnel have repeatedly attempted to open doors and servicing ports on the aircraft while the aircraft is being pressurized by maintenance personnel. In the most recent instance; a maintenance ground spotter was being used; and the beacon light was selected on. A ramp agent rapidly approached the cargo bay while the aircraft was pressurized. Before the maintenance spotter could stop her; she began attempting to open the cargo door. The spotter immediately stopped the ramp agent. At the same time; the mechanic pressurizing the aircraft had received a cargo door caution message. The cargo door handle had been extended; but the door was never turned and pressure was never lost. The mechanic in the cockpit had been in the process of depressurizing when the event occurred; and continued to bring the delta P back to zero. After the aircraft was depressurized; the mechanic who had been in the cockpit confronted the ramp agent and her supervisor. He explained that the aircraft was being pressurized and had the beacon light on. He explained that by ignoring the beacon light and attempting to open a door; she jeopardized her health and safety as well as his. The reaction of the ramp agent and her supervisor was apparently one of non-concern. Neither felt anything that had been done was dangerous and they tried to make light of the incident.I suggested the mechanic in the cockpit file a [safety] report on the incident. I am unsure if [they] followed up or not. I am filing this report because this has been an ongoing problem. Too many close calls have taken place. Luckily; no injuries have yet been sustained as a result thus far. The ramp personnel (including fuelers) do not respect the beacon light. They routinely drive behind aircraft with the engines running and the beacon lit. Some time ago I witnessed a lavatory truck being used to service the aircraft while #2 engine was still running. When I warned the individual; they waved me off and didn't seem to care. Personnel on the ramp also routinely disobey marshaling signals from mechanics warning that engines are running. They have repeatedly attempted to open aircraft doors while the aircraft is pressurized; beacon on; and spotters present. They do not understand the concept of pressurization even when warned by mechanics. I feel the ongoing lack of respect for the dangers of aircraft; coupled with lack of adequate training and high employee turnover; will result in serious injury and/or possible death if things are allowed to continue status quo.As mechanics; we can only do so much to keep people safe around the aircraft. Perhaps a change in the manner we perform ground pressurizations is in order. However; without a concurrent change in the safety culture on the ramp personnel side; events like these will most likely continue to occur. With high employee turnover on the ramp; it is all the more imperative that aircraft safety be stressed during training.[Suggest] improved safety training for ramp personnel. Possible procedural changes for maintenance ground pressurization checks.,Air Carrier maintenance Technician reported that while pressurizing an aircraft ground personnel are attempting to open doors and/or service the aircraft ignoring the warning signs; ie; 'beacon light'.,
1412149,ASRS Database Online custom search,"shift_change, turnover",201612,Operator: Air Carrier | Make/Model: A321,Component: Engine Vibration Indication | Problem: Improperly Operated,Function: Technician  | Human Factors: Communication Breakdown ,,Contributing Factors: Human Factors | Primary Problem: Human Factors,Aircraft X was scheduled Remain Over Night (RON); aircraft was suspected to be completed prior to shift change so no turnover to dayshift was given. Vibration survey was final task left; due to a blade change which night shift could not complete due to vibration computer malfunction. Paperwork and turnover was then delivered to the lead. [A coworker] and myself [were tasked] to complete the vibration survey; providing us with the blade change paperwork and the survey card. After avionics repaired the computer issue [we] continued with the survey. Before starting engines we questioned which engine had the blade change due to no reference to what engine was written on the blade change card. I called [our supervisor] to inquire to what engine required the survey and was informed it was engine #1; actually Engine 2 required the run. We completed the survey on engine 1 with no issues and signed off the last 2 blocks of the blade change card. All other paperwork for aircraft was previously signed off.Upon discussing problem after the fact with night shift technician on following day it was determined that the survey was done on the wrong engine.Supervision was also given improper verbal turnover as to which engine was worked on. Work package was presumed completed except vibration survey so the blade change task was not reviewed extensively enough by all involved; although the maintenance task was stamped off prior to us performing the survey. We all rely on each other to complete tasks in a timely matter; however we must always review the paperwork especially if direct turnover is not given.,A Technician reported that a Vibration Survey on an Airbus A321 was performed on the wrong engine.,
1437320,ASRS Database Online custom search,shift_change,201704,Operator: Air Carrier | Make/Model: A321,Component: Flap Fairing | Problem: ,Function: Technician  | Human Factors: Communication Breakdown ,,Contributing Factors: Human Factors; Procedure | Primary Problem: Human Factors,CDL procedure requires right-hand #4 flap track fairing has proper lubrication and re-lubricate as required. Maintenance Supervisor was notified at XA:00 by Maintenance Control to have an AMT accomplish this task. The task of re-inspection of flap track lubrication was not accomplished. Captain did not notice in his AML (Aircraft Maintenance Logbook) review that the CDL follow-up procedure was not complied with and did not notify Dispatch of the noncompliance. I had this follow up tracker turned over to me at shift change I noticed the departure station did not call or enter the item into the database. The aircraft was in flight by the time I noticed. I called Maintenance [at the arrival airport] to accomplish the procedure accomplished for the next flight. I also had Maintenance check the AML to see if the departure station did an AML entry which they did not. Maintenance did not comply with CDL follow up procedures. Flight crew did not review AML prior to departure. Suggest flight crews review the AML prior to departure they are the last link in the chain before flight.,Maintenance Controller reported that maintenance personnel did not comply with a CDL follow up procedure on an A321.,
1452210,ASRS Database Online custom search,turnover,201705,Operator: Air Carrier | Make/Model: B777-200,Component: Fuel Tank | Problem: Improperly Operated,Function: Technician Technician | Human Factors: Training / Qualification; Communication Breakdown; Situational Awareness ,,Contributing Factors: Company Policy; Procedure; Environment - Non Weather Related | Primary Problem: Procedure,The fuel tank vendor created an unsafe situation for [our company] their employees and their fleet. Aircraft X had a fuel tank entry job done outside the hangar. The mishap was noticed by myself as I drove along about a hardstand and half away where the airplane was parked I could smell a very strong fuel smell that indicated a massive leak. Being the Safety [manager] I headed over to the airplane to find out what was going on. I snapped [a] bunch of pictures and what I saw was the following items;1) The airplane was not grounded as there are no grounding points on any of the hardstands.2) The plane was being vented and the electric motors used to draw the air were right under the plane instead of using a 100ft hose.3) The generator used to power everything was within 50ft of the open tank and not 100ft4) Their vehicle was parked and running within 30 ft of the open fuel tank. The man lift that they used was not in place yet under the open fuel tank.5) There was no barrier or roping off of the airplane.[Maintenance Personnel] was made aware of this issue through an email. [They] replied back to me with a reassurance that this problem would be corrected and I thanked him. The problem here is [this Maintenance Personnel] always reassure me of issues in the manner of safety but never actually handles them he shows an interest in handling Aircraft maintenance and safety at the cheapest price and in the fastest way disregarding quality and safety. While this may sound like a complaint it is not it is a sad fact. However knowing the results of how [this Maintenance Personnel] would handle the situation especially with the potent smell I feel it is my duty to always notify prior and offer the manager the ability to self-correct. It is a right I would like to have bestowed upon myself and so I honor it with others even so if it is not honored with me.[Other maintenance personnel] was concerned how the vendor did this work '[company X].' He voiced concerns that was the company to be held responsibility and follow the [maintenance manual]? I told him [I] Believe the company is to follow the [maintenance manual] because the fleet is governed by the [maintenance manual]. None of the fuel tank work cards were filled out including what was required for follow up actions. I myself never saw the airplane in work but I asked [the other maintenance personnel] where the airplane located was? He said it was located on spot of Aircraft X. Right there I know we have a problem because the spot has no grounding points anywhere. Especially no tested spots as required. This leaves an explosion hazard that risk all of my [team] members and myself. This cannot continue. The cheapest price if so and the speed of the job puts everyone at risk this argument gets tiresome. From the smell of the last Aircraft X the smell could only have been that strong if there was a significant amount of fuel still in the tank. I have worked airplanes before fuel tank wise and know this especially for an airplane outside not in an enclosed hangar.The other question is why not required [documents] are accomplished on the airplane. These are important [documents] and were put in place for a reason why is a vendor exempt from them but when we take over we have to comply with these [documents] yet they are not even complete? /// Upon coming on duty I found out that Aircraft Y had maintenance done on the RH tank regarding an MEL out of time with [this specific model] restriction.I received turnover from afternoon [Company X] had not accomplished any [maintenance] task cards for Tank Permit or Tank Unit replacement. I had task [documents] printed; unscheduled maintenance cards. Upon showing the [Company X] Representative; he stated not being trained by [our company] on use of those cards. They always use [Maintenance Manual] procedures. I continued to check the [Company Document] and found yet another [maintenance document]; that was required for record keeping. My understanding from [Company Document] is that task cards take precedence. Clarification would be helpful.'[Company Document] [stated that our company] can arrange with a Maintenance Provider (MP) for the performance of any maintenance; preventative maintenance; or alterations. However; this does not relieve [our company] of the responsibility for the performance of the maintenance; preventative maintenance; or alteration of its aircraft; including airframes; aircraft engines; appliances; emergency equipment and parts thereof; in accordance with this manual..',Maintenance Technicians reported that on a Boeing 777 an outside vendor created an unsafe situation when working on open fuel tanks.,
1502257,ASRS Database Online custom search,shift_change,201712,Operator: Air Carrier | Make/Model: A330,Component:  | Problem: ,Function: Technician Technician | Human Factors: Workload; Situational Awareness ,,Contributing Factors: Human Factors; Procedure; Staffing | Primary Problem: Human Factors,[I] arrived at work and was assigned to move 2 aircraft. There an A330 in front of the hanger blocking the exit of the aircraft in the hanger that needed to be brought out. Moved first aircraft to taxiway Uniform and returned with tow bar; left tug and 2 mechanics at aircraft; since it was coming into hanger next. At aircraft in the hanger; Brake rider was in place and stairs were pulled; left tow bar at nose and went to retrieve other tug. Hooked up tug and another mechanic started walking toward left wing. Brake rider said; 'Brakes off' another mechanic jumped onto the tug and I started backing aircraft out of the hanger. The wings were never in the hanger. During backing; noticed [another aircraft] nosed toward Heavy Maintenance hangar and I shifted my focus on clearing the tail of the 321 and made slight adjustment to correct to aircraft right. Then seen mechanic waving arms and stopped. The aircraft wings were never inside the hanger so was thinking only needed one mechanic to watch the tail. Hardly ever is a 330 in the hanger and even rarer then that is it backed into hanger. So I knew it was a 330 just forgot and wings were clear easy push. Do more like heavy maintenance for their aircraft positioning into the hanger. Always have at least 5 people to move aircraft out of a hanger or it's a no-go. /// I was told by manager to have aircraft moved; among other requests. Second of three Leads who was responsible for the 'Moves' had only 1 Supertug and needed 2 taxi qualified AMTs and a chock/safety AMT for moves requested by Tower (we began immediately reacting prior to and immediately after shift start). A 3rd Lead was coming in on OT; 'Late call' and hadn't arrived. I assigned the AMT's immediately available and 3 other of 5 other AMTs 'working on the 2 AC' 1 additional AMT jumped in and volunteered to help making it 7 actively involved AMTs and 1 assigned (unsure of his activity) and awaiting arrival of 2 more that arrived as [the aircraft] hit the building (total of 10 AMTs to move 2 AC...ONE AC AT A TIME). 'Why' is better left to those involved directly with the incident. I was not involved. Utilize TTWS (Tow Team Warning System) with a minimum of 3 (1 for each wing & 1 for the tail/engines) ground 'walkers'. Most importantly be conscious of and clear the tail on the A330 in the Line Hangar.,Maintenance personnel reported contacting the hanger during move of an A330.,
1516222,ASRS Database Online custom search,turnover,201801,Operator: Air Carrier | Make/Model: EMB ERJ 145 ER/LR,Component: Fuel Line; Fittings; & Connectors | Problem: Improperly Operated,Function: Technician; Inspector  | Human Factors: Situational Awareness; Training / Qualification; Workload; Communication Breakdown ,,Contributing Factors: Aircraft; Company Policy; Human Factors; Procedure | Primary Problem: Procedure,Before my shift began (but during the previous shift); 2 mechanics began to replace the L/H fuel tank vent valve. Sometime between the previous QC shift and the start of my shift; the mechanics finished the task; but were unable to have the task 'bought back' by QC due to the inspectors having left at the end of their shift. There was no note made in the written turnover of this task being started or in-work.I was approached by one of the two mechanics about my 'buying back' the installation of the valve; and was not told that there were actually TWO mechanics involved in the installation. The [form] was stamped by the mechanic who approached me. I asked about the previous shift having seen any of the installation; and they had either not seen any of it; or had failed to sign for the portion they had seen.I inspected the installation of the valve; checked tightness of fittings; bolts; wiring; and general condition of the immediate area; as well as the paperwork approving the part. I reviewed the AMM reference and found that the mechanic had signed for the ENTIRE task (including follow on tasks not yet performed); and had the mechanic change his entry to reflect only the steps actually accomplished up to that point; which I then bought back.When I arrived at work the following night; I discovered that another [form] had been generated to replace the conduit through which the wiring of the vent valve is routed to outside the wing because it had been damaged by pulling the wires through the conduit with safety wire (which is specifically NOT allowed in the procedure in the AMM.) As I inquired about why I had not been informed the previous night of this damage; I was told that the mechanic had not seen and had not signed for the work (but HAD damaged the conduit) did not report the damage until after he had punched out for the night; and was walking to the parking lot with the other mechanic. Neither mechanic came back to report the damage. The signing mechanic did report the problem to the acting maintenance supervisor at the beginning of his shift the next day; and it was documented on a [form]; and was corrected.In discussing the situation with the mechanic and maintenance supervisor on duty; I was 'advised' that I should not file a report; and the supervisor was going to follow up with the mechanic who caused the damage; get his statement; and seemed to say that we should handle the problem outside the reporting program. I only agreed to delay my report until statements from all involved could be obtained; and it was determined that a report was necessary. I do not feel now that this was the correct path to take.I received a call from my supervisor that after reviewing my statement; and conferring with the QC Manager and Director; that he/they had determined that I needed additional training in the 'C-check environment'; and that I would be required to go [for remedial training]. I was not given the option to have a Union member present during this phone conference; as required by our Agreement with the company.I feel that the mechanics should have alerted the inspectors on the previous shift of the work they were performing; and obtained buy back of any work that was completed during their shift. I feel that a turnover should have been provided on the progress of the job from the last shift. I should have been contacted at the start of my shift about the work being done; and I should have given approval to continue the work; if I felt this was appropriate; or should have been given the chance to observe the work in progress; as appropriate. I should not have 'bought back' the work performed. I do not believe that this 'buy-back' procedure is adequately explained in the GMM. Obviously; the damage to the conduit should have been immediately reported at the time of occurrence. Obviously; the AMM reference should have been strictly adhered to (no use of safety wire). I do not feel I should be 'punished'; or be required 'remedial training' not given to others as a result of reporting this incident.The company has completely failed to provide proper training in regards to C-check. The company has refused to recognize the risks they have taken; and are also requiring their employees to undertake; by attempting this new task here without the proper support and training. Many of our newer employees are not in the least bit capable of performing the more complicated tasks without assistance; and working in this new and confusing environment that C-check entails. Management is continuously complaining about 'how long tasks are taking'; but fail to see that the preparation was sorely lacking; and they are not providing assistance where needed. Many company procedures and policies are not being followed. Senior management is not providing necessary support to do this work as it should be done.The above statements are not directly responsible for the event in question; but has provided what I consider a 'poisonous environment' in which to work. I feel that any reasonably independent review of the current activities would uncover what I have seen and more.,A Maintenance Technician reported that many company procedures and policies are not being followed.,
1522012,ASRS Database Online custom search,turnover,201802,Operator: Air Carrier | Make/Model: B737-800,Component: Rudder | Problem: Improperly Operated,Function: Technician Technician | Human Factors: Situational Awareness; Workload Workload; Situational Awareness,,Contributing Factors: Procedure; Equipment / Tooling; Aircraft | Primary Problem: Equipment / Tooling,Installing rudder Aircraft X. First off I'd like to mention we have difficulties R&R 737-700 rudders at this location let alone an 800; Inadequate facilities/tooling for Routine Overnight Maintenance (RON) mechanics to perform this maintenance on an overnight task; unless/maybe we were able to use [some of our other maintenance bays]. Tasked to remove and replace Aircraft X's rudder last night in bay X; overhead crane in this hangar not at sufficient height to perform this task without trying to jump through some hoops (modifying the sling by routing/shortening the web straps through the sling upper casting body and trying to jack the nose of the aircraft to lower tail section for sling usage) this is whats done to perform 700 rudder change; now input an 800 aircraft which is approximately 24' longer; try jacking the nose of aircraft which is outside on ramp on a decline position. Which was attempted numerous times and different configurations (unable to properly seat jacks safely-almost rolled aircraft off jack at one attempt). So supervision instructed us to install rudder using company crane with an added extension arm installed on this crane outside on washrack; this was already attempted by earlier shift with huge headaches and misgivings. We attempted rudder installation outside with crane usage and sling checked out from toolcrib. After lengthy amount of time and manpower (6 mechanics 1 crane operator) we were able to get #1 hinge bolt installed with some degree of difficulty along with numerous scratches; dings; and paint chips. Upon mechanic repositioning to start other bolt installations; the left hand side of sling swivel shackle gave way (popped out) of fitting that's bolted to rudder. Rudder slightly settled down or lodged itself in place due to #1 bolt being installed; it also wedged itself on top or against main Power Control Unit (PCU) actuator. Heavy rain and weather with lightning approached rapidly. Supervisor had us secure rudder in place with rope. No other sling in stock or replacement parts/hardware available at that time. Left in that configuration; due to shift turnover; and heavy weather. Don't know the exact or extent of any damage caused from this operation. Would like to be informed what was damaged or replaced. /// [Report narrative contained no additional information.],Two Maintenance Technicians reported that replacing a rudder on a 737 became a very difficult task due to inadequate equipment.,
1537569,ASRS Database Online custom search,turnover,201804,Operator: Air Carrier | Make/Model: B767-300 and 300 ER,Component: Leading Edge Slat | Problem: Improperly Operated; Malfunctioning,Function: Inspector  | Human Factors: Time Pressure; Workload; Situational Awareness ,,Contributing Factors: Procedure; Human Factors; Environment - Non Weather Related; Aircraft | Primary Problem: Environment - Non Weather Related,I was tasked with the final installation inspection of the number nine slat. After performing an inspection; prior to installation; of surrounding structure; I okay-ed the 'clearance to install' the slat. While the slat installation progressed; I gave attention to another inspection task taking place simultaneously for a possible turnover that I would eventually be working. When I was called upon to complete the final installation inspection I verified the correct installation paperwork was being used; subsequent torques were applied; and then proceeded to inspect the security of installation and operational checks of the slat. I did not observe at that time any obvious defects.[One week later] it was brought to my attention that [same aircraft] was in for maintenance due to a slat asymmetry issue. Also; that the outboard auxiliary slat track was damaged and two main slat tracks bushings were missing. Irregularities to the outboard auxiliary slat track were not present during the final inspection and operational checks; and the absence of main tracks were not obvious during final inspection and operational checks; possibly because of surrounding structure and associated attached hardware that may have been blocking my viewpoint. The possibility of oversight may have been a contributing factor; as I was not present to witness the entire installation process step by step as a result of another inspection task taking place at the same time. There was at no time external pressure placed upon me to perform multiple inspection tasks at the same time; and the decision to do so was of my own volunteer.With jobs of this complexity; inspectors must be present to observe all steps and procedures throughout the entire installation process. I feel a step by step signoff may have helped to prevent this incident.,B767-300 Maintenance Inspector reported that a slat failed due to an asymmetry issue; a week after he inspected the installation of the same slat.,
1562749,ASRS Database Online custom search,turnover,201806,Operator: Air Carrier | Make/Model: MD-11,Component: Hydraulic System Lines; Connectors; Fittings | Problem: Malfunctioning,Function: Technician Technician | Human Factors: Troubleshooting; Communication Breakdown; Time Pressure Situational Awareness; Communication Breakdown,,Contributing Factors: Aircraft; Procedure | Primary Problem: Procedure,My partner and I found a major hydraulic leak covering the entire bottom of the tail section on the belly. We went up through the tail access door to inspect the hydraulic components since that's where the fluid seem to be coming from. There was way too much fluid everywhere in there covering everything going up to the highest point; my partner said he thought he might know where its coming from which is a hydraulic line near the engine so he wanted to partially open the patio doors. The patio doors were documented in the logbook that they were opened to F.O.M. ONLY because we had another plane we needed to catch; so we documented exactly what we did at the time being due to worrying about catching the inboard aircraft and doing the check on it. We never turned on hydraulics or even moved flight controls the entire time. Once we realized it was too involved; we let our supervisor know that the out of service crew would need to come take over and work it; as we still had another plane to come in and catch. The out of service crew never met with us and vica versa to get/give a proper turnover as to what's been done. Later on in the morning our supervisor asked us if we had turned hydraulics on and moved the elevators which we said no; as we simply just went up to check the obvious first before moving forward. /// Called to investigate a hydraulic leak at the tail section (fwd. of APU comp.) Ran electric pumps to help find the source. While looking inside tail section (fwd. stab. & reservoir comp.) my partner exercised the flight controls to possibly help expose the source (no help). We entered the tail section up towards the patio and noticed the doors were partially open. At this point; we fully opened the doors and secured the hold open rods. While checking that area for leaks we noticed damage on the left patio door and elevator tip. We promptly contacted our supervisor. Upon reaching the ground and looking up we noticed damage on the other side of the aircraft.,MD11 Technician reported the maintenance platform was left partially open causing the elevator tip to make contact with the patio door.,
1627528,ASRS Database Online custom search,"shift_change, turnover",201903,Operator: Air Carrier | Make/Model: Commercial Fixed Wing,Component:  | Problem: ,Function: Technician Technician | Human Factors: Communication Breakdown; Confusion; Other / Unknown; Training / Qualification Training / Qualification,,Contributing Factors: Procedure; Staffing; Aircraft; Human Factors; Incorrect / Not Installed / Unavailable Part; Manuals | Primary Problem: Human Factors,While taxiing Aircraft X on cabin walk through found missing access panels and overhead bins out of alignment. Bin access panels were unsecured and flight crew mentioned that they felt overhead bins should close by themselves. Found all screws for panels missing and all bins not operating the way flight crew claimed. My only reference at the time was Aircraft X so entered discrepancies in logbook and went to next assigned aircraft move. Aircraft was moved to hangar and taken OTS (Out of Service). [Updated] and Emergency Exit rows with Tray tables installed were in question.Vendor installed new interior poorly aligning overhead bins; not installing hardware and overhead bins were found to have BAM (Bin Assist Mechanisms) inoperative. When following up on Aircraft X's status was informed bin access panels were NEF (Non-Essential Furnishings); bin gaps were covered by AMM (Aircraft Maintenance Manual) reference. I expressed my concern of missing fasteners and flight crews mention of overhead bins inoperative. [Lead Mechanic] took time to look up IPC (Illustrated Parts Catalog) for access panels and informed aircraft required each panel to be secured with screws. We then looked at other [Updated] aircraft and found that BAM worked. [Lead Mechanic] called [Maintenance Engineering] and suggested Aircraft X be taken OTS upon return to ZZZ. I called [Maintenance Operations Manager] to let them know that screws were missing and BAM were probably inoperative. My only reference to missing screws and inoperative BAM was Aircraft X; I was moving aircraft. I spoke to [Aircraft Maintenance Manager]. Was contacted by (ZZZ [Maintenance Operations Manager]) 10 minutes after [Aircraft Maintenance Manager] conversation that [a second Maintenance Operations Manager] wanted an explanation of Aircraft X and if I wanted a steward present to find one. Called an agitated [second Maintenance Operations Manager] in presence of [ZZZ Maintenance Operations Manager] and steward. Started to explain to [second Maintenance Operations Manager] that I had provided [Aircraft Maintenance Manager] with; [second Maintenance Operations Manager] made it clear I would explain myself and my inaction. After explaining Aircraft X's condition was told by an angry [second Maintenance Operations Manager] I should call FAA and self disclose that I let an aircraft fly out of configuration and file a report on my behalf. [Second Maintenance Operations Manager] then explained that I would be meeting Aircraft X when it reached ZZZ and correct my inaction. In my opinion [second Maintenance Operations Manager] tried to intimidate; pressure me and put blame on me for Aircraft X's condition.Outsourcing of Aircraft maintenance is a big part of this occurrence. Turnover and face to face with shift change on aircraft condition. /// I decided to review OTS (Out of Service) on [web based system] for status of [updated] Evaluation visits at various stations.I noted that ZZZ Maintenance mentioned in an [web based system] update that [Engineering Order JXXXXXX] does NOT apply to Aircraft X. The aircraft was returned to service. This aircraft is in fact currently configured in the [updated] configuration. While the applicability status of this particular [Engineering Order JXXXXXX] revision is true; I questioned what other [Engineering Order] revisions might apply to this aircraft. According to [Maintenance Computer System] was accomplished at ZZZ1 on [previous year]. By the basic criteria applied to other aircraft; Aircraft X may fit the criteria for evaluation of the [update]. Review of the OTS History reports indicated that this aircraft has not had said evaluation complied with at any [company] maintenance station. If this condition is true; this aircraft needs to be evaluated in the same manner as all 14 other aircraft that were modified at ZZZ1 are being inspected.Apparently selection of the aircraft requiring evaluation of the [update] may have been based upon status of later [Engineering Order] revisions. [Engineering Order JXXXXXX] is an active revision. [Engineering Order] revisions [JXXXXXX] and [JXXXXXY] are marked as 'retired' and not viewable in the Currently Active [Engineering Order] search online.,Aircraft technicians reported incorrect installation of interior modification by air carrier outside vendor as well as miscommunication and incorrect information in maintenance systems.,
1660606,ASRS Database Online custom search,turnover,201906,Operator: Air Carrier | Make/Model: B737-800,Component: Elevator | Problem: ,Function: Technician Technician | Human Factors: Training / Qualification; Communication Breakdown; Confusion Confusion; Communication Breakdown; Training / Qualification,,Contributing Factors: Procedure; Chart Or Publication; Human Factors; Manuals | Primary Problem: Human Factors,We were tasked with removing the Right Hand elevator assembly from Aircraft X due to a lightning strike. We removed the assembly and on the work bench transferred the trim tab and associated hardware to the new elevator assembly. We then turned over the installation of elevator to [the day shift].At the beginning of our shift [the next day] we took a turn over from [evening shift]. Evening [shift] had installed the elevator and told us that a bushing was being AOG'd (Aircraft On Ground) to install in the #2 hinge because it was missing or misplaced. After we received the bushing and installed it the Inspector asked us if we or the previous shift had verified the trim tab balance weights. We confirmed that we didn't nor did we know if the previous shifts had verified the correct weights. The Inspector then requested that we re-open the #2 balance bay panel to verify. After open up the Inspector and aircraft maintenance technicians confirmed that we were taking off the correct weights per the AMM (Aircraft Maintenance Manual) illustration.We then accessed the weights and noticed that it had 3 locations with 3 weights each. The old elevator had 3 locations with 2 weights each. So we had to remove a total of three weights from the new elevator. We then closed up the access panel and proceeded on with operational checks. It was discovered [one week later] when working a Left Hand elevator remove and replace on [another aircraft] that the incorrect weights were removed from the elevator on Aircraft X [serviced the week before]. The Inspector and aircraft maintenance technicians noticed that we had removed elevator balance weights rather than trim tab balance weights which are adjacent to them on the lower side of Aircraft X. Contributing factors are aircraft maintenance technicians working on an elevator remove and replace for the first time. The AMM illustration was misinterpreted which caused the incorrect weights to be removed. Create a [Maintenance Task] so that procedures aren't missed in the future. /// We removed the Right Hand elevator the night previous to the incident and transferred the trim tab to the replacement elevator and turned the job over to the day shift. At the beginning of the shift I was assigned to install the right hand elevator with my coworkers. Inspector requested that we open up and check the weights for the trim tab. At this point the day shift had already installed the access panel to the #2 Balance Bay. Once we removed the panel we inspected for weights and did not see any at which point the Inspector suggested that they were on top. So we gained access to the other side of the elevator. The Inspector found that the incorrect weights were installed and that we should match the weight from the removed elevator. One weight was removed from each stack to make a total of three weights removed.At this point the Inspector was satisfied; we closed up and we carried on with the rest of the tasks. Where I made my mistake was I assumed that the people that I was working with were using the manual and that the correct procedures were being followed. I did not ask if this was the case. It turns out the wrong weights were replaced and that the proper balancing procedure was not accomplished. This was discovered the following week by the same Inspector on the same job but on a different aircraft when he observed the mechanics doing the proper balancing procedure.I believe this incident could have been avoided if a Maintenance Task existed for this task. There are a lot of steps that need to happen to remove and install an elevator; as well as a lot of people involved. This leads to confusion as to how to break down the job using [Maintenance] forms.,Air carrier Maintenance Technicians reported incorrectly removing wrong balance weights from elevator on B737-800 aircraft.,
1677139,ASRS Database Online custom search,turnover,201908,Operator: Air Carrier | Make/Model: B737 Undifferentiated or Other Model,Component: Turbine Engine | Problem: Malfunctioning,Function: Technician  | Human Factors: Situational Awareness; Workload; Training / Qualification; Communication Breakdown ,,Contributing Factors: Procedure; MEL; Human Factors; Aircraft | Primary Problem: Human Factors,Aircraft X #2 engine flown with known problem from ZZZ to IAH. Maintenance Control wrote a write up that right engine had an exceedance light on when engine was not running; wanted us to do FMC (Flight Management Computer) Test on EEC (Electronic Engine Control) Right Engine. The results of the test were two faults. The results drove the aircraft out of service here at IAH; first ETR (Estimated Time of Repair) set at XA:00 today; probe cleaning and or replacing. When Maintenance Controller was asked why they let the aircraft leave ZZZ that way; he stated that during shift turnover; the problem was forgotten about. Someone had to reset the red light and the box around the EGT gauge in cockpit. Bottom line is they flew the aircraft with a known Engine Out of Service condition from ZZZ to IAH illegally.,Technician reported an aircraft flew with an engine that was supposed to be out of service.,
1683812,ASRS Database Online custom search,turnover,201908,Operator: Air Carrier | Make/Model: Regional Jet 700 ER/LR (CRJ700),Component: Flap Control (Trailing & Leading Edge) | Problem: Malfunctioning,Function: Technician  | Human Factors: Confusion; Time Pressure ,,Contributing Factors: Aircraft; Human Factors; Procedure | Primary Problem: Human Factors,The flap fail caution message occurred due to the disconnection of the right torque tube from the PDU (Power Drive Unit) motor. At ZZZ airport; we received a turnover from day shift where Aircraft X had a flap fail caution message. We were dispatched to work on it for that evening. Our work compromised of finishing the installation of the BPSU (Brake Position Sensing Unit) on the right side; due to right flap misalignment the flaps needed to be manually retracted to achieve correct configuration. The flaps were mechanically and electrically rigged per AMM (Aircraft Maintenance Manual) instructions and the torque tube was connected and my confirmed installation by my colleague which is the RII (Required Inspection Item) [certified personnel] on duty through the tug test per AMM and the measuring mentioned on the [work order]. The BPSU was installed per AMM instructions which required mechanical and electrical rigging which were performed correctly per AMM instructions. The torque tube was installed correctly per AMM instructions and was confirmed installation by my colleague which was the RII [certified personnel] on duty through the tug test and measured per the [work order]. After verification of correct installation and configuration we closed all panels complying with FOD check and moved on to the operations check. We performed an operational check of the flap and slat system per AMM instructions for at least 7 times consecutively and no message onboard or issue and the repair was good per AMM standards. Performing a separate documentation that states the removal; installation; and tug test of the torque tubes to reassure every component is installed and documented correctly.,CRJ700 Maintenance Technician reported improper documentation of maintenance.,
1686275,ASRS Database Online custom search,"shift_change, turnover",201909,Operator: Air Carrier | Make/Model: B737-900,Component: Air Conditioning and Pressurization Pack | Problem: Failed,Function: Technician  | Human Factors: Communication Breakdown; Time Pressure; Workload ,,Contributing Factors: Aircraft; Company Policy; Human Factors; Procedure | Primary Problem: Company Policy,I was working in hangar and was told to help move Aircraft X and Aircraft Y into [another] hangar. I was told there were no leads nor mechanics working in that hangar. Aircraft X was towed to the hangar first at around XA30hrs. Aircraft Y followed at around XB30hrs. While waiting for Aircraft Y to arrive; I noticed a large area of prior lightning strikes; on the aircraft's right side; that had been repaired. While looking at the repairs; I was walking towards the right ram air door and pushed in on it. There's a prior Fleet Engineering Directive on them and I knew we've been having many planes come into hangar with them bad. When I pushed on it; it moved inward; which meant it was bad. I checked the left side and it was good. A short while later Aircraft Y was pulling up; so while we (the move team I was on) was waiting to receive the aircraft; I took a look at the ram air doors and found the right one bad on it too. After the aircraft was in the hangar; the move team [and I] all went back to our hangar. I waited a short time for a computer to become available so I could look up to see if the ram air doors on the two aircraft weren't already written up. Once I learned that there wasn't any open log pages on them; I decided to write them up. After I wrote them up; I went back to my work assignments. I was waiting for an EEC (Electronic Engine Controller) to arrive to install it on the aircraft in hangar. About an hour later; I was approached by my Supervisor and asked about my write-ups. I told him about them and he walked away. About 15 minutes later; he comes back up to me and tells me to go get started on my write-ups and so I got my tools and walked over to [other] hangar. I started working on Aircraft X by filling out tags and removing panels. By this time it was shift change and the graveyard shift had come onto the floor and I gave my turnover to the mechanics working my write up. I went back to hangar to update my work I had just performed. A few minutes later Supervisor came into the computer room telling me to go to [other] hangar to fill out a Fact Finding Sheet. I told him that I was still signing my work off. He persisted for a few minutes to tell me to go. By this time it is getting close to the end of my shift so I told him I am not staying over; I will fill one out when I come back in to work. A few more minutes go by and Shift Manager comes blasting through the computer room door where I'm still updating my work performed and he starts yelling and badgering me to GO NEXT DOOR AND FILL OUT THAT FACT FINDING SHEET! This went on for another minute until he tells me to give him my badges and he is going to punch me out. After another minute; I finish my updates and I am escorted by Shift Manager to [other[ hangar Supervisor's office. Just prior to entering the office; Union Steward meets me and I briefly explain the situation to him. Union Steward and I enter the office where Shift Manager then leaves and I am met with a barrage of questions and allegations from Supervisor and [another] Supervisor ([other] hangar Supervisor) about my write-ups. After the fact finding sheet was completed; I walked over to hangar and washed up and went home.,Technician reported that after checking several aircraft; he found them to have malfunctioning RH ram air door actuators requiring replacement and made logbook entries; after which Company Management berated him for doing so.,
1688279,ASRS Database Online custom search,turnover,201909,Operator: Air Carrier | Make/Model: A319,Component: Fan Reverser | Problem: Malfunctioning,Function: Technician Technician | Human Factors: Training / Qualification; Communication Breakdown; Time Pressure Time Pressure; Training / Qualification,,Contributing Factors: Company Policy; Equipment / Tooling; Human Factors; Logbook Entry; Aircraft; Manuals; Procedure | Primary Problem: Procedure,Working at the terminal in training status as assigned by ZZZ training coordinator. It was brought to my attention that aircraft XXXX on landing at ZZZ1 flight XXXX had no thrust reverser operation on #1 engine. The previous evening I worked log page XXXXXXX air engine 1 hp valve fault. I was assigned to pick up this job already in progress and started by afternoon shift on gate C20. My direction issued by my lead was that this job was previously in progress to MEL for a live flight but midnight shift was given a turnover to replace the HP and PRV valves troubleshot by afternoon shift; and the aircraft flight was changed to RON status.When we arrived at gate C20 #1 Engine was open and the LH T/R was open. The move crew was already at gate C20 prepping to move the aircraft to C26. There was some discussion in planning the logistics for the job and why it was necessary to move the airplane to a different gate while the job was already started and the engine was open. As a result; the engine had to be closed to move the aircraft. As the job progressed; we reopened the engine; replaced the HP and PRV valves; completed operations checks and closed engine for run.It was discovered in ZZZ1 that the HCU for #1 engine was deactivated with a lockout pin. While I worked the aircraft I was unaware the HCU was locked out and I did not install the lockout pin in the HCU. No streamer associated with this lockout pin was visibly noted that is typically attached to the HCU lockout pin. And it should be noted that if the correct streamer associated with the lockout was used; it would have been easily discovered due to a very long length streamer. We locked out the entire aircraft in a powered down state; with flip chart placed in center pedestal noting do not flip any switch.An update to log page XXXXXXX stating locked out #1 engine T/R HDC for maintenance on HP valve was determined to only be the lockout for the HP valve as defined in the MEL 36-XX-X-X. It appears the shipset lockout pin was used to deactivate the HCU and was not removed upon job completion due to the confusion on job turnover from shift to shift; repositioning the airplane to a different gate; failure of no verbal turnover from the afternoon shift to midnight shift mechanics; and the impact of working in inclement weather.A separate log for each device locked out. The ship set lockout pin be replaced and maintained with a long enough steamer so it cannot be missed. /// It was brought to my attention aircraft XXXX on landing at ZZZ1 had no thrust reverser operation on #1 engine. The previous evening I worked log 'air engine 1 hp valve fault' I was assigned to pick up this job already in progress and started by afternoon shift on gate XX. My direction issued by my lead was that this job was previously in progress to MEL for a live flight but midnight shift was given a turnover to replace the HP and PRV valves troubleshot by afternoon shift; and the aircraft flight was changed to RON status.Initially; I started this job task by looking up necessary parts prior to going to the aircraft. While looking up the HP valve and PRV there was needed clarification that required me to contact [Maintenance Control] for verification of part identification. While working with my partner; the lead and [Maintenance Control] there was approximately delay of an hour to sort the issue.When I arrived at gate C20 #1 engine was open and LH t/r was open. Move crew was already at gate XX prepping to move aircraft to XX. There was some discussion in planning the logistics for the job and why it was necessary to move the airplane to a different gate while the job was already started and the engine was open. As a result; the engine had to be closed to move the aircraft. As the job progressed; we reopened the engine; replaced the HP and PRV valves; completed ops checks and closed engine for run. It was discovered in ZZZ1 that the HCU for #1 engine was deactivated with a lockout pin. While I worked the aircraft I was unaware the HCU was locked out and I did not install the lockout pin in the HCU. NO streamer that is typically attached to the HCU lockout pin was present; and it should be noted that the streamer associated with the lockout of this device has a very long length that is easily detected. We locked out the entire aircraft in a powered down state; with flip chart placed in center pedestal noting 'do not to flip any switch.'An update to log stating 'locked out #1 engine t/r HDC for maintenance on HP valve' was determined to only be the lockout for the HP valve as defined in the MEL. It appears the ship set lockout pin was used to deactivate the HCU and was not removed upon job completion due to the confusion on job turnover from shift to shift; repositioning the airplane to a different gate; failure of no verbal turnover from the afternoon shift to midnight shift mechanics; and the impact of working in inclement weather.,Technician reported that the #1 engine HCU was locked out by the previous shift and was not documented; subsequently the aircraft flew with the lockout pin still in place.,
1706751,ASRS Database Online custom search,turnover,201908,Operator: Air Carrier | Make/Model: B737-700,Component: Engine Indications | Problem: Improperly Operated,Function: Technician  | Human Factors: Workload ,,Contributing Factors: Aircraft; Human Factors; Procedure | Primary Problem: Human Factors,I received a turnover that Aircraft XXX in ZZZ had a Right Engine exceedance. The previous Controller had talked with them and explained to them what needed to be done. When I took over; I was busy with other aircraft and was waiting to get an update from ZZZ. After I got caught up; I checked and the aircraft had departed. The item was signed off as EGT red box reset and inspection of the inlet and the exhaust. Knowing that this items are a chronic issue with the fleet and that the Inspection was not properly conducted per the AMM. I created a log entry to have the EEC interrogation accomplished to see if the faults still existed. I made the decision to stop the aircraft in ZZZ1 to be repaired. The EGT system on the 737 is a chronic known issue with the fleet. In retrospect; I should have locked the log item. This would have prevented the mechanic from clearing the item without getting Maintenance Management concurrence. Any item that needs Maintenance Management follow up should be locked by the Controller in charge and not unlocked until there has been verification that all the necessary steps have been accomplished.,Maintenance Technician reported an aircraft with an engine exceedance departed before the appropriate inspection could be accomplished.,
1744011,ASRS Database Online custom search,turnover,202005,Operator: Air Carrier | Make/Model: A320,Component: Turbine Engine | Problem: Improperly Operated,Function: Technician  | Human Factors: Communication Breakdown; Confusion; Distraction; Troubleshooting; Workload ,,Contributing Factors: Procedure; Logbook Entry; Aircraft; Company Policy | Primary Problem: Procedure,I was made aware that Aircraft X had undergone and engine run of both engines on date with No oil in either engine or gearboxes.I was informed that my name had come up as having signed and Task Card for draining both engines of oil and that the cockpit was not tagged per the AMM.I did NOT drain the tank or apply any part of the AMM regarding LOTO.The following is my statement regarding the sign offs of the Task card; and subsequent actions involving me directly.On date; I was assisting Mechanic during an Aircraft Storage Prep of Aircraft X. There were some initial questions regarding compliance with Block 10 of the Task card as it relates to draining the oil.After discussions with our lead mechanic; we decided that since it was late in the shift and to avoid any questions for the oncoming shift regarding what needed to be done I signed off the item at BLOCK 10 on the iPad (actually B2 on archived copy) and made a write up with directive instructions for a pass down of what needed to be done going forward. After Log Page creation; midnight shift signed for the draining of the oil per the AMM and the next day the Log page was closed out after the remaining items in the initiating text were accomplished. We had also had discussed the extreme possibility that someone MIGHT run the engines with empty tanks and that Mechanic would; in addition to work accomplished by midnights; make an OPEN log page item for increased Logbook visibility of the empty tanks on both engines.Mechanics are obligated to properly document all work accomplished and defects noted. ANY new write-ups or updates to existing logs should have been made immediately and the supervisor notified. READ all associated Log Pages; AMMs; Job Instructions etc and UNDERSTAND what is being done and why. If there are ANY questions; mechanics should STOP until the actions to be taken are understood. In conclusion; KNOW the status of the aircraft by reviewing the log book; and crew turnover/briefing as necessary. Its should be emphasized to all Run crews; the importance of the proper use of checklists. Run mechanics are the critical link in this series of errors that could have prevented the run from taking place. Lastly my personal and professional opinion is that these two engines may not be safe for continued operation Especially the left engine. Why? Due to the inability to actually verify with no margin for error what internal damage could have occurred by running engines with No oil in the tank OR the gearboxes. Verbal or written recollections should be suspect; unless it can be backed up with run data possibly captured by the aircraft systems for verification of statements made about this event. If the NO OIL situation was missed; what makes Company; FAA feel justified that the rest of the statements are true with no corroboration. Safety of the equipment should be of prime concern here. Err on the extreme side of Safety Please.,Technician reported aircraft engines were operated without oil during preservation for aircraft storage.,
1746382,ASRS Database Online custom search,turnover,202006,Operator: Personal | Make/Model: Beechjet 400,Component: Traffic Collision Avoidance System (TCAS) | Problem: Malfunctioning,Function: Technician  | Human Factors: Distraction; Fatigue ,,Contributing Factors: Human Factors; Procedure; Aircraft | Primary Problem: Procedure,While performing maintenance employed for Company; I was assigned to Aircraft X and was troubleshooting an ADS-B Fail on the aircraft. Part of the procedure is to put the aircraft in a 'wheels up' configuration. I disconnected both Proximity Switch Arms and placed the Arms on the reassembled bolt; washer; and spacer assembly to facilitate this action. I failed to place a marker streamer on the disconnected parts at the time they were disconnected. I was distracted because I was on the phone with tech support at the time I disconnected them and I intended to get back to the aircraft to install the streamers at a later time. I then continued to troubleshoot with the aircraft in the 'Air Mode'. Later in the morning; two additional technicians arrived at the aircraft to assist in the ADS-B troubleshooting. Around noon; I received a call for another AOG aircraft and gave a verbal turnover to the relieving technicians so I could work the other aircraft. During the verbal turnover; discussions were made briefly about the squat switches being disconnected but the majority of the turnover revolved around the complexity of the ADS-B failure to be worked and that we need to replace the GPS antenna. After working additional aircraft in ZZZ that day; I came back to the aircraft and powered the aircraft up and ADS-B Fail was gone. I worked on a couple of other discrepancies and then I signed the paperwork to release the aircraft. This failure in communication; specifically the emphasis on the squat switches being disconnected; distraction of other aircraft to be worked; and resulting failure of operational norms by not attaching a streamer resulted in the squat switches being left disconnected. I also have to state that it was a long week and I worked 18 hours the day before so fatigue may have also been a contributing factor. To prevent this from happening again in the future; I need to ensure that streamers are always installed on all removed; disconnected; or displaced parts or components immediately. I could also document that streamers are installed.,Technician reported not installing streamers on landing gear after disconnecting squat switches and not reconnecting the squat switches after ADS-B maintenance.,
1749921,ASRS Database Online custom search,turnover,202007,Operator: Air Carrier | Make/Model: A321,Component: Oil Cooler | Problem: Improperly Operated; Malfunctioning,Function: Technician Captain; Pilot Not Flying | Human Factors: Communication Breakdown ,,Contributing Factors: Human Factors; Procedure; Chart Or Publication; Aircraft | Primary Problem: Human Factors,Went out to Aircraft X for turnover; there were 6 mechanics assigned to do the workload. There was a [Malfunction A] and a [Malfunction B] that needed to be changed. There was one mechanic from swing shift at the airplane. The swings mechanic was asked which engine had [Malfunction A] and what engine had [Malfunction B]. The swing shift mechanic said [work on Malfunction B] was done and gestured towards the #2 eng - which the removed [component] was placed near the paperwork table by the # 2 eng. The #1 eng needed [Malfunction A addressed] which we were standing next to during the turnover. I assumed [Malfunction B] was on #2 eng that needed leak check. We finished up [Malfunction A] on #1 eng and pushed out plane and leaked checked #2 eng. The A/C left ZZZ and lost oil pressure on #1 eng. Then diverted to ZZZ1. Actually the #1 [component] was changed and was the eng that should have been leak checked. The write up in the log book for tracking purposes did not specify what eng it was; the job card did not specify what engine and I was going by the swing shift turnover which the mechanics that changed the [component for Malfunction B] were not present.A lack of communication between mechanics; leads; supervisors. The mechanic that performed the job was not present on what eng or what needed to be accomplished. So I assumed only leak check on #2 eng was all that was needed so we just focused on [fixing Malfunction A].Better communication; Eng clarification of Job card. /// I was PF (Pilot Flying) climbing through FL 270 when we got an indication of low oil qty on L engine. FO (First Officer) took over as PF while I linked through Dispatch to [Maintenance Control]. It was decided that with all other indications being normal; we would continue. Ten mins later; oil pressure started to drop slowly so we turned around to air abort back to ZZZ. After 10-15 mins oil press dropped enough to trigger an ECAM alert which called for engine shutdown. ECAM and QRH were completed to secure the engine while we [coordinated] with ATC and request to divert to ZZZ1 which was the closest airport. Dispatch was notified and coordinated our arrival there. We made a visual approach to Rwy XX with myself being PM (Pilot Monitoring). We landed at max landing weight with plenty of rwy. Taxied clear of the active to have ARFF (Airport Rescue and Fire Fighting) inspect us before we taxied to the gate under our own power. Oil was evident under the L engine as noticed by ARFF. Once at the gate; we deplaned the pax and Mx took over the a/c.The a/c hadn't flown in a few days and had some Mx work done. It was difficult to determine whether the indication of low oil quantity was correct until it was verified by low oil pressure. Maintenance oversight?,A321 Flight Crew reported a loss of oil quantity followed by loss of oil pressure causing the number 1 engine to be shut down and a diversion.,
1753006,ASRS Database Online custom search,turnover,202006,Operator: Air Carrier | Make/Model: Commercial Fixed Wing,Component: APU | Problem: Malfunctioning,Function: Technician  | Human Factors: Time Pressure; Workload ,,Contributing Factors: Aircraft; Human Factors; MEL; Procedure; Company Policy | Primary Problem: Procedure,I along with NAME; were assigned to Aircraft X. The aircraft was turned over from 2nd shift. There was an APU MEL that was troubleshot by NAME1. He informed me what was found per T/S and told me; 'Oh BTW the #2 tire is bad'. I was wondering if it was bad; why wasn't it in the logbook? The tire was indeed worn. Workload consisted of a Service Check; APU Start MEL; and TAC for #2 brake. In addition to those items were a VHF #3 inbound write-up that wasn't relayed to the lead. Our night began around 0000. According to the lead; who texted me @ 0014; the order of agenda were the Service Check; TAC; and APU MEL. Once the check was started; there were findings that needed to be addressed or that would have resulted in a gate call in the morning. The items consisted of both NLG tires; Captain/First Officer glare shield light relamping; FWD galley Flight Attendant flashlight strap broken; Torn Aft cargo compartment net; Row 23 ABC sidewall lights need relamped; and #2 MLG tire worn. We informed the lead on shift (NAME3) that we needed the brake in order to take care of the TAC. He told NAME and I that it was ordered and would come from the warehouse and would be dropped off at the gate. The lead said that he would try to get us some help to change the brake. In the meantime; NAME and I went to lunch once the lead told us the brake would come later. When we returned from lunch; we researched the IPC and AMM references for the cargo net and nose tires. We replaced the cargo net and NLG tires. We gathered the tire and equipment for the brake. At that time we were still waiting for the brake. We worked the remaining logbook entries; found the inbound regarding the VHF 3 bleed through to VHF. NAME and I researched the TSM for VHF bleed through; but did not have enough time to find proper TSM; we were only able to find VHF ops check. We performed VHF ops check which found no faults; but did not sign off due to not having right TSM reference. We had no time to replace tire and brake; which arrived at from the warehouse; and we went to the office to enter in paperwork and turnover. Once we got to the office; the supervisor; NAME4; began inquiring and interrogating myself and NAME about the brake and the APU MEL. We told him there were items that were addressed per the Service Check in addition to the VHF 3 write-up. He accused my partner and myself of deliberately taking the aircraft out of service; when we were simply doing our job; which is what we were written up for on date. The 2nd lead on duty; NAME5; was made aware that the aircraft was more than likely going to be OTS. For whatever reason; the supervisor called the aircraft out of service later in the day. A get-it-done by any means mindset from the supervisors down to the 3rd shift leads. The climate is totally different on 3rd shift than it is on 1st and 2nd; which is my regular shift. I can work on days and not have to worry about being written up for my job performance; which I have never had an issue in X years with the company. I have made observations and mechanics on 3rd can attest to the pressure and bullying that they have to work under from the leads and management.I have worked tirelessly along with my counterpart to ensure we work under safe conditions and an environment that's conducive to getting the job done; safely and efficiently. There is no regard for safety and well-being of mechanics whatsoever. We recently had a mechanic return to work after being out Y months with head injury. Leads have continued to assign individual; as well as others to planes on remote pads. Once asked about continuing to put the above mechanic in harms way; the lead's (NAME6) response was 'He'll take responsibility if anything happens to him'. With the current climate along with our responsibility; mechanics should not feel additional and constant pressure regarding their jobs from management. This supervisor has been notified on many occasions in the past about his work practices;which include creating a tense; stressful; hostile and unsafe work environment for maintenance personnel; intimidating and bird-dogging mechanics; as well as contacting the mechanics instead of going to his leads for A/C status. Morale has taken a toll in which mechanics have no faith and trust in the leads and management. I myself have had recent health issues in which stress from this incident have resulted in taking time from work in order to address. To avoid reoccurrence of any future events would require the supervisor to be reassigned to another work group or terminated.,Technician reported a lack of awareness by leadership and lack of support from them caused an aircraft to go out of service; resulting in unreasonable discipline.,
1756044,ASRS Database Online custom search,turnover,202008,Operator:  | Make/Model: Commercial Fixed Wing,Component:  | Problem: ,Function: Technician Technician | Human Factors: Situational Awareness; Time Pressure; Workload; Fatigue; Communication Breakdown Situational Awareness; Workload; Time Pressure; Fatigue; Communication Breakdown,,Contributing Factors: Company Policy; Human Factors; Staffing | Primary Problem: Human Factors,During my shift [I] was tasked to complete slat adjustment on #11 slat. A few hours in it was noticed that the outboard target on the auxiliary track was not lining up with its sensor. A quick glance at the adjacent slat seemed to confirm that the targets were not in the correct position. Being under pressure to get the aircraft out we swapped the positions and pressed on with the adjustment test without doing our due diligence and verifying with the AMM (Aircraft Maintenance Manual). Several hours later we were about to lose the 2nd shift inspector for the night so we had to rush to catch up paperwork for his stamp before he left for the night and we continued on with the 3rd shift. At that point we were so focused on the adjustment steps we had done we forgot about the target swap and failed to document it. Had we remembered; the improper installation would have been caught and corrected and this problem never would have occurred. We continued on with adjustments for several more hours doing sensor gap checks and PSEU/FSEU (Proximity Sensors Electronics Unit/Flap Slat Electronics Unit) electrical checks that all passed.We were under incredible pressure to get the plane out. Because of a lack of training and ability in our 1st and 3rd shifts; we were not allowed to turn any of this work over to them and so [that day we] were pressured to work it until it's done. [A] lack of accountability in some members of all shifts who only give the bare minimum of effort translates into a lot of pressure put on just a few leading to poor morale; fatigue and lack of focus that translates into mistakes. Being told that we have to get the majority done so that the next shift only has to worry about putting on panels because 'they don't know how to do it' is getting to be a frustratingly common occurrence. It leads to [having] tunnel vision on getting the job done that critical steps get missed. Things like just catch the paperwork up at the end so you can keep your momentum become standard instead of documenting as you go. Even when things outside of our control occur; inflexibility in the deadline and an 'it is what it is' attitude conveyed from above keeps the pressure on. This check was no different in that a ramp incident with our next AC (Aircraft) dropped it here ahead of schedule; so there was no give on our launch date even with some late findings and when it was obvious we weren't going to make it was just time to turn up the heat. Day 1 of a new check isn't much better as we are told to work as much as possible early to avoid the crunch; but then we do not receive a lot of our required parts until the end of the check. So no matter what we always feel behind.[I suggest] first; better training on all shifts so work like this can be continuously worked instead of left to only one group. That could have a big impact on the pressures of being rushed at the end of every C check. Second would be real accountability for underperforming staff who by lack of effort are putting more work on others. Everyone pulling equally would improve moral and lead to less crunch at the end of a C check. [Another suggestion is] better [and] timelier sourcing of parts/materials to once again; better space our work flow so we are not always up against it at the 11th hour. These things would go a long way to reducing the stress that impacts morale and invites mistakes. Another thing would be to place a large emphasis on mechanics using partial sheets as they are intended to be used. We tend to get complacent about just working and catching the paperwork up at the end and this leads to things being missed or forgotten. Individual mechanics making the entry at the time the inspector witnesses a step and having it bought then will eliminate the possibility of things being missed or forgotten. /// We were in a time constraint to get the airplane out; and noticed that one of our slat targets was loose. We copied the target locations on slat 10 and swapped targets on 11 to mirror 10. We were being pushed to work faster to meet our deadline and instead of looking at our maintenance manuals we just carried on with our rig procedure. We tested our gaps and even did a near far test on our targets to make sure that they were in the right place working properly. We forgot to document the target swap but we did sell off all of our adjustments and rigging procedures.Out of 3 shifts our shift was the only one working this slat issue. During the time of giving turnovers; we were given the same response every time of 'my guys don't have enough slat experience to be able to pick up from you'. Our morale was down as well seeing that a few of our coworkers were not only taking longer breaks than us but quitting work early to clean up their boxes; stopping work; and leaving on time while only a dedicated few work over; to try and get the plane out on time. These individuals are always the first to leave no matter the situation; and after being worked hard all week; put most of my other coworkers in a foul mood to just get it done. I was sore tired and just wanted to be done so I wouldn't have to work my weekend away to send the airplane out.,Aircraft Technicians reported that proper documentation was not done following slat repair.,
1761698,ASRS Database Online custom search,turnover,202009,Operator: Air Carrier | Make/Model: EMB ERJ 170/175 ER/LR,Component: Aircraft Cooling System | Problem: Malfunctioning,Function: Technician  | Human Factors: Communication Breakdown; Troubleshooting ,,Contributing Factors: Aircraft; Human Factors; MEL; Procedure | Primary Problem: Human Factors,I was told to go to the gate at ZZZ airport to inspect a write up on an ERJ175. The write up stated that the pilots were not able to get cool air in the cockpit during cruise; but the packs worked and blew cool air on ground. It was written up previously and was a repeat write up. Because this was a repeat and there were no EICAS (Engine Indication and Crew Alerting System) messages reported; I decided to interrogate the CMC (Central Maintenance Computer) for active faults and faults stored on the previous flight. I found two fault codes on the current leg as active with no inactive time stamp showing it was resolved. I then went to active faults and both codes were stored as active there as well. The two fault codes were 21000020AM2 and 21000030AM2. Following the FIM (Fault Isolation Manual); the problem was a fault with SPDA (Secondary Power Distribution Assembly) 2 Module 26. I inspected the MEL (Minimum Equipment List) list and there was no deferral for this item. I informed my lead and ordered parts needed for repair. The parts would not arrive until the next morning so I was told it would be days. Shortly after arriving at work; I was informed that it was signed off as left pack deferred and flew out. Looking at the fault codes; the fault was for more than just the pack system which made it non-deferrable.Days did not follow the turn over stating that the faults were active and that the problem was with the SPDA 2 Module 26. They also did not look up fault in FIM and followed the procedures. This allowed for a broken plane to have a different part to be deferred while the actual problem was not addressed. Mechanics need to follow manuals and carefully read shift turnover.,Aircraft Technician reports that an incorrect aircraft part was deferred per Minimum Equipment List.,
1767009,ASRS Database Online custom search,turnover,202010,Operator: Air Carrier | Make/Model: Commercial Fixed Wing,Component: Potable Water Storage; control; indication | Problem: Malfunctioning,Function: Technician Technician | Human Factors: Communication Breakdown; Time Pressure; Training / Qualification; Troubleshooting Troubleshooting; Communication Breakdown; Confusion,,Contributing Factors: Human Factors; Aircraft; Logbook Entry; Procedure; Manuals | Primary Problem: Procedure,Had Aircraft X assigned to me and Mechanic on my shift DATE third shift. Aircraft X had an inbound write up for potable water system inop. The t/s was started on first shift DATE and continued thru second shift. Parts was changed and panels remove but when I got aircraft assigned to me and my work partner there was no work turnover in the log book or no form 10194. My work partner and I was expected to continue work on the issue with on clear understanding with what work was actually done. The event occurred because of improper turnover.Document work that is done. /// I was assigned Aircraft X with NAME1. I was informed by my lead that there was an inbound discrepancy which was worked by 1st and 2nd shift and that parts were changed. I asked where are turnover was at; which is supposed to be documented on a company form; I was informed there was none and that he was given a verbal turnover only. I immediately informed my supervisor. We then went out to aircraft to perform RON service check and found multiple cargo panels removed which just confirms maintenance was being worked and not documented. The event occurred due to maintenance being done accomplished on Aircraft X with none of it documented. This happened across 2 shifts.Supervision and Leads/Crew Chiefs need to make sure all turnover is documented per company policy.,Technicians reported an aircraft in work did not have required documents and logbook entries for a pass down task completed.,
1788313,ASRS Database Online custom search,turnover,202102,Operator: Air Carrier | Make/Model: Commercial Fixed Wing,Component:  | Problem: ,Function: Lead Technician; Technician  | Human Factors: Communication Breakdown ,,Contributing Factors: Human Factors | Primary Problem: Human Factors,Upon completion of work on the aircraft; we boxed up our three pieces of tooling with no HAZMAT to return with us on the first ZZZ1 flight. We attached the SLI (Shipper's Letter of Instructions) labels as required and moved them to the far left of the baggage cart that we were provided. We then moved the three hard containers with visible HAZMAT labels and no return paperwork on them to the far right of the baggage cart. We then took our escort over to the baggage cart and showed her the form and explained to her that the three boxes on the left of the cart with our tools and the SLI labels needed to be sent on the first ZZZ1 flight in the morning; and the three hard containers on the right side of the cart were labeled HAZMAT and needed to be sent through the freight house for HAZMAT shipping. We then asked her if we needed to move the cart to a secure area and she said to leave it where it was. We again; reiterated the importance of making sure the HAZMAT items were not shipped with our tooling; and asked her to make sure and leave a turnover if she was not going to be available in the morning. We still had to scan paperwork to Maintenance Control; and I failed to give her a copy of step 3A after confirmation from Maintenance Control that they received all documents. After going through security in the morning we asked the Operations Agent on the ZZZ1 flight to confirm that our three boxes of tooling and only our three boxes of tooling were on the plane. Due to TSA requirements; we are unable to go down to the ramp to confirm or review shipping procedures once we have been screened.,Air Carrier Contract Maintenance person reported improper shipment of Hazmat material due to a communication breakdown between maintenance and the shipping personnel.,
1803645,ASRS Database Online custom search,turnover,202104,Operator: Air Carrier | Make/Model: A319,Component: Oil Storage | Problem: Malfunctioning,Function: Technician Technician | Human Factors: Workload; Time Pressure; Communication Breakdown; Situational Awareness Communication Breakdown; Time Pressure; Troubleshooting; Workload,,Contributing Factors: Manuals; Equipment / Tooling; Aircraft; Procedure | Primary Problem: Procedure,My partner and I were assigned to install the IDG on Aircraft X; from the turnover on midnight shift. We proceeded to Bay 2; and attempted to install; and had some difficulties getting the IDG to mount to the gearbox. We had a crew chief come out and assist us with the installation; and after a bit; we moved the quad ring and got the IDG to mount. We then completed the installation; pushed the aircraft; and ran the engine twice. The first run was to verify the disconnect of the IDG worked; and the second time was to verify it was reset properly. There was a crew chief and another 2 AMT's doing the leak check; and no leaks were noted. The cowlings were closed; and we then taxied the aircraft to the gate. We did a post taxi walkaround; and saw no leaks and or fluid coming out of the engine. We were notified of engine oil loss during flight from the gearbox pad cover not being installed. At no time did we notice the pad cover off; nor were we told it was removed during the installation. /// My partner and I were assigned to install the IDG on Aircraft X; from the turnover on midnight shift. We proceeded to Bay 2; and attempted to install; and had some difficulties getting the IDG to mount to the gearbox. We had a crew chief come out and assist us with the installation; and after a bit; we moved the quad ring and got the IDG to mount. We then completed the installation; pushed the aircraft; and ran the engine twice. The first run was to verify the disconnect of the IDG worked; and the second time was to verify it was reset properly. There was a crew chief and another 2 AMT's doing the leak check; and no leaks were noted. The cowlings were closed; and we then taxied the aircraft to the gate. We did a post taxi walkaround; and saw no leaks and or fluid coming out of the engine. We were notified of engine oil loss during flight from the gearbox pad cover not being installed. At no time did we notice the pad cover off; nor were we told it was removed during the installation.,Technicians reported leaving the accessory gearbox drive pad cover uninstalled and released the A319 aircraft for service.,
1806415,ASRS Database Online custom search,shift_change,202105,Operator: Air Carrier | Make/Model: Commercial Fixed Wing,Component: Horizontal Stabilizer Trim Motor | Problem: Malfunctioning,Function: Technician  | Human Factors: Troubleshooting; Time Pressure; Communication Breakdown; Workload ,,Contributing Factors: Human Factors; Aircraft; Logbook Entry; Procedure | Primary Problem: Procedure,Aircraft X was scheduled to have a THSA (Trimmable Horizontal Stabilizer Actuator) oil inspection complete which it failed due to a leak. The THSA was then replaced by 1st and 2nd shift on Date. After installation the THSA failed the operational checks. The aircraft was then turned over to 3rd shift. 3rd shift changed parts but the ops checks were still failing. The corrective action ended by stating no fix and that position transducer on the THSA was suspected to be faulty. The aircraft was then turned over to 1st shift on Date 1. 1st shift signed the non-routine off without addressing the no fix statement. The operational checks were also stamped in the job card as being completed by a mechanic and an inspector. I came in for my 3rd shift last night Date 1 and was curious what 1st shift did to fix the problem. I found that nothing was documented on the non-routine addressing the no fix statement. another mechanic went to the aircraft and went through the ops checks in the cockpit and the checks failed exactly as they did the night before. Management was notified and the aircraft was brought back to the hangar from the gate. I was informed that the mechanic and inspector would be asked about it but the aircraft was never removed from service. Please have another mechanic and a different inspector run through the operational checks per the THSA replacement job card. the stab control wheel does not return to zero after being placed in 13.5 up position and sec 1 is reset. The THSA stops at .4 when .3 is the limit.,Technician reported procedures were not followed during the replacement of a failed Trimmable Horizontal Stabilizer Actuator.,
1850645,ASRS Database Online custom search,turnover,202110,Operator: Air Carrier | Make/Model: Commercial Fixed Wing,Component: Engine Borescope Plug | Problem: Improperly Operated,Function: Technician Technician | Human Factors: Communication Breakdown; Human-Machine Interface; Situational Awareness; Troubleshooting Communication Breakdown; Workload; Situational Awareness; Human-Machine Interface; Confusion,,Contributing Factors: Aircraft; Procedure | Primary Problem: Procedure,This happened in an overnight at ZZZ on Aircraft X during a borescope inspection on #2 ENG where second shift began the job card and removed the borescope ports. Technician Y and I came in on 3rd shift and after inspections cleared the engine heat level to borescope it around XA00 on DATE 2; we finished the borescope inspection. We installed all the borescope and igniters which we found bagged and tagged which made it easy to see; but we missed 1 that wasn't bagged and easy to see nearly eye level because it wasn't bagged or tagged.The event occurred because we ourselves did not remove the plugs. We made the mistake of paying attention to the ports that were bagged and removed and failed to verify exactly what ports were removed by the previous shift. The missing plug was nearly eye level @ the 10 O'clock position; but since it was not clearly bagged or tagged we failed to install it. I was unfamiliar with the Job Card and made the mistake of assuming only the bagged hardware was removed.I think the best suggestion I can make would be to put in Job Card to attach streamers that could be easily seen on the hardware or near the plug holes while doing the borescope inspection. Had we seen the hardware or plug hole clearly bagged or streamed this would have never happened. I also think that a better overlap between shifts would also have never allowed something like this to happen. If we had a better overlap between shifts at the aircraft things like this would be greatly reduced. /// We were issued Aircraft X on third shift on DATE 1 borescope # 2 engine inspection was started by second shift. We received the job card and borescope ports were already removed. Inspection said engine was hot and entered with device around XA00 DATE 2. All the plugs were in bags and were put back from where they came from except 1. One plug was missed and not seen; no bag around the open port was seen; no tape; no bag; this port was missed. Every port open had a bagThis incident happened because we didn't remove any of the plugs ourselves; we put back the hardware that were in bags but the mistake we made was not to verify what plugs were removed by second shift. The plug missing was not bagged taped or marked; this plug was not installed. I was unfamiliar with the job card and made the mistake of assuming only the plugs in the bags were removedI think tape should be used or blank plugs with streamers to put in or on the engine case. Streamers that are long and easy to see. More effective turnovers with what was done and where parts are. This would have never happened if better communication was used.,Technicians reported an engine borescope plug was left uninstalled and was discovered post maintenance.,
1857091,ASRS Database Online custom search,turnover,202111,Operator: Air Carrier | Make/Model: Regional Jet 200 ER/LR (CRJ200),Component: Other Documentation | Problem: Improperly Operated,Function: Lead Technician Technician | Human Factors: Time Pressure; Workload; Situational Awareness; Communication Breakdown Human-Machine Interface; Workload; Situational Awareness; Communication Breakdown,,Contributing Factors: Procedure; Human Factors; Aircraft | Primary Problem: Human Factors,Aircraft X came in to ZZZ for overnight maintenance. A work package was created and Maintenance performed the work on the Company Form. I received a turnover to comply with leak checks for both engines to complete the A-Check which was on the work package from the previous night. After completing the leak checks I was asked by my Supervisor on duty to sign off the Airworthiness Release. I reviewed the Company Form and the AML for completion and double check both before actually signing the AR (Airworthiness Release) for Aircraft X on DATE. I signed the AR based off my knowledge for completion of the Company Form and AML. I was spoken to 2 days after the event took place. PS: the plane flew 6 legs before the Air Return occurred.Rushing to get the AC out on time.I spoke with both my Operational and Base Manager on the events that took place that day. They agreed with me that I'm not at fault for this situation base on my information.We need a better turnover process and communication. Also; we need to slow down while complying with the paperwork with Maintenance Procedures. /// On DATE Aircraft X was down for an item that needed to be complied with and ops check/leak checks for the A-check. I thought that the Technicians had already accomplished the tow collar replacement in completion because when I came in that morning I saw the Technicians from overnight shift working on the tow collar. After closing up the aircraft and looking over the documents I saw a NRWC (Non Routine Work Card) that was not signed off; job card missing and job card was not added to the Company Form when the job card was printed. I left a note for the next shift to ensure that the Technicians that worked on it will sign it off the NRWC when they got back in that night. I did not see any continuation cards/job card for the work that the Technicians had done from over night therefore I had thought that they had forgotten to sign off the work. If I had seen the job card for tow collar replacement not completed I would've had Technicians complete the job.I was made aware of the situation by my Base Manager.The cause for this event is paperwork accountability from my part. I had seen the Technicians perform the task but was unaware that it was not completed due to the job card being missing. In the future I will not assume any task is completed until the proper documents are signed off.When I was notified of the issue DATE 1 I was told that the job card was found around the hangar. A spot where paperwork should not be kept after completion or still needing completion. In hindsight if I knew a job card was still open I would not have released the aircraft.,Technicians reported non compliance was caused by communications issues; resulted in a CRJ-200 air turn back days later.,
1864715,ASRS Database Online custom search,turnover,202112,Operator: Air Carrier | Make/Model: Regional Jet 200 ER/LR (CRJ200),Component: Fire Protection System | Problem: Malfunctioning,Function: Technician Technician | Human Factors: Workload; Time Pressure; Troubleshooting; Situational Awareness; Communication Breakdown Troubleshooting; Training / Qualification; Time Pressure; Situational Awareness; Confusion; Workload; Communication Breakdown,,Contributing Factors: Procedure; Human Factors; Aircraft | Primary Problem: Human Factors,Aircraft X and Aircraft Y Name; Name1Troubleshooting MLG Bay OVHT Caution MEL on Aircraft X Myself and Name1 gathered all reference material off of [manual] and AMM to use to troubleshoot issue. Started to check loops in wheel bay; found to be good moved on with [manual] to change Gear OVHT Controller. Performed operations and functional test of system; found that warning fail test switch worked. Tested the OVHT warning on landing gear panel in center pedestal; which was found not to be working. So was instructed by acting supervisor for the night Name2 to swap landing gear panel from Aircraft Y which was also in the hangar as well as Aircraft X. We found that swapping the panel to test on Aircraft X did not help resolve issue; then proceeded to put the panel back from the aircraft it was on. Next we decided due to time we get caught up on all paperwork to where we were to get prepared for turnover for first shift. As we were discussing turnover Quality Control (QC) Name3 questioned about the swapped panels; which he then informed us they needed written up as well as a landing gear operations test which is also an RII item. We were unaware of the write up and operations check at the time; then we informed our Supervisor Name2 which then he told us to forget it and not to say anything. Then after further discussion he informed first shift Supervisor as well as the QC department. We then corrected our mistake by writing up both planes for the maintenance done and performed operations checks.I was made aware of the issue by QC Name3 3rd Shift. Event occurred due to acting Supervisor of the night Name2 instructing to swap landing gear panels to use for troubleshooting. Also inexperience with manuals and MEL task assigned for the night.When QC Name3 questioned about panels being swapped for troubleshooting purposes; we then informed Name2 of the issue to write up the maintenance done. Which then he told us to forget about it and not to say anything; then after further discussion he informed first shift Supervisor as well as the QC department. /// We (Myself and Name) began our night troubleshooting a gear overheat caution on Aircraft X. We did so following [manual] and AMM references to determine the cause of the caution; we suspected and replaced a gear overheat control. We documented this process through NRWC (Non Routine Work Card) and continuation cards. The issue was not resolved; and it failed upon operational check. At this point we discussed with our third shift Supervisor/lead (Name2) and we; using the wiring diagrams and [manual] began to suspect that the gear control panel could be the source of the fault. The fault was that the gear fail switch worked properly while there was no relevant gear warn indicators from its respective switch. Name2 told us we should attempt to confirm by swapping control panels with another Aircraft in the hangar; Aircraft Y. We did so; this did not correct the issue; so we returned the original control panels to their respective aircraft. We then spent some time discussing possible next steps and causes of the fault; our next step was to ensure our paperwork was accurate and up to date. Preparing to turn work to first shift Supervisors Quality Control (QC) inspector (Name3) questioned us about the panel replacement we had done earlier. He informed us that the job required an operational check that was also a required inspection item. It was at this point that we realized that we had not created a write up and consequently were unaware of the operations check required. After discussing with Name3; we informed Name2 and brought attention to our mistake before either plane had flown or had passengers board. We moved from there with the help of first shift supervisors and the QC department to rectify our mistake and ensure that the required checks as well as the original write up were properly performed; inspected; and documented. Discussion with 3rd shift QC brought to our attention that the panel swap had not been properly documented and required additional operational checks in order to be signed off correctly.Lack of experience working on specific systems and protocol for swapping parts; combined with not questioning instructions from our Lead Mechanic/Acting Supervisor.The help of the QC department in helping us catch and rectify our mistake was invaluable and appreciated. When informing the third shift lead/acting Supervisor we were working with we were told to 'forget it'. We were able to correct our mistake by expeditiously informing first shift Supervisors and assuring that the required checks/maintenance actions were completed correctly and properly; as was all subsequent paperwork.,Technicians reported that during troubleshooting an aircraft for erroneous fire warning indications; the supervisor on duty directed them to not document the swapping of components used so as to not have to comply with a landing gear operational check that was required and would require an RII action.,
1877983,ASRS Database Online custom search,turnover,202202,Operator: Air Carrier | Make/Model: B737-800,Component: Reverser Actuator | Problem: Improperly Operated,Function: Lead Technician; Technician  | Human Factors: Situational Awareness; Time Pressure; Confusion; Workload; Communication Breakdown ,,Contributing Factors: Procedure; MEL; Human Factors; Aircraft | Primary Problem: Procedure,"On Date; MEL 78-XX Logbook Deferral Sheet XXXXXXX was assigned on an overnight maintenance work. We were expected to replace 1 of 2 actuators. The original MEL referenced Eng #1 upper left and upper right thrust reverser actuators failed integrity tests; only 1 of the 2 monitors were noted in the MEL. After additional review it was noted monitor Logbook Deferral Sheet YYYYYYY was to replace the left sleeve upper actuator - outboard; and Logbook Deferral Sheet ZZZZZZZ was to replace the right sleeve upper actuator - inboard. The monitors were inadvertently attached to the component"" and not the airframe.I communicated with planning to add Logbook Deferral Sheet YYYYYYY to the overnight maintenance work for ZZZ to replace the upper left sleeve actuator. I also had Logbook Deferral Sheet XXXXXXX unlocked for MEL deferral as we would only replace one of the 2 actuators. I updated the MEL Logbook Deferral Sheet XXXXXXX stating both monitor items had to be completed for the MEL; stating both actuators need replacement. The 3rd shift AMTs (Aviation Maintenance Technician) assigned used job card X and proceeded with removal and replacement of the upper left outboard actuator. By [the] end of shift the new actuator was partially installed [and] both a written and hands-on verbal turnover were provided to the next shift. Prior to the end of my shift; I again updated the MEL item XXXXXXX deferral. I believed the installation of the actuator would be complete and referenced YYYYYYY and wrote ""replaced upper left actuator"" and that the right actuator replacement was required reference ZZZZZZZ. However; the AMTs that took over the job completed the hook-up and operations and leak checks but were not able to complete the rigging due to lack of tooling.YYYYYYY was deferred and accurately updated with the open rigging steps on the job card. This Logbook Deferral Sheet was open and documented properly; and the thrust reverser still on MEL; when the aircraft departed ZZZ on Date. My MEL deferral statement above was no longer accurate as the replacement was incomplete. The actuator that was removed had remained at ZZZ and was not released for shipping due to some type of processing issue. On Date 1 the store's personnel brought this up to a Crew Chief on duty; the part change was entered on the open MEL Logbook Deferral Sheet XXXXXXX; using the same text I had entered on Date; and that MEL/Logbook Deferral Sheet remained open.Unknown to anyone at the time this part change entry automatically triggered Logbook Deferral Sheet YYYYYYY to be changed from Aircraft X to a mock Aircraft Y. This is an automatic process within the Company system that has created a significant problem at this point; the repetitive check deferral was no longer attached to Aircraft X. This automatic process may be due to attaching the repetitive check deferral to the component; but I do not know this for sure.The right actuator was replaced on Date 2 and since the open repetitive check deferral for the rigging of the left actuator was no longer attached to the Aircraft X; the MEL was cleared. This created an overfly of the open repetitive check deferral. This automated process which sent the repetitive check deferral to the mock aircraft created the failure generating the overfly. This issue started with the lack of tooling in ZZZ needed to complete the replacement of the upper left actuator. The only reason it was deferred after installation was lack of tooling to confirm rigging. Secondarily; the process rolled the open repetitive check deferral to a mock Aircraft Y when a parts change [that] was entered was flawed. It is possible this would not have occurred if the repetitive check deferrals were attached to the aircraft; not the component.Suggestions to avoid recurrence. Have adequate tooling for aircraft maintenance. Ensure Line Maintenance uses the airframe selection for repetitive check deferrals. Attaching to component should only be for shop-level deferrals. Alter the process that rolled the item to a false/mock aircraft.""",B737-800 Mechanic reported software and communications problems caused an overflight event when an actuator was not replaced on time.,
1894564,ASRS Database Online custom search,"shift_change, turnover",202203,Operator: Air Carrier | Make/Model: Commercial Fixed Wing,Component:  | Problem: ,Function: Technician  | Human Factors: Communication Breakdown; Training / Qualification; Troubleshooting ,,Contributing Factors: Human Factors | Primary Problem: Human Factors,On Date Aircraft X was taken out of service for a SOF (smell of fumes) report/log entry. Multiple shifts and mechanics were assigned to troubleshoot. I was not on shift for that day. On Date1; Aircraft X was still assigned to be worked on and was tasked to it along with other mechanics (numbering more than 5). Turnover from prior shifts were poor; but some mechanics were tasked on it the day prior and continued on with the shift I was working. All jobcards pertaining to the SOF event; when I was tasked that day had multiple duplicates out in use. [Job Card] especially had more than 3 duplicates. All partially written on with info. Multiple mechanics took separate sections and used these cards for reference. None; however; were stamped. When I was tasked to do the decontamination card; I had completed it early in the shift under relay that a Phase 1 decontam was only needed. Before even signing off on this aircraft; I insisted on engine runs to make sure there was no odor. When we did our engine runs; I immediately smelled fumes and started over on the decontamination card and we proceeded to go through a Phase 2 decontamination. We spent almost all 2nd shift to complete. The work card was stamped as each step of the decontam was done. All steps were completed. Jobcards were left in our office for turn in which wasn't done until the next morning. The workcards that were entered and handed in at end of shift were not the correct cards and should have been discarded. The card that was handed in was not the correct and final workcard that was complied with. also; the final workcard that was handed in was also a reference card and not the correct card to be turned in. All steps in the decontamination card under Phase 2 were complied with. The incorrect workcards were handed in at final. Poor shift turnover. Multiple workcard copies for reference that were not properly discarded and handed in as final working copies without verification. Multiple crews at shift change with lack of direction and knowledge of prior work accomplished signed for. Mechanic's unwillingness to sign off on their own work they accomplished.More thorough turnover with documentation even if a mechanic is continuing on next shift. Each shift; regardless if a mechanic is staying on; by shift's end should have a written turnover on a non-routine form. Turn in all paperwork when task is complete so leadership can properly verify work completed. Leadership needs to better familiarize with assigned tasks and workcards to properly account for steps taken to correct errors and to identify conflicts with work being performed and steps being signed off on.,Air carrier Mechanic reported incorrect maintenance procedures preformed during the repair of an aircraft fumes discrepancy.,
1895045,ASRS Database Online custom search,turnover,202204,Operator: Air Carrier | Make/Model: B767 Undifferentiated or Other Model,Component: Other Documentation | Problem: Improperly Operated,Function: Technician Technician | Human Factors: Communication Breakdown; Human-Machine Interface; Troubleshooting Human-Machine Interface; Workload; Situational Awareness; Communication Breakdown; Troubleshooting; Time Pressure,,Contributing Factors: Aircraft; Human Factors; Procedure | Primary Problem: Procedure,This [Report] is filed to report FAA violation.Aircraft X arrived ZZZ with pilot report on Log A for #1 ENG reverse thrust. Per turnover; began to apply MEL card XX-XX-X and started procedure. Maintenance step; lists special tools and materials needed to comply with this MEL procedure. There are two MRG part numbers listed in this MEL with issues;(1) the electrical cap MRG P/N XXXXXX (M/E XX-XXXX-X-XXX) listed is system wide and has never been bought before! So you cannot comply with an MEL procedure. The MEL card does not give any alternate part number so contacted Engineering for relief and was denied; Engineering cannot issue an [Engineering Order] to deviate from MEL. (2) CORD MFG P/N XXXXXY does not even break to M/E part number! A further research on line came up with MFG P/N XXXXXXZ which breaks to M/E XX-XXXX-X-XXXY. Can you see the difference in MFG part number? Look at it closely... Mel card is missing one digit in front of X in MRG P/N. Now the questions is does the MEL want you to use MRG P/N XXXXXY listed? If so; this part has never been bought; stocked or breaks to M/R part number then you cannot comply with the MEL procedure. Or is it a typo error in MEL omitting from the MFG part number? not sure?There were other issues like helicoil damage and wrong markings on outboard T-R sleeve; etc; etc.;..will not go into details but see LOGS Y; Z; A; B; C and D for more information.Also see Report XX for deactivation markings in wrong location on same aircraft on same engine.Aircraft taken out of service for permanent repair since unable to comply with MEL procedure as written. /// This report is filed to report FAA violation.Aircraft X arrived ZZZ with Pilot report on LOG A for #1 ENG REVERSE THRUST. While working Mel card XX-XX-X to deactivate #1 ENG T-R; noticed that the GSE hoist point markings and T-R pin Red deactivation markings were in the wrong place. [Other report was] for MEL card XX-XX-X on same aircraft and same engine with other work details.,Technician reported an aircraft was removed from service due to tooling that was unavailable for MEL action. The aircraft was sent to the base for permanent repair.,
1895461,ASRS Database Online custom search,turnover,202204,Operator: Air Carrier | Make/Model: B737 Undifferentiated or Other Model,Component: Fuel Storage System | Problem: Improperly Operated,Function: Technician  | Human Factors: Workload; Communication Breakdown; Confusion; Human-Machine Interface; Situational Awareness; Training / Qualification ,,Contributing Factors: Aircraft; Human Factors | Primary Problem: Human Factors,Aircraft XI received a turnover from 1st shift on Aircraft X. The left inboard fuel tank plate was leaking. Access door XXXXX opening. When I removed the interior plate the rubber gasket was stuck to the inside of the wing structure and had a 5 inch strip of cracked and dry sealant that to me was the cause of the leak. I installed a new gasket IAW with the AMM and installed the plate. Leak check was good when fuel was transferred into the center tank. I signed off the job on log page X.I have not replaced many fuel panels. I had confirmed the tank hole for the write up but was unaware that the plate number for the opening should be confirmed to match.(The AMM does not suggest this.) I realized this after the aircraft came back with the same issue. I had indexed the plate on removing it so it would not be reinstalled incorrectly. Unfortunately the wrong plate was installed previously and I did not catch it on the reinstallation. The index point (door key) was deformed previously so the tank seemed to fit with no hesitation. In my limited experience if a plate is installed incorrectly the then the door key will not let you place the plate in the cavity. It appears the plates for XXXXX and XXXXY were switched at a previous installation. (It was found that the other wing had the same for the two innermost tank plates - XXXXZ and XXXXA) I also found that the plates with fuel sticks have a decal in front of the plate as well. Again not referenced to check this in the AMM. I will be suggesting a tech ops training video on fuel tank removal and reinstallation techniques for our various fleet types at The Company. I had looked while performing the job and there is not one referencing this. I will also be following the fuel pressurization procedures to the letter- as opposed to the 'Norm' of simply filling the tank and checking for leaks. I would say the dirty dozen aviation maintenance gotchas on this would be lack of knowledge; lack of resources; pressure and norms. I've learned not to assume any part was put into an aircraft correctly by a previous Technician.,Technician reported an aircraft had a repeat discrepancy for a leaking fuel tank access panel. It was discovered that two access panels on each wing had been installed in the wrong locations and mis-indexed.,
1912355,ASRS Database Online custom search,turnover,202206,Operator: Air Carrier | Make/Model: Commercial Fixed Wing,Component:  | Problem: ,Function: Technician  | Human Factors:  ,,Contributing Factors: Company Policy; Human Factors | Primary Problem: Human Factors,On the night of DATE and DATE1 I; NAME; at the direction of level 6 manager; NAME 2 and level 7 director; NAME 3 to my crew chief both nights; have been assigned 'hanger clean-up' duties as a punishment and an intimidation and scare tactic to put pressure on me for aircraft discrepancies that I have documented and helped work. On the night of DATE 2; I was assigned to out of service Aircraft X. While some of my coworkers on the same aircraft were working to install pressure panels in the XXX wheel well that had been removed on a previous shift; I accomplished a walk-around of the aircraft per the parking program job card on our bill of work due to the plane being on the ground for over 5 days. On my walk-around I found a nose tire worn beyond limits per our Procedures Manual as stated in the step to check the tires; the XX XXX steering actuator had evidence of leaking hydraulic fluid; in the XX main wheel well the hydraulic system B pressure module had evidence of a hydraulic leak; the XX inboard flap had a dent near the trailing edge; and the hydraulic line for the XX main gear shimmy damper had a notch chafed into it from a blue flexible line that was routed near the rigid line. I was notified by my crew chief; NAME 4; that management was not happy about the discrepancies and were questioning why the issues were only just now being found when the aircraft had been on the ground for more than 5 days. Managements displeasure with the discrepancies is outside of my control because I can only perform a walk-around inspection the best way I know to do one. I can't control what other mechanics may have missed; or what may have began leaking especially since the aircraft had been sitting stationary for several days. I witnessed NAME2 and NAME3 inspect the chafed shimmy damper hydraulic line many times throughout the shift. My coworkers and I continued to work the items on the aircraft we had been assigned for the night; as well as getting the nose gear tire changed. We accomplished as much as we could until turnover time at the end of the shift.The following night; DATE 3; when I arrived at work I looked up the Aircraft X in our online maintenance site called and saw that the chafed hydraulic line had been signed off. I investigated further because I was curious about what action had been taken and saw that a first shift supervisor signed off the discrepancy saying he had inspected the line and it was within limits. However; the reference he used for the inspection was clearly labeled that it was not to be used for hydraulic tubing. Due to the aircraft being in-flight to ZZZ at the time of discovering the improper inspection sign-off; I filed a safety of flight [report] through the company website and contacted the company MOD (Manager On Duty) to have the issue addressed as soon as it landed. The aircraft was taken out of service upon arrival and returned to service the following morning at XA:43 after having the hydraulic line replaced. The level 6 manager and level 7 director are aware of and monitor progress for all out of service aircraft at ZZZ each day. The same night; DATE 3; I was assigned to accomplish a service check on Aircraft Y with two other mechanics. One of the mechanics assigned with me; NAME 5; had found a massive amount of hydraulic fluid coming out of the XX main gear well. After taking a considerable amount of time cleaning up the large quantity of fluid from inside the gear well; we were able to accomplish a check to determine the source of the leak. We found the leak to be coming from a loose union and b-nut at the yellow system HP port of the hydraulic PTU (Power Transfer Unit) and the b-nut connected to the lower half of the PTU isolation coupling mechanism. Immediately after determining the leak source; NAME 5 and I went to look up the manual references for the correct torques and procedures that we needed; and the o-ring part number for the loose union. The references were difficult to find and we had to e-mail our engineering department to find one of the torques. During the time of our research our crew chiefs; NAME 4 and NAME 6; first notified us that management was watching us on the hanger cameras and questioning why we were not at the airplane. After ordering the o-ring we needed and finding the reference material we could (still waiting for a reply from engineering); we notified our crew chiefs and supervisor; NAME 7; of our progress and then took our lunch break. Before our lunch break was over; our crew chief came to us again notifying us that management was watching us on camera and questioning why we weren't at the aircraft. Just after that we received a response from engineering with a reference for the last torque value we needed; but we required more clarification from the reference they sent; so a reply was sent asking for more help. While waiting for another response; NAME 5 and I began gathering up the tools we needed and began working on the lockout-tag out and deactivation procedures required for the task. We finally got clarification of the torque we needed and began fixing the leak. We were able to replace the o-ring and torque the union and b-nut for the HP port; but we didn't have a wrench or crows foot big enough for the b-nut at the isolation coupling. By this time it was extremely close to the end of the shift; so we went into the office to give a turnover of our progress and document the maintenance we performed. NAME 5 and I clocked out 15 minutes late after working the leak all night. When we had gone into the blockhouse to give our turnover and document our work; our crew chief; NAME 4; told us that the supervisor; NAME 7; told him that during the shift there was a meeting with the 'higher ups' and that NAME 5 and I; had our names brought up and there was discussion about 'taking us off of airplanes because we write up too much stuff'.The next two nights; DATE 4 and DATE 5; were my scheduled days off. I came back to work the night of DATE 6; and the level 6 manager on duty was NAME 8; I don't believe the level 7 director NAME 3 was on shift. NAME 5 and I were assigned to work Aircraft Y with multiple inbound write-ups and bill of work items. We worked the transit check and 3 inbound write-ups for the nose and main landing gear struts being flat/low. With the addition of changing the #4 tire after finding a leaking valve stem during the transit check; we completed our assignments and received no questioning or pressure from management. On DATE 6; NAME 9 was the level 6 manager on duty again; and I don't believe NAME 3 was on duty again. NAME 5 and I were assigned to out of service Aircraft Z to complete engine runs for an operational check of the temp control system after a bypass valve had been changed on the previous shift. We were able to complete our assignment and get the aircraft returned to service and received no questioning or pressure from management. DATE 7; level 6 manager NAME 2 and level 7 director NAME 3 were back on duty and NAME 6 was the level 4 supervisor again. NAME 6 told my crew chief; NAME 4; that NAME 5 and I were to be assigned 'hanger clean-up duties'. After pushing back against the directive; NAME 4 agreed to comply. When NAME 4 presented us with our assignment for the night he explained to us that it was because he had been given the directive from the level 6 manager; and that when he asked supervisor NAME 6 why this was happening; NAME 6 admitted to him that it was because 'we write up too much stuff'. NAME 5 and I complied with our assignment and began to make sure ladders and equipment not in use were in their designated storage spots; pick up loose trash; and dispose of oil/chemicals that had not been disposed of properly. After we finished a detailed walk around of the hanger we took our lunch break. At the end of our break; NAME 4 came out and told us that he was informed that we were being watched on camera and that there were a couple of things that still needed to be picked up. An hour or so later NAME 4 told us that NAME 6 said we needed to be going around picking up trash; despite the fact that there was no more trash to pick up. This made it pretty obvious that our directed assignment was a loop-hole form of punishment and we were getting an 'I'll show them who's boss' type of treatment. That night we discussed the events with our union representatives so that they were informed of the situation. DATE 8; NAME 2 and NAME 3 were on duty again; and our level 4 supervisor was NAME 10. Again; the crew chiefs; NAME 4 and NAME 9; were given the same directive to have NAME 5 and I assigned to 'hanger cleanup'. DATE 9; NAME 5 and I were assigned to work Aircraft A. According to our crew chiefs; NAME 4 and NAME 9; this was only because they had to ask for permission to assign us an aircraft. We worked our assigned job and were told that we were being watched on camera. NAME 3 also came and stood in front of the airplane watching us while we worked twice during the night that I personally witnessed. From everything we have seen and heard from our crew chiefs; NAME 5 and I have been subjected to harassment; bullying; and intimidation all in an effort to make us second guess aircraft maintenance discrepancies that we are finding and documenting and working and signing off. Only the two of us have been targeted with this treatment; and nothing has happened to the other mechanics that have been assigned to the same aircraft as us as it relates to the events leading up to the harassment and bullying we have received. Neither NAME 3 or NAME 2 have had any conversation with NAME 5 and I about anything regarding this issue; which even further demonstrates the questionable ethics in their treatment of us. This is a completely unsafe work practice as well as a grossly unethical work environment to create for aircraft maintenance; and it creates a trickle-down effect because the rest of our coworkers at Hanger 4 see what has been happening to us and could potentially make them not want to document problems with aircraft for fear of ending up in the same situation. As aircraft mechanics; we shouldn't have to come into work and wonder if we are going to get in trouble for finding something wrong with an aircraft. This ultimately leads to potentially unsafe aircraft for our passengers and crew if the mechanics working on them are afraid to document problems.,Air carrier Maintenance Technician reported being harassed by company representatives for reporting aircraft maintenance discrepancies.,
1923550,ASRS Database Online custom search,turnover,202208,Operator: Air Carrier | Make/Model: Commercial Fixed Wing,Component: Aircraft Logbook(s) | Problem: Improperly Operated,Function: Lead Technician; Technician  | Human Factors: Confusion; Communication Breakdown; Distraction; Workload; Situational Awareness; Fatigue ,,Contributing Factors: Procedure; MEL; Aircraft; Human Factors | Primary Problem: Human Factors,"On Day 1; at approximately XA:30; Crew Chief Person A informed me of the logbook discrepancies on Aircraft X. I signed the Airworthiness Release and stamped the final blocks of the service check for the aircraft; in order to put it into service and make its scheduled flight. I made several mistakes on this release. The first was forgetting to enter the Logbook Deferral Sheet number for Logbook Deferral Sheet XXXXXXX; LH Pack Flow Control Valve repair on compliance page XXXXXXX; which I had crossed out. This I was able to correct when the aircraft returned to ZZZ this morning. The second was for Logbook Deferral Sheet YYYYYYY; compliance page YYYYYYY - flashlight and cradle. For the Aircraft Maintenance Logbook deferral code block; I found it to be blank. Cross-referencing with the Job Card XXXXXX tally and log page job #5; I saw that the item was stamped deferred for parts NIS (Non Incident/Accident Statement) by Crew Chief Person B. I wrote in the deferral code MEL."" Crew Chief Person B's turnover to me was that everything on the overnight maintenance was completed except for job #4; LH Pack Flow and job #7; closing of the service check. I then signed the Airworthiness Release and stamped the open blocks on the service check; tally; and the Airworthiness Release complete block on the overnight maintenance accountability report. This resulted in confusion for the Captain of [the] outbound flight; which resulted in a 95-minute delay.There were many factors contributing to my mistakes with the Aircraft Maintenance Logbook of Aircraft X on Day 0. I did not get a lot of sleep the night before. After I badged in at approximately XA:20 I went to the Crew Chief Office to get settled. I customarily ask the night shift crew chiefs if there are any potential turnovers. I find the Crew Chief turnovers to be more accurate; compared to Management's turnovers. Crew Chief Person B informed me that Aircraft X was being turned over with a LH Pack Flow Valve that needed to be worked; with the service check down to final. Then; Crew Chief Person C and I went to Production Control for our workload meeting with Management.We were assigned the following aircraft: Aircraft Y; bleed air fault 3-time repeat item; being worked by holdover overtime AMTs (Aircraft Maintenance Technician); Aircraft Z; LPC bleed and idle run; Aircraft A; Fan Air Valve Thermostat; being worked by holdover overtime AMTs; aircraft X; LH Pack Flow Valve; and Aircraft B; carpet non-routines. The crew was short 3 AMTs; Person D; Person E; and Person F; due to vacations and training. These AMTs were not backfilled. In addition; there was a field trip called for ZZZ1 in which AMTs Person G and Person H accepted. Now we were short 5 full shift AMTs. There was no holdover Crew Chief held in accordance with the JCBA (Joint Collective Bargaining Agreement). Article XX states that when 3 or more AMTs are on shift; that a Crew Chief will be maintained. Article YY states that holdover AMTs shall not be combined to cover known full shift overtime opportunities; but may be held to unplanned maintenance needs. There were 6 AMTs held over for Aircraft Y; Aircraft Z; and Aircraft A in which a holdover Crew Chief could have Lead instead of Crew Chief Person C and I trying [to] manage them; as well as our AMTs and aircraft. We had 3 aircraft to move and stage for Ramp to tow to the gate; and we had to double up on the manning for the crew. In addition; Aircraft B was added to my workload 2 hours after the start of my shift.Avionics was onboard working their items; while I deferred the remaining items. Management kept on coming into the Crew Chief Office asking for continual updates in order to keep updating [the] web-based system. They kept on asking for Aircraft X and when it would be ready to move. I usually do not allow the pressure to get to me but on that day; we were stretched thin and I started to feel the pressure to produce the aircraft. AMTs Person I and Person J were tasked with working Aircraft X; LH Pack Flow Valve. Management kept coming in asking if Aircraft X was ready for Ramp to take it. When the AMTs had successfully repaired the pack flow item; Management again asked if the aircraft can be moved. I replied that it was down to paperwork. Management then asked if Ramp could move the aircraft without the logbook; and that the logbook would be delivered afterward. This is a common occurrence at ZZZ; moving an aircraft without a logbook. There have been occasions where Ramp has moved an aircraft without approval from Maintenance. In this case; I relented and gave my approval for Aircraft X to be moved to the gate while the AMTs were completing their paperwork. The AMTs signed off their item in the logbook; Logbook Deferral Sheet XXXXXXX; non-routines; and job card #4. However; they did not enter their item into [the system]; nor did they call Maintenance Control to unlock the item so it can be cleared. I called Maintenance Control on their behalf and entered their item into [the system]. I was rushing; and this is where I forgot to write the Logbook Deferral Sheet number into the Aircraft Maintenance Logbook; on compliance page XXXXXXX.By now; Aircraft X was on the gate and the flight crew was asking for the logbook. Crew Chief Person K called me asking for the logbook; which was not ready yet. I briefly looked at the other sign-offs in the Aircraft Maintenance Logbook for Logbook Deferral Sheet YYYYYYY; compliance page YYYYYYY; and saw that the deferral code block was blank. This is where I quickly cross-referenced the Job Card XXXXXX tally and saw that job #5; Logbook Deferral Sheet YYYYYYY; was deferred. I checked the job card itself and saw that it was deferred for parts NIS at ZZZ. This is when I wrote in the deferral code ""MEL"" to correspond with the tally and job cards. The sign-off was confusing in the logbook and did not match the job card. It seemed to say something about 2 placards. The sign-off did not make sense. However; the tally showed 2 items deferred; job cards 5 and 6 were deferred; and there were 2 placards in the logbook. The placards were for ""1L OTBD Flashlight INOP"" and ""L2 OTBD Seat INOP due to INOP flashlight."" These were previous deferrals that apparently were not repaired. In the rush to produce the logbook for a timely departure; as well as managing the other aircraft; with a short-staffed day shift crew; as well as having to manage overtime AMTs; I failed to look into the confusing verbiage deeper. Signed off the Airworthiness Release; and Crew Chief Person C took the logbook down to the aircraft. Afterward; Crew Chief Person A was called out to the aircraft because the Captain was confused with the logbook. This occurred after I had ended my shift. Crew Chief Person A was also confused by the sign-off in the Aircraft Maintenance Logbook for Logbook Deferral Sheet YYYYYYY. He tried to sort it out and was under pressure because the crew was going to time out. He believed that amt name1 had forgotten to sign off Logbook Deferral Sheet ZZZZZZZ; if I understood him correctly; and transcribed his sign-off for Logbook Deferral Sheet YYYYYYY to ZZZZZZZ. Person A had no time to retrieve the pack from the hangar; before the crew timed out. The next morning Crew Chief Person A informed me of the events that transpired at the gate concerning Aircraft X's Aircraft Maintenance Logbook.The first thing that I must do is to pace myself and not give into pressure from Management. I should insist that Ramp not be allowed to move aircraft to the gate without the Aircraft Maintenance Logbook first being adequately reviewed; released for service; and placed on the aircraft. I should also insist on Management holding over an overtime Crew Chief for overtime AMTs. I need to make sure that I understand what has been written in the Aircraft Maintenance Logbook and if there are discrepancies; to not give into pressure and release the aircraft for service.""",Lead Technician reported communication issues resulted in logbook errors and a delay to an outbound flight.,
1928109,ASRS Database Online custom search,turnover,202208,Operator: Air Carrier | Make/Model: A320,Component: Turbine Engine | Problem: Malfunctioning,Function: Technician Technician | Human Factors: Confusion; Communication Breakdown Confusion; Communication Breakdown,,Contributing Factors: Procedure; Human Factors; Aircraft | Primary Problem: Procedure,Turn over to install VSV actuator; Installed actuator per AMM XX-XX-XX. Performed idle leak check no leaks noted at that time. When aircraft was on the blocks the incident was noted. /// Performed removal of VSV actuator on engine #2 as per AMM XX-XX-XX. Gave verbal turnover to on coming shift.,B Nut on a fuel line in the VSV actuator fuel system was not tightened; resulting in an engine fire during engine high power checks.,
1929709,ASRS Database Online custom search,turnover,202208,Operator: Air Carrier | Make/Model: Commercial Fixed Wing,Component: Turbine Engine | Problem: Malfunctioning,Function: Technician Technician; Lead Technician | Human Factors: Communication Breakdown; Situational Awareness Confusion; Troubleshooting; Communication Breakdown; Time Pressure,,Contributing Factors: Aircraft; Human Factors; Procedure | Primary Problem: Human Factors,I was given as part of the work package for Aircraft X; a job to replace packings on #2 ENG chip detector housing as the seals on the actual detector had already been replaced by swing shift. When I took the housing out of the body. I found the tech data I had been given as well as the packings did not match the parts I was looking at. I told my Crew Chief and he came down and tried to make what we had work but could not. We decided to look at #1 ENG chip detector so we dropped the chip detector from the sleeve and looked up into the valve and saw it was a completely different set up with the rubber seal missing from the #2 ENG check valve. The Crew Chief ordered complete valve body assembly to come in later in the day. Everything was put back together and at morning turnover Crew Chief told Lead Crew Chief what we had done and that both engines will require leak checks. I am not sure what happened; if the engines passed leak check and later failed or the leak check was overlooked because there was no log entry. I feel sick about it either way and wish I had it to do over again.Either the leak check was done and it passed only to fail later or it was overlooked by the next shift because there was no log entry only a verbal turnover.Everything must be documented. /// Aircraft X diverted to ZZZ on Date; due to left engine low oil Qty. Oil leak source was the left engine EMCD (Electro Magnetic Chip Detector). Repair was accomplished replacing the debris monitoring unit/Assy. Prior to this event; Aircraft X was out of service in ZZZ1 due to right engine oil leak. 1st and 2nd shift troubleshot isolated the oil leak to EMCD (Electro Master Chip Detector); and an ordered O-ring. I was a Crew Chief. After receiving the parts I did assign 3 AMT to Aircraft X to work the oil leak and assigned BOW (Basic Operating Weight). I was called to the Aircraft because the O-rings did not match. I had on hand the co-ordinate measuring machine reference that was printed earlier by the Crew Chief and tried to figure out why its different. A suggestion was to check the other side (left engine) for confirmation the EMCD was removed and installed. I did go back to the office to research and found that we have 2 different configurations for the EMCD and continued with ordering new parts and other workload. At the end of the shift; I gave a verbal turn over to the Crew Chief. We also told the Crew Chief who's was taking over to leak check the left engine. I was not aware it wasn't documented in the AML. This event would have been prevented if all work and the required EMCD leak check was documented on the AML. And written turnover was given. (Following procedures).,Technicians reported communications issues lead to an aircraft being dispatched in revenue service without the required engine oil leak checks being performed. The aircraft experienced an in flight shut down and diversion to a precautionary landing.,
1970914,ASRS Database Online custom search,turnover,202208,Operator: Air Carrier | Make/Model: B737 MAX Series Undifferentiated,Component: Nozzle | Problem: Improperly Operated,Function: Technician; Inspector Technician | Human Factors:  ,,Contributing Factors: Human Factors; Procedure; Aircraft | Primary Problem: Human Factors,I verified the part number of the new Fuel Nozzles and Seal Replacement. In addition; I verified the installation and torque of the Fuel Nozzle Bolts; as well as; the torque and safety of the Fuel Nozzle B-Nuts. /// On Day 0; I was assigned to work on the Fuel Nozzle replacement on Aircraft X. I performed the removal of Fuel Nozzles per step XX of Engineering Authorization X and Aircraft Maintenance Manual 73-11-05-000-802-G-00.,Technicians reported attaching bolt was left uninstalled during a Fuel Nozzle installation. The aircraft suffered damage to a Thrust Reverser Translating Sleeve due to burn through.,
2015824,ASRS Database Online custom search,turnover,202307,Operator: Air Carrier | Make/Model: Airbus Industrie Undifferentiated or Other Model,Component: Oxygen System/Pax | Problem: Improperly Operated,Function: Technician Technician | Human Factors: Workload; Time Pressure Workload; Time Pressure,,Contributing Factors: Incorrect / Not Installed / Unavailable Part; Human Factors | Primary Problem: Incorrect / Not Installed / Unavailable Part,On Day 0 I was sent on a field trip to ZZZ along with 3 other AMT's to work on Aircraft X on a logbook deferral sheet for cabin passenger service unit (PSU) emergency oxygen generators containers installed with wrong configuration throughout the cabin. Originally 9 right hand oxygen generator containers had been installed on left hand side of aircraft; and 11 left hand oxygen generator containers on the right hand side of the aircraft. Me and my field trip crew from ZZZ1 had agreed with Maintenance Control to properly replace the misinstalled emergency oxygen generator containers previously mentioned with new units effective to aircraft and proper position per company manual drawing XXXXXXXXXX; in accordance with Aircraft Maintenance Manual (AMM) XX-XX-XX for emergency oxygen generator container replacement and AMM XX-XX-XY for emergency oxygen generator replacement in order to safely perform the task. However; during our rest time in the hotel; the ZZZ base manager and crew chief instructed AMT's to swap generator containers from wrong location to the correct one. This task was performed on an extremely unsafe condition due to the absence of safety ring part number (PN) XXXXXXXXXXXXXX and insertion tool pin PN XXXXXX required on step X of procedure Y of AMM XX-XX-XY-XXX-XXX-X. Running into the risk of inadvertently activated the emergency oxygen generators and cause personnel injury or equipment damage; as this oxygen generators will get extremely hot when activated. This actions from the ZZZ crew also created unnecessary work as the emergency oxygen generator-container assembly on locations X; Y; and Z had to be replaced after the ZZZ crew damaged them. The 3 unserviceable O2 generator- container assembly were found by us (the ZZZ1 field trip crew) just laying on the aircraft floor unattended without safety pin on generators; on my opinion a very risky action.Cause -This actions were mainly caused due to the orders of the ZZZ base maintenance managers along with the crew chief involved on this manner with the motive of getting the aircraft back in service quicker than expected.Suggestions - Follow AMM and safety procedures to prevent accidents. Managers should follow company procedures even when it makes the job a bit more time consuming. /// It was discovered Aircraft X passenger oxygen units were incorrectly configured; preventing possible O2 in the event of emergency. As a result of ZZZ lack of station manpower. A road trip from ZZZ1 to ZZZ was created. Upon arrival Day 0 to Aircraft X we were given a written and a verbal turnover at which point the aircraft should have only been maintenance manager giving orders and ZZZ1 maintenance working the issue. However; that was the not the case. After we left the airport for our contractual 7hr rest periods. We return to the airport Day 1 approximately XA30 to receive the news that local management cancel maintenance manager orders of new parts and tools then instructed ZZZ AMT's on shift to swap out the existing passenger oxygen unit L & R's as required with non in stock at ZZZ...The ZZZ AMT(s) complied and signed off all open discrepancies. Unfortunately because they didn't follow the Airbus Aircraft Maintenance Manual (AMM) XX-XX-XY-XXX-XXX task Y step X stating to install safety ring with flag they accidentally discharged 3 oxygen units in the process. The AMT's created 3 additional discrepancies stating they found 3 'damaged units' .The Airbus AMM calls out for safety pin that company does not own. The oxygen generators are extremely dangerous unit if mishandled thus why maintenance manager ordered the parts that local management later cancelled. ZZZ management disregard for their AMT's safety for their own self interest. ZZZ management instructed they're mechanics to perform work in an unsafe manner. The company maintenance ZZZ exhibits unsafe practices that need to be addressed before someone gets hurt; injured or worse. Cause - I believe ZZZ management interference after they request the road trip.Suggestions - Stricter consequences and or disciplinary for individual(s) with a repeated of history of poor decision making,Air carrier maintenance team reported oxygen generators that had been misinstalled in the cabin were reinstalled by other technicians using improper procedures. Several generators were damaged and left unsecured on the aircraft.,
2077341,ASRS Database Online custom search,turnover,202401,Operator: Air Carrier | Make/Model: Commercial Fixed Wing,Component: Escape Slide | Problem: Improperly Operated,Function: Technician Technician | Human Factors: Situational Awareness Situational Awareness,,Contributing Factors: Aircraft; Human Factors; Manuals; Procedure | Primary Problem: Procedure,On Day 0; approximately XA:30 hr; Person A and I; took a turnover from dayshift on task of replacing right overwing slide bottle for time change. Per work card and AMM (Aircraft Maintenance Manual). We started work card steps from start to end of task for removal per AMM; and steps on installation per AMM; next step is for avonics to do continuity check of bottle squib. We left [aircraft] to inform our crewchief; what need to be done. Around XD:00 hr; we got a called from avionic tech that while they were testing the continuity test; inadvertently blew to bottle and the slide. We then went back to aircraft to confirm and notified supervisor. Suggestion: Seems to me information on work card; EPAS squib test and AMM installation has conflicting reference. /// Was called out to assist on calls to do a test for continuity through inflation bottle squib. AMM (Aircraft maintenance manual) has several subtask. We proceeded which resulted to overwing slide deployment. Further investigation showed that the previous was the proper procedure. Note: nowhere in the job card specify what subtask to use; which contributed to this incident. Suggestion: Update procedure to included proper subtask.,Aircraft maintenance technician reported aircraft overwing slide inadvertently deployed due to unclear work instructions on job card.,
2131976,ASRS Database Online custom search,shift_change,202406,Operator: Air Carrier | Make/Model: B777-200,Component: Pax Seat | Problem: Malfunctioning,Function: Technician  | Human Factors: Fatigue; Time Pressure; Distraction ,,Contributing Factors: Aircraft; Human Factors; Incorrect / Not Installed / Unavailable Part | Primary Problem: Incorrect / Not Installed / Unavailable Part,Installed seatback and hydro-lock per the CMM (Component Maintenance Manual) 25-62-82 for log-page XXXXXXX and XXXXXXY. Upon installation forgot to install the seatbelt shackle attachment fitting (P/N 1022492-125) causing seat to not have attachment points for seatbelt. During initial inspection of the seat; discovered various missing hardware and attachments which required researching and ordering parts. The seat had been worked on prior to arriving at ZZZ. Many parts were missing and not delivered on time during shift change. Time constraint was a factor as well due to scheduling for international flights. Towards the end of shift there was no manpower relief by oncoming shift; the resulting decision was to work overtime reluctantly to finish the completion of seat. Fatigue became onset during overtime hours and the cleaning crew were working within proximity of the work area that could have distracted line of thoughts. The seat was reassembled to the best of ability and appeared to be complete. Unfortunately; the shackle was not installed after reassembly because there were no spare parts remaining thinking the seat was complete.Suggested Resolution: Have hardware not misplaced and attached with seat or parts list of missing hardware damaged parts.,Technician reported forgetting to install seat belt shackle attachment fitting causing seat to not have attachment points for seat belt.,
2134592,ASRS Database Online custom search,turnover,202406,Operator: Air Carrier | Make/Model: B737-900,Component: Hydraulic System Pump | Problem: Malfunctioning,Function: Technician Technician | Human Factors: Other / Unknown Time Pressure; Workload,,Contributing Factors: Aircraft; Human Factors; Procedure | Primary Problem: Procedure,I came into second shift and dayshift had removed the #1 EDP (Engine Driven Pump). I was told the diversion was caused by a failed EDP seal. We were waiting on parts and tooling for most of second shift. Dayshift gave a verbal turnover and I understood at what point the replacement of the EDP was at. After receiving parts and tooling the SEALOL seal was replaced; and the pump installation started per AMM (Aircraft Maintenance Manual)_29-XX-XX. I continued the install and torqued all lines per AMM ref. After the engine runs were complete there were no leaks noted on the EDP at any time. I was advised there was an issue with the EDP installation on the next flight. Per log page; they found a line not properly torqued. As far as I'm concerned I torqued everything per AMM instructions. /// I was assigned to assist on the # 1 EDP (Engine Driven Pump) install. This aircraft was diverted due to this issue. To my knowledge the reason for replacement was a bad seal. This aircraft was also assigned a # 2 service an MEL and a check. I assisted on mounting the EDP on the engine and proceeded to work the # 2 service check while the other tech finished the install. After the installation was complete; and the engine was ran; I observed no leaks. I completed the engine oil system flush as per log page. After the runs; there was no oil leaks or hydraulic leaks that I noticed. I also closed out some items on the logbook that were related to this work and helped closed the cowling. I help with some of the cleanup but still had the # 2 service and an issue that I found with the emergency lights which was taking most of my attention. To make matters worse; I had a time constrain on the emergency lights due to the aircraft needing to be moved to the gate; which all this caused a delay to the flight.I think it would have been beneficial to have 2 techs dedicated to the EDP install. 2 sets of eyes are always better than 1. Although that seemed to be the original intention by the lead; the added workload and time constrain didn't allow for 2 techs to be on the install at all times. The planner should take into consideration the limitations of an outstation; along with extra added workload such as this airplane due to the fact that we had our regular scheduled airplanes that night limiting even more the manpower which only allowed 2 techs to be allocated to this aircraft.,Technicians reported they completed the installation of the #1 engine driven hydraulic pump. They were advised a line was found not properly torqued.,
2142404,ASRS Database Online custom search,handover,202407,Operator: Air Carrier | Make/Model: B767-300 and 300 ER,Component: Cargo Door | Problem: Malfunctioning,Function: Technician  | Human Factors: Communication Breakdown; Training / Qualification ,,Contributing Factors: Aircraft; Human Factors; Procedure | Primary Problem: Human Factors,Received bulk cargo door Mel from line maintenance that had been started by there department previous night; received spring tube in an unsafe condition; rig pin incorrectly installed & end cap hardware removed. Could have resulted in serious injury or death persons or equipment; as spring and cable swaaged fitting would have been a long pointed projectile. As spring could have violently exited the tube. One screw partially installed was only item holding spring compressed inside tube. Also no recorded of action taken on logpage; handover not adequately described action takenSuggestion: Referring to Aircraft Maintenance Manual before starting job and waiting on tooling to arrive. Documenting action taken and advising of an unsafe condition.,Air carrier technician reported they received a B-767 bulk cargo door spring tube in an unsafe condition. There was no action taken recorded in the log page and an inadequate handover of previous work.,
2142419,ASRS Database Online custom search,turnover,202407,Operator: Air Carrier | Make/Model: Commercial Fixed Wing,Component: Turbine Engine Thrust Reverser | Problem: Malfunctioning,Function: Technician  | Human Factors: Communication Breakdown; Time Pressure ,,Contributing Factors: Aircraft; Human Factors; Procedure | Primary Problem: Human Factors,I worked on assigned Aircraft X to troubleshoot Backup Generator Blocked message. After extensive troubleshooting involving opening TR's (Thrust Reverser) and top pylon panel; we found broken wire that required harness change. We expected; it will be a turnover but 30min prior ending my shift I was asked to reconnect cannon plugs and coordinate with mechanics to put the aircraft back in service. I was done helping out my 2 other coworkers to finish up a non-routine form and then we agreed to stay to at least go back on top of the engine and reconnect cannon plugs and reassembly the panel. From here only closing of TR's [panel] was left to do. Person A asked me if everything is ready to go and I said yes. Apparently; there were 2 C/B's (Circuit Breakers) left in bay locking the TR's [panel] that Person B left pulled. I haven't seen the C/B tags with non-routine and Person C already left to work 2nd shift at the terminal. I assumed everything was ready to go as it was on my end. Cause: Miscommunication and rush to put the AC back to service. Many people involved across two shifts and improper turn over.Solution: Slow down and communicate with my avionics counterparts and not assume.,Air carrier technician reported they forgot to reset 2 circuit breakers for the thrust reverser while putting aircraft back in service.,
2183321,ASRS Database Online custom search,handover,202411,Operator: Air Carrier | Make/Model: B767-300 and 300 ER,Component: Oxygen System/Crew | Problem: Improperly Operated,Function: Lead Technician  | Human Factors: Time Pressure; Training / Qualification ,,Contributing Factors: Aircraft; Procedure; Human Factors | Primary Problem: Procedure,3 days prior to the event an oxygen mask box was replaced in Aircraft X. When the aircraft arrived; and pilots were doing their oxygen masks checks; they realized that the pressure dropped 200+psi which is consistent with the crew bottle shutoff valve not being fully open. I am the crew chief of the crew on shift that day; 2 of my colleagues go to the aircraft to start assessing (file numbers were added as additional employees involved in the troubleshooting); that day my crew had less people than originally planned to bolster the hangar crew with our manpower. Also; this callback was made to us when fully boarded with pax and within 10-20 mins to departure time.The 2 employees that assisted had been with the Company for only 1.5 years (new guys but both experienced with local EASA licences). When I arrive to the aircraft; they were bringing steps to access the e/e compartment to check; based on their experience; that the bottle was fully open; which I concurred being the first action to take. I climbed in with the colleague. He removes the inspection wire; I am behind him witnessing; and he checks that the valve was fully open (or at least he thought/felt that it was fully open; we later found out that it wasn't). I know that we have 2 different kinds of bottles; a steel and a composite bottle; I mention that the feeling on the valves are different for each one; but he reiterates me that he felt it was fully open; I didn't question it nor felt it myself. We then proceed to check the masks; and the symptoms were the same; we looked for leaks; checked masks; checked history; checked boxes and everything seemed to be ok. So; we proceed to change the regulator; transducer and bottle assuming we had a bad component. The same person; who never mentioned during the stress of the moment that he couldn't differentiate in between both bottles for being color blind and lack of familiarity with Company components for being new to the company; he is the person installing the bottle; I am again witnessing; he opens to what he thought it was fully open (composite bottle) and then I suggested to back off 1/4 turn as per manual and he backs it to it and then safeties it. We recheck and the symptoms were the same. We then assume it is an indication problem and proceed to apply an MEL in the attempts to save the flight; but pilots were hesitant; and I mentioned that we had a spare aircraft; therefore the pilots felt inclined to take the other aircraft and a rejection to the MEL was made; my crew was at this point on overtime; so we left the aircraft AOG to the graveyard crew to continue the troubleshooting; in my handover to the supervisor I explicitly asked for a fresh pair of eyes to go over our procedures done in the stress of the moment; to start the troubleshooting and correct the discrepancy. I found out the following morning when back on shift that they had found the valve at the resistance point; typical of composite bottles; and still needed more turns to be fully open; that corrected the fault; and the aircraft departed safely that afternoon. I discussed with the guy that did the work with me; and he then said he couldn't tell the differences due to color blindness and lack of familiarity; I went over to explain it and show both bottles in stores and the 3 of us did the training which then was also sent to the entire crew as a reminder.,B767 technician reported during troubleshooting of crew oxygen system; the technician performing the work failed to open oxygen valve to the full open position causing the flight crew to refuse aircraft.,
2219105,ASRS Database Online custom search,turnover,202502,Operator: Air Carrier | Make/Model: Commercial Fixed Wing,Component: Fan Blade | Problem: Malfunctioning,Function: Inspector Technician | Human Factors: Communication Breakdown Training / Qualification,,Contributing Factors: Aircraft; Chart Or Publication; Human Factors; Procedure | Primary Problem: Ambiguous,On the Day 0; I was called as the Inspector for Aircraft X blade lube card. After receiving the call I looked on the computer to see if there was any issues with this job card I was about to inspect. Upon looking at the job card I didn't see any issues Non routine s or turnovers that would prevent me from conducting the inspection. I gathered the tooling I normally use when conducting a blade lube inspection and went out to the aircraft. Upon arriving at the aircraft I noticed the Blades had already been removed and lubed; there were(2) Mechanics at the aircraft when I arrived. I asked if they removed the blades and they said NO; the previous shift removed the blades and presumably cleaned and lubed the blades as well. I asked if they knew if those guys were still there; the answer was NO; So I asked them where were they help; Because over at the line there's a minimum of (4) Mechanics doing this task. They told me it was only the (2) of them. I said okay have either one of you done this task before and the answer was No. I said okay and told them I was going to do my Pre inspection of the Blades and hub/disk since I did not witness the removal cleaning or lubing of the blades. I noticed the fan blades were not arranged in sequential order on the blade rack; The mechanics noticed this as well I told them that they were supposed to be in order. I moved on to the engine itself and noticed the hub/disk was also marked but not in a sequential order. I told the Mechanics that only the blades were to be marked and arranged on the blade rack in sequential order. I asked the mechanics did either of the witness the removal of the blades and who marked them and the hub/disk; The answer was No. Since the blades and hub/disk were both marked I assumed that the Removal Crew removed each blade and marked the blade and hub/disk where it was removed from but did not arrange the blades on the rack in sequential order or removed them in sequential order for whatever reason; I do not know. And since there was no issues with the blades or mapping I saw no reason not to reinstall the blades where they were marked on the hub/disk. I located the Number 1 blade on the blade rack and the location where it was to be installed on the hub/disk and told the Mechanics to reinstall the remaining blades on the position where they were marked on the hub/disk. I also marked the rear spinner cone with a piece of yellow tape noting the dimple and where it was to be aligned and installed after all the blades were reinstalled. I watched the complete Installation and had no issues with the reinstallation besides having to locate the unarranged blades on the blade rack and match it to the location marked on the hub/disk. The remainder of the installation went without any issues; it took close to 3 hrs because there were only (2) Mechanics who had never done the task before so there was a lot of on the job training. Along the way. I had no ideal that the markings on the hub/disk were not where the blades were supposed to be installed and have never had an incident like this before; as since last year when I was a Line Inspector I completed several blade lube inspections and several more prior to that never with any incidents. I told the Mechanics that they did a good job and thanked them. I also told them at the very beginning of this task to take their time so there would not be any mistakes on either part. Thats why it took longer than usual. I stamped my portion of the required inspection item (RII) and went back to the Inspectors office. I wasn't notified of this incident until Day 0 and told that needed to complete a report because of such. I had assumed that the engine would under go an engine run to verify the reinstallation of the fan blade before it was released back into an airworthy condition. If memory serves engine runs were conducted on the Line when I was there. It just make good sense in my humble opinion. This is all that I can recall at this time.Please call Text or Email with any other questions.Cause: The numbering on the blades and hub I believe caused this Incident along with no narrative on why the hub/disk was marked period. Example a Turnover or Non Routine or something to notify the incoming crew Inspector and mechanics on why both the blades and the hub/disk were marked. If I had that information I would have re-installed the fan blades as I have on previous blade lube inspections tasks without any issues. Suggestions: Whenever possible have the same Crew Inspector and mechanics perform the complete blade lube job card; I believe that will definitely alleviate any mistakes like this again; And also if there are any abnormalities such as the blades and the hub/disk both being marked do not leave any markings on the hub/disk. And leave a Turnover as well.Also; on the job card it should be re-vised to say sequential order instead of related slots. /// I was given a job card which included installation of Engine Fan Blades for #2 Engine on Aircraft X. Blades already removed and lubricated prior to reinstallation. I was given the task to install the blades with my mechanic partner for the night and it is and required inspection item (RII) item and we had called in an inspector prior to beginning the job to witness the job to be accomplished. When entering the inlet we saw that the blade hub had numbers written near the recess where the blades are to be installed in 180 degree apart example #1 in the 12o'clock position and 2 in the 6o'clock position. The job card and figure drawing was showing to install them starting at the 6o'clock position due to weight of the blade. When looking at the numbers being offset by 180 degrees on the hub we believe we understood to install the blades 180 degrees to each other and match the numbers written on the blade while moving counter clockwise following the marked numbers we saw on the hub. We reviewed the Aircraft Maintenance Manual (AMM) as well for fan blade installation with a caution statement about the blades being in pairs. We believed we understood that numbers associated with the pairs on the hub where how they where removed initially and re installed according to the numbers on both the fan blade and hub and matched accordingly. We asked our inspector if this was being done correctly for me and my partner have not done the job before. When showing the way we understood installing the blades into the fan blade hub together he prompted to continue forward and ultimately approved the work being performed so we continued as such. We find out later on in the month that the aircraft came back from flight crew report due to high vibration on the ground. The plane came back to base and the problem was corrected promptly at base by another crew of mechanics.,Air carrier technicians reported that they installed the fan blades incorrectly which caused a high vibration on the engine while on the ground.,
2257557,ASRS Database Online custom search,turnover,202504,Operator: Air Carrier | Make/Model: Commercial Fixed Wing,Component: Pressurization System | Problem: Malfunctioning,Function: Technician  | Human Factors: Other / Unknown ,,Contributing Factors: Aircraft; Human Factors; Procedure | Primary Problem: Procedure,Vent blower fault at 2;000 feet.Vent skin valve fault after takeoff.Cause: Inbound flight XXXX after landing gear extension LMLG (Left Main Landing Gear) door did not close. The shift on Day 0 removed and replaced LMLG door uplock. The turnover to the next shift was down to ops checks. Per AMM; avionics vent fans were disabled to affect applicable air/ground mode. The skin outlet valve was found to be in locked out position. After completion of ops check for LMLG door uplock; the connector for the skin outlet valve was overlooked leaving the valve inoperative. The aircraft did not pressurize after takeoff and returned to the base. Suggestions: Short signing in more detail. Physical indicators of disconnected cannon plugs. Verification by other Technicians.,Air carrier Technician reported the aircraft did not pressurize after takeoff due to the skin outlet valve connector was found disconnected.,
2266526,ASRS Database Online custom search,turnover,202507,Operator: Air Carrier | Make/Model: A320,Component:  | Problem: ,Function: Technician  | Human Factors: Situational Awareness ,,Contributing Factors: Human Factors | Primary Problem: Human Factors,Aircraft X arrived in ZZZ from ZZZ1 operating as flight ABCD. Earlier in the day; we deferred the APU generator under MEL XX-XX-XXX. This MEL requires that an engine be left operating until ground AC power is connected and established at the gate. When the aircraft came to a stop; one ramp employee began entering the red safety area in the vicinity of the still operating engine. My colleague immediately gained this individual's attention and informed him that the engine was still operating. The ramp crews in ZZZ have been experiencing an ongoing high employee turnover rate. Coincident with the constant staffing changes; I have noticed a trend of 'lack of respect' for running aircraft engines. While not appearing malicious in nature; it appears that a significant percentage of ramp personnel simply do not appreciate the dangerous environment within which they operate on a daily basis. On multiple occasions; I have observed ramp personnel placing cones and walking in front of engines which had been shutdown less than just 2 or 3 seconds prior. Even though the engines were technically shut down in these instances; they had hardly even begun to spool down by this point. I have brought this fact to the attention of the individuals in question each time. However; it has always been a different individual on every occurrence. Again; while I don't feel the actions I've witnessed were committed with any ill intent; I do feel they exhibit a lack of awareness and a normalization of deviance.Also of note; inoperative APUs and inoperative APU generators result in a change from routine operating procedures. Engines may be running longer than anticipated; or they may need to be started out of the usual sequence. When able; at a minimum; a shift briefing or group huddle to discuss any specific issues should occur prior to the arrival and/or departure of aircraft which fall into this category. I believe this step may in fact already take place in our station. I am not privy to what specific training the ramp personnel currently receive regarding the hazards of engine ingestion and jet blast. I do feel; however; that a dedicated training module highlighting these particular threats is warranted before the next deviation claims a victim. Perhaps providing case studies of engine ingestion and jet blast events may drive the point home.,Technician reported a ramp employee walked into the red safety area while the engine was still on. Another Technician stopped the ramp employee. Reporter stated these types of events have become a common occurrence.,"Likely false positive: 'turnover' here refers to employee/staff attrition, not shift handover. Recommend excluding."
2329936,ASRS Database Online custom search,turnover,202602,Operator: Air Carrier | Make/Model: B777-200,Component: Powerplant Fire/Overheat Warning | Problem: Malfunctioning,Function: Technician  | Human Factors: Communication Breakdown; Time Pressure ,,Contributing Factors: Aircraft; Human Factors; Procedure | Primary Problem: Ambiguous,On Day 0 received turnover of aircraft XXXX from Day shift prior to beginning work at roughly XA:00; was informed to finish replacement of Engine 2 fire loop WXXXX from MXXXXX to MXXXXY. Received WDM (Wiring Diagram Manual) 26-XX-XX-X and referenced FIM (Fault Isolation Manual) 26-XX Task XXX from previous log page update. Ensured all clamps and attaching wires for WXXXX and shared clamps between WXXXY and WXXXXY were secured. Upon completion at 2000; performed AMM (Aircraft Maintenance Manual) 26-XX-XX-XXX-XXX Engine Fire Detection Operational Test; test did not pass and MEL message was still active; did not have enough ground time to perform further troubleshooting Aircraft was set to depart at XB:00. AMM reference 26-XX-XX-XXX-XXY for Engine Fire Detector Assembly Removal was not actively followed for the torque check and bonding meter check. FIM 26-XX Task XXX did not reference AMM 26-XX-XX-XXX-XXY for Engine Fire Detector Assembly Removal and only suggested the Amm 26-XX-XX-XXX-XXY for Engine Fire Detector Element Removal which did not apply to the maintenance being performed.Suggestion: More communicative updates with all relevant references for the job being performed; AMM verbiage better reflecting part being replaced to avoid confusion or misunderstanding; FIM referencing task that needs to be completed.,Technician reported while completing the replacement of the B777 number 2 engine fire loop; they did not follow the AMM reference for the torque check and bonding meter check due to the FIM task not referencing the AMM for the removal of the fire loop.,
2348068,ASRS Database Online custom search,turnover,202603,Operator: Fractional | Make/Model: Citation Longitude (C700),Component: Flap Control (Trailing & Leading Edge) | Problem: Malfunctioning,Function: Technician Technician | Human Factors: Time Pressure Time Pressure,,Contributing Factors: Procedure; Manuals; Company Policy; Aircraft | Primary Problem: Ambiguous,Day 23Statement on Aircraft X LH outboard flap maintenance. On Day 0/1 Aircraft X was input at ZZZ for R3. My crew accomplished the base checklist in which we discovered; and I created found faults for.1) LH wing OTBD (Outboard) upper split flap panel OTBD edge rubbing on bottom of aileron panel (Day 1)2) LH wing OTBD flap at INBD (Inboard) actuator fairing has excessive play in fairing. (Day 1) At the end of the shift; I gave a turnover about the damaged flap; and the actuator play at the fairing; to management during the shift turnover meeting and to the oncoming lead tech at the aircraft (as per SOP). As I recall now; I had even shown one of the on-coming managers the damaged flap and the play in the actuator at the inboard fairing. On the evening of Day 7; our first night back I was informed at the lead turnover meeting; that the flap needed to be removed for evaluation since the ETIC (Estimated Time in Commission) was Day 10. My crew consisted of 5 technicians; 3 of which I assigned leading edge/fuel tank inspection tasks and the remaining 2 the task of removing the LH outboard flap for evaluation. I provided the 2 technicians with the fault task card; maintenance manual procedure; and the illustrated parts manual for removal of the flaps. At which point my focus was then on the wing leading edges of which were found numerous cracks in the inner skins; and the inspection of the fuel tanks. The flap was removed and I was told that there appeared to be damage to the actual hinge assembly; and that numerous spacers appeared to have been damaged by the play; and possibly some were missing. Me and the QC (Quality Control) tech looked over the flap and agreed with the techs that this did appear to be what was occurring. I then created a found fault (LH OTBD flap removed FOM (Maintenance Facility) Day 7) linking it to the actuator play fault. I was going to order the parts that appeared to be needed but had seen that the day shift lead tech had ordered everything but two bolts and two nuts on Day 6. At this time I ordered the bolts and the nuts. Again; at the end of my shift; I gave a turnover to management during the shift turnover meeting and to the oncoming lead tech at the aircraft (as per SOP). Also; at the end of my shifts for the remaining two days; I gave a turnover at the shift meeting stating all the parts that were on back order which were the shims and bolts.This was the last time that me and my crew had any interaction with Aircraft X until our meeting to discuss why the flap was removed the way that it was.Suggestions: Management not wait 7 days to have technicians investigate a discrepancy if the due out time is in 10 days to where they are putting any shift/technician in a hurry up and get it done framework. Also when turnovers are given in meetings instead of the normal management shaking their heads and doing nothing; that they actually listen assigning someone in management to these large discrepancies to coordinate the way that these are worked from investigating the fault; through ordering of the parts; then verifying and expediting the acquisition of said parts instead of waiting to the last minute. Lead techs can only do so much with the resources that we have; and sometimes there are things that the resources available to management allow them to achieve at a more adequate/positive outcome. /// On Day 0; damage to an aircraft flap was identified; and the task was formally assigned on Day 6. With the aircraft scheduled for departure on Day 9; the timeline for assessment and corrective action was limited.Person A urgently requested assistance from myself and Person B to troubleshoot the unknown cause of the flap damage. Upon initial inspection; we identified noticeable play in the mount bolts connecting the flap surface to the outboard flap assembly.After careful evaluation; both technicians determined that a more detailed inspection of the mount bolt holes and associated bushings was required. This necessitated removal of the flap surface to allow for a thorough assessment. Following removal; excessive wear and elongation were discovered in the bolt holes; which had contributed to damage of the upper flap airfoil. Based on these findings; the flap surface hardware and bolt holes were found unserviceable.All hardware and shims were retained and temporarily reinstalled in their original positions following removal to preserve configuration integrity. A comprehensive turnover was conducted by Person C; both during shift handoff and at the morning meeting; ensuring the incoming team was fully informed of the worn flap surface attaching hardware and the status of the discrepancy.Suggestions: A follow-up review found that the current maintenance documentation does not clearly address flap removal from the location used; and no cautions were identified regarding removal via the four attachment bolts in configurations that include factory-installed shims.To help prevent this from happening again; maintenance personnel will be reminded to ensure the task being performed is clearly supported by approved data and to seek additional guidance whenever procedures are unclear or not specifically addressed. This event will be forwarded for review; with consideration given to updating the maintenance manual to better define approved removal methods; highlight configuration considerations such as shimming; and include a note or reference outlining proper removal and reinstallation procedures when accessing the flap from this location. This event will also be shared with maintenance teams to reinforce the importance of confirming procedures prior to disassembly; especially when working under time constraints.,Aircraft technicians reported they discovered damage on the CE-700 left outboard flap during an R3 check. They documented the discrepancies and turned it over to the incoming shift.,
